miRNA,rho,p,FDR
hsa-miR-139-3p,0.4334367385153881,0.000847051256373017,0.5559764259922532
hsa-miR-1260a,0.42444684383058867,0.0011130659179024087,0.5559764259922532
hsa-miR-6869-5p,-0.39311109001971056,0.0027256032223481465,0.7777400408542186
hsa-miR-99b-5p,0.38708261217850176,0.003207118393634236,0.7777400408542186
hsa-miR-125a-5p,0.3797275294018002,0.003895533592864187,0.7777400408542186
hsa-miR-6762-3p,-0.3700514008549351,0.004998095081694818,0.7777400408542186
hsa-miR-146a-3p,0.3666249282121099,0.005449629915895426,0.7777400408542186
hsa-miR-155-5p,0.3524281989096708,0.0077237892792178554,0.9164471256099551
hsa-let-7e-5p,0.3401127114696124,0.010325809724666006,0.9164471256099551
hsa-miR-125a-3p,0.3382718832536423,0.010773552450180586,0.9164471256099551
hsa-miR-4766-3p,-0.3324017867975954,0.012315146314899647,0.9164471256099551
hsa-miR-135b-5p,0.3315875271646666,0.012543304404989023,0.9164471256099551
hsa-miR-942-3p,-0.3311071402289079,0.012679608742155301,0.9164471256099551
hsa-miR-487b-5p,-0.3229956962387616,0.015180995067879571,0.9164471256099551
hsa-miR-2115-5p,-0.32233266467071753,0.015402946209047454,0.9164471256099551
hsa-miR-6793-5p,0.3220652864136988,0.015493233755127846,0.9164471256099551
hsa-miR-342-3p,0.313155477850818,0.018771788907856142,0.9164471256099551
hsa-miR-1304-3p,-0.30429135170635696,0.02260095032200402,0.9164471256099551
hsa-miR-3939,0.3036871961733397,0.02288436052402436,0.9164471256099551
hsa-miR-3691-5p,-0.3029245662567476,0.023246389813118256,0.9164471256099551
hsa-miR-139-5p,0.301284716346095,0.024041235560509626,0.9164471256099551
hsa-miR-490-5p,0.2923234982137823,0.028800381198657,0.9164471256099551
hsa-miR-208a-3p,-0.28957799992046185,0.03040737306740019,0.9164471256099551
hsa-miR-199b-5p,0.28742979297602933,0.031716356451074186,0.9164471256099551
hsa-miR-15a-3p,-0.2856622202293967,0.03282831475815069,0.9164471256099551
hsa-miR-6735-3p,0.2851892926211588,0.03313126767899762,0.9164471256099551
hsa-miR-6747-3p,0.2837778834728886,0.034049258724116,0.9164471256099551
hsa-miR-581,-0.28343573800648947,0.034274946281927454,0.9164471256099551
hsa-miR-181b-5p,0.28260622706200644,0.03482727324571873,0.9164471256099551
hsa-miR-126-3p,0.282229920501338,0.03508026005083868,0.9164471256099551
hsa-miR-146b-3p,0.2821272914393375,0.03514952042838352,0.9164471256099551
hsa-miR-6743-3p,-0.28208563277012233,0.03517766659763212,0.9164471256099551
hsa-miR-204-5p,0.28045101675999623,0.0362969238689857,0.9164471256099551
hsa-miR-3065-5p,0.28022522873082795,0.036453819211094744,0.9164471256099551
hsa-miR-3164,0.2780958176665408,0.03796131027411507,0.9164471256099551
hsa-miR-491-3p,-0.27534566261737187,0.03998413343745332,0.9164471256099551
hsa-miR-548aq-5p,-0.2741327066795989,0.04090411763858609,0.9164471256099551
hsa-miR-933,-0.2735509411945561,0.04135151205592498,0.9164471256099551
hsa-miR-345-3p,-0.2728392214229466,0.04190431466521703,0.9164471256099551
hsa-miR-4659a-5p,0.27227181442724574,0.042349369483859464,0.9164471256099551
hsa-miR-143-3p,0.26970917493727864,0.04440808596159903,0.9164471256099551
hsa-miR-6787-3p,0.2692925199426933,0.04475043888472252,0.9164471256099551
hsa-miR-9-5p,0.2672624857001375,0.04644954278018778,0.9164471256099551
hsa-miR-144-3p,-0.26396194746525137,0.049324429129051196,0.9164471256099551
hsa-miR-548ar-3p,-0.2638881505162456,0.049390330159865464,0.9164471256099551
hsa-miR-126-5p,0.26372247965391693,0.04953853653210687,0.9164471256099551
hsa-miR-299-3p,-0.2635922564958573,0.04965528628496818,0.9164471256099551
hsa-miR-412-5p,0.26355416429856654,0.04968947967519307,0.9164471256099551
hsa-miR-6772-3p,0.26237291469533,0.05075938750053006,0.9164471256099551
hsa-miR-5003-3p,-0.2622350087636399,0.0508855080162106,0.9164471256099551
hsa-miR-1273h-3p,0.26208491231953174,0.05102306700081219,0.9164471256099551
hsa-miR-23c,-0.2617229791688599,0.05135601306355785,0.9164471256099551
hsa-miR-1468-5p,-0.2614196886006353,0.0516363723504431,0.9164471256099551
hsa-miR-181d-5p,0.26078044654323634,0.05223135930267023,0.9164471256099551
hsa-miR-4678,0.2598460785412515,0.05311105305911353,0.9164471256099551
hsa-miR-150-5p,0.25913838155122854,0.05378531403462649,0.9164471256099551
hsa-miR-4745-3p,0.25851425453779076,0.05438570110304549,0.9164471256099551
hsa-miR-4726-5p,-0.25681394940643265,0.056048937818691004,0.9164471256099551
hsa-miR-4719,-0.2564859342511236,0.05637449006254174,0.9164471256099551
hsa-miR-760,0.2558320398671048,0.057028038986512264,0.9164471256099551
hsa-miR-181b-2-3p,0.25516293581165755,0.057703116471847275,0.9164471256099551
hsa-miR-671-5p,0.2540411381385376,0.0588494025792119,0.9164471256099551
hsa-miR-659-5p,0.25398586882982765,0.05890634987872986,0.9164471256099551
hsa-miR-3934-5p,-0.2535238393685044,0.05938414800266521,0.9164471256099551
hsa-miR-146a-5p,0.25328852501720084,0.05962869185650359,0.9164471256099551
hsa-miR-22-3p,-0.25130436315185806,0.061723115120900784,0.9291946625359813
hsa-miR-625-3p,0.24979913690918423,0.06335113547340271,0.9291946625359813
hsa-miR-548q,-0.24882542955082976,0.064422520071704,0.9291946625359813
hsa-miR-1306-5p,0.2487044269145124,0.06455667034048668,0.9291946625359813
hsa-miR-16-2-3p,-0.24767813629450752,0.06570350357202083,0.9291946625359813
hsa-miR-548j-3p,-0.2473807426754678,0.06603885989995463,0.9291946625359813
hsa-miR-4745-5p,-0.2444435554610016,0.06942512309098965,0.9322503825977866
hsa-miR-671-3p,0.24423965288412347,0.06966525104401897,0.9322503825977866
hsa-miR-10a-5p,0.24398349006248998,0.06996786249868255,0.9322503825977866
hsa-miR-4326,0.24345694052474584,0.07059318072107522,0.9322503825977866
hsa-miR-502-5p,-0.24275444293495757,0.07143437823787485,0.9322503825977866
hsa-miR-5683,0.24179473032725696,0.0725964565419158,0.9322503825977866
hsa-miR-197-5p,-0.24144366261007938,0.07302528844359744,0.9322503825977866
hsa-miR-548k,0.24077498797244248,0.07384765008844722,0.9322503825977866
hsa-miR-769-5p,0.23816784321579576,0.0771245178834822,0.9322503825977866
hsa-miR-4767,-0.23706297135233192,0.07854748887661268,0.9322503825977866
hsa-miR-338-3p,0.2370047138464569,0.07862309144964201,0.9322503825977866
hsa-miR-1260b,0.23602876666866057,0.07989818519096728,0.9322503825977866
hsa-miR-3680-5p,-0.23551464953974863,0.08057642670192876,0.9322503825977866
hsa-miR-96-3p,-0.23542346085238067,0.08069719914929496,0.9322503825977866
hsa-miR-4536-5p,-0.23539690046973583,0.0807324031987463,0.9322503825977866
hsa-miR-125b-5p,0.2350547616684477,0.0811869702562637,0.9322503825977866
hsa-miR-542-5p,0.23286932102480992,0.08413837530790935,0.9492334175305921
hsa-miR-146b-5p,0.2325574544931025,0.08456634050072342,0.9492334175305921
hsa-miR-4777-3p,-0.23015396950472805,0.08792225289168461,0.9613833038438232
hsa-miR-6815-5p,0.2299153211319716,0.08826108670538527,0.9613833038438232
hsa-miR-378d,-0.2297223608416341,0.08853579975338512,0.9613833038438232
hsa-miR-409-5p,-0.22803879846538572,0.09096115286529273,0.9770988356174993
hsa-miR-4754,-0.22576571931360506,0.09431778236772556,0.9863362615743116
hsa-miR-5193,0.22500863948434704,0.09545692314276806,0.9863362615743116
hsa-miR-200c-3p,0.22417608109639608,0.09672196363219121,0.9863362615743116
hsa-miR-641,-0.22352163647392656,0.09772548427281647,0.9863362615743116
hsa-miR-1224-5p,0.22280769360305627,0.09882944104008276,0.9863362615743116
hsa-miR-518f-3p,0.22181784084486533,0.10037600837155733,0.9863362615743116
hsa-miR-515-5p,0.2217181777668503,0.10053275719592177,0.9863362615743116
hsa-miR-6761-5p,0.22148312495839464,0.10090319616825359,0.9863362615743116
hsa-miR-205-5p,0.22061827361371256,0.10227529109658547,0.9863362615743116
hsa-miR-4685-3p,0.21953857018593928,0.10400845022586735,0.9863362615743116
hsa-miR-766-3p,0.21854396627093184,0.10562499189772699,0.9863362615743116
hsa-miR-6509-5p,-0.21741128852441452,0.10748946191562697,0.9863362615743116
hsa-miR-142-3p,0.2165815305083601,0.10887130332358752,0.9863362615743116
hsa-miR-223-5p,0.21528156238968726,0.11106361512060359,0.9863362615743116
hsa-miR-129-5p,0.21520509844347263,0.11119361350425079,0.9863362615743116
hsa-miR-551a,0.21416666910468557,0.11297065263552074,0.9863362615743116
hsa-miR-1179,0.21374577901616168,0.11369707485450681,0.9863362615743116
hsa-miR-10398-5p,-0.21339192016513964,0.11431056838888079,0.9863362615743116
hsa-miR-4536-3p,-0.21252058856277933,0.11583200966912674,0.9863362615743116
hsa-miR-193b-3p,-0.21202981308908297,0.11669574130259787,0.9863362615743116
hsa-miR-29b-2-5p,-0.21195357128477943,0.11683036174801831,0.9863362615743116
hsa-miR-1306-3p,0.21141586772100227,0.11778315507444391,0.9863362615743116
hsa-miR-101-3p,-0.21069746428699884,0.11906537545002757,0.9863362615743116
hsa-miR-2276-3p,0.2101898913620799,0.11997769181078827,0.9863362615743116
hsa-miR-3150a-3p,-0.20986098165208558,0.12057171180508636,0.9863362615743116
hsa-miR-23a-3p,0.209808012416328,0.12066758449234716,0.9863362615743116
hsa-miR-574-3p,0.2088159314836566,0.12247395231416454,0.9863362615743116
hsa-miR-664a-3p,0.20844318686707317,0.12315792211019269,0.9863362615743116
hsa-miR-3150b-3p,0.2079727269399452,0.12402532883957708,0.9863362615743116
hsa-miR-5187-5p,0.2079085249623463,0.12414405907345594,0.9863362615743116
hsa-miR-711,-0.20697448886554035,0.12588115668264285,0.9863362615743116
hsa-miR-223-3p,0.20631862430831147,0.12711187206497668,0.9863362615743116
hsa-miR-3191-5p,0.20586103715013393,0.12797589853407776,0.9863362615743116
hsa-miR-589-3p,0.20573112762434617,0.12822200367319397,0.9863362615743116
hsa-miR-491-5p,0.2046563389204128,0.13027185668458974,0.9863362615743116
hsa-miR-548aw,0.2042737107816051,0.13100754484094881,0.9863362615743116
hsa-miR-5697,0.2037234205289064,0.13207108506058451,0.9863362615743116
hsa-miR-148a-5p,-0.2033956466494531,0.13270765214299113,0.9863362615743116
hsa-miR-182-3p,-0.2029406590720957,0.1335951033773422,0.9863362615743116
hsa-miR-5188,-0.20276729611055286,0.13393441862700334,0.9863362615743116
hsa-miR-6735-5p,0.20163046194363302,0.13617556369181602,0.9863362615743116
hsa-miR-4433b-5p,0.20111875183362016,0.13719347832296525,0.9863362615743116
hsa-miR-3155b,0.20099652543478835,0.1374374577612514,0.9863362615743116
hsa-let-7f-2-3p,-0.20056980134291738,0.13829180291922555,0.9863362615743116
hsa-miR-34b-3p,-0.20032815282000274,0.13877736834778148,0.9863362615743116
hsa-miR-627-3p,-0.20019512612408724,0.13904521453418237,0.9863362615743116
hsa-miR-4632-5p,-0.19996904629093396,0.13950130824252208,0.9863362615743116
hsa-miR-23b-3p,0.19851881559627446,0.14245365727486473,0.9863362615743116
hsa-miR-3163,-0.19748541826746802,0.1445856997317315,0.9863362615743116
hsa-miR-342-5p,0.19595643761276793,0.14778366349064906,0.9863362615743116
hsa-miR-937-3p,-0.19586251145962333,0.14798181505989003,0.9863362615743116
hsa-miR-1255b-5p,-0.1952346856122589,0.1493113790259546,0.9863362615743116
hsa-miR-664b-3p,0.1948796346357405,0.1500671913735067,0.9863362615743116
hsa-miR-1246,0.19274067205138523,0.15468059318501065,0.9863362615743116
hsa-miR-628-3p,0.19260053968757973,0.15498645002999703,0.9863362615743116
hsa-miR-454-5p,0.1923610718762453,0.1555101519500023,0.9863362615743116
hsa-miR-1307-5p,-0.1913689909435739,0.1576936852814446,0.9863362615743116
hsa-miR-3190-3p,0.19125914675994277,0.15793682931984657,0.9863362615743116
hsa-miR-4742-5p,0.18910233068076893,0.16276708408670318,0.9863362615743116
hsa-miR-7155-3p,-0.18873652576649624,0.16359694071640862,0.9863362615743116
hsa-miR-376a-3p,0.18816916599080216,0.16489016486655161,0.9863362615743116
hsa-miR-6741-3p,0.18811495308681472,0.16501412665569926,0.9863362615743116
hsa-miR-3679-5p,0.18778571064440155,0.1657684284185551,0.9863362615743116
hsa-miR-6820-3p,0.18725927984358337,0.16697972614930645,0.9863362615743116
hsa-miR-3667-3p,-0.1864530740323933,0.16884728748651814,0.9863362615743116
hsa-miR-4659a-3p,0.18634902395819972,0.16908942288669498,0.9863362615743116
hsa-let-7i-3p,-0.18616911846888257,0.16950867885044607,0.9863362615743116
hsa-miR-488-3p,-0.1860714583104879,0.1697365853696092,0.9863362615743116
hsa-miR-296-3p,-0.18606607985008855,0.16974914340132827,0.9863362615743116
hsa-miR-433-3p,-0.1832277091195651,0.1764712044954854,0.9863362615743116
hsa-miR-1271-5p,-0.1831240462240485,0.17672030475358616,0.9863362615743116
hsa-miR-4677-5p,-0.18301968524512863,0.17697133962712608,0.9863362615743116
hsa-miR-494-3p,0.1825710887244236,0.17805335566524333,0.9863362615743116
hsa-miR-548u,-0.18216439826017486,0.1790384228904414,0.9863362615743116
hsa-miR-378a-5p,-0.18124292349285925,0.18128493821115294,0.9863362615743116
hsa-miR-877-5p,0.18116801194134932,0.18146845896073396,0.9863362615743116
hsa-miR-191-3p,0.18056181524444642,0.18295847067077656,0.9863362615743116
hsa-miR-451b,-0.18008270489004374,0.1841423279540264,0.9863362615743116
hsa-miR-1537-3p,0.17966058628559842,0.18518992055369812,0.9863362615743116
hsa-miR-106b-5p,-0.17960085850085145,0.18533849525792845,0.9863362615743116
hsa-miR-584-5p,0.17919034225284952,0.18636198583451982,0.9863362615743116
hsa-miR-27a-5p,0.179180758994546,0.18638592700153436,0.9863362615743116
hsa-miR-6511a-3p,0.1788005669958103,0.1873375162102176,0.9863362615743116
hsa-miR-4795-5p,0.17878512768815122,0.18737623304586978,0.9863362615743116
hsa-miR-6769b-3p,-0.1783177309812882,0.18855103339181603,0.9863362615743116
hsa-miR-4435,0.17830747435912078,0.18857687244869223,0.9863362615743116
hsa-miR-345-5p,0.17795879350884367,0.18945679916906005,0.9863362615743116
hsa-miR-6786-3p,0.17757071878603264,0.19043959336854505,0.9863362615743116
hsa-miR-2110,0.17734301913684075,0.1910179353297745,0.9863362615743116
hsa-miR-6780a-5p,0.17696433828790115,0.1919825395533353,0.9863362615743116
hsa-miR-221-5p,0.17689258171062136,0.19216571491153467,0.9863362615743116
hsa-miR-6740-5p,-0.17651132600556546,0.19314105351440772,0.9863362615743116
hsa-miR-181a-5p,0.17604305101816792,0.19434383709453812,0.9863362615743116
hsa-miR-497-5p,0.1757610331187703,0.1950707840121118,0.9863362615743116
hsa-miR-26b-3p,0.17563253477016597,0.19540265128452564,0.9863362615743116
hsa-miR-6515-3p,0.17513121274094326,0.1967012407599829,0.9863362615743116
hsa-miR-1180-5p,0.17442854678388028,0.1985316981888916,0.9863362615743116
hsa-miR-6514-3p,0.17424720564316581,0.1990060537509819,0.9863362615743116
hsa-miR-516b-5p,0.17406990386201593,0.19947062089965684,0.9863362615743116
hsa-miR-6503-5p,0.17328421832306234,0.2015385449898224,0.9863362615743116
hsa-miR-5189-3p,0.17319663326724996,0.20177000661316322,0.9863362615743116
hsa-let-7g-3p,-0.17299066585712694,0.20231506026051438,0.9863362615743116
hsa-miR-3614-3p,0.17298041866778863,0.20234220470655787,0.9863362615743116
hsa-miR-145-5p,0.17224577572414992,0.204294974151794,0.9863362615743116
hsa-miR-29b-3p,0.17084317854347658,0.20806017216714842,0.9863362615743116
hsa-miR-326,0.17068733226960162,0.20848153195393437,0.9863362615743116
hsa-miR-6806-3p,0.17057942700984813,0.20877362613399172,0.9863362615743116
hsa-miR-4746-5p,0.17030522442211182,0.20951717534527284,0.9863362615743116
hsa-miR-195-3p,0.17028346047252477,0.20957627190867814,0.9863362615743116
hsa-miR-548t-5p,-0.17018770906939473,0.20983640903799,0.9863362615743116
hsa-miR-152-3p,0.1700221460474727,0.2102867460485417,0.9863362615743116
hsa-miR-4753-5p,-0.1699442370221123,0.21049889625682255,0.9863362615743116
hsa-miR-148a-3p,-0.1693721619881363,0.21206129625381584,0.9863362615743116
hsa-miR-10b-5p,0.1692695329261358,0.2123424467778574,0.9863362615743116
hsa-miR-4659b-3p,0.16918756841250598,0.2125671750129092,0.9863362615743116
hsa-miR-196a-5p,0.16718274199879254,0.21811601339325998,0.9863362615743116
hsa-miR-3187-3p,0.1664415059926125,0.22019295323073473,0.9863362615743116
hsa-miR-221-3p,0.1662590804407882,0.22070621608696087,0.9863362615743116
hsa-miR-202-3p,0.16595448088592804,0.22156507846154042,0.9863362615743116
hsa-miR-3130-5p,-0.16534315536045655,0.22329581536410487,0.9863362615743116
hsa-miR-130b-5p,0.16448017669944642,0.22575497923519422,0.9863362615743116
hsa-miR-597-3p,-0.16383194813766264,0.22761450062217783,0.9863362615743116
hsa-miR-874-5p,-0.16306102292327096,0.22983976974246795,0.9863362615743116
hsa-miR-106b-3p,0.16290653108210565,0.23028751173401593,0.9863362615743116
hsa-miR-543,-0.16247688314460978,0.23153586753268304,0.9863362615743116
hsa-miR-4637,-0.16188908943255748,0.2332512753851847,0.9863362615743116
hsa-miR-556-5p,0.16177768021307845,0.23357739508472108,0.9863362615743116
hsa-miR-197-3p,0.16064869171809493,0.23689992384394767,0.9863362615743116
hsa-miR-1238-3p,0.1606151165185201,0.23699922768728213,0.9863362615743116
hsa-miR-550a-5p,-0.16012628802633636,0.23844825255648133,0.9863362615743116
hsa-miR-2355-3p,-0.159731311180017,0.2396235052196395,0.9863362615743116
hsa-miR-28-3p,0.1593829332867556,0.2406633921746125,0.9863362615743116
hsa-miR-4660,0.1589757190873902,0.24188281301456813,0.9863362615743116
hsa-miR-3120-3p,0.15840678537768907,0.24359357521266903,0.9863362615743116
hsa-miR-6882-3p,0.15828644928861593,0.24395647719281927,0.9863362615743116
hsa-miR-18a-3p,0.15818559423008324,0.24426091363711727,0.9863362615743116
hsa-miR-340-3p,-0.15808296516808276,0.24457097103687878,0.9863362615743116
hsa-miR-570-3p,0.15734013605845082,0.24682317122908679,0.9863362615743116
hsa-miR-597-5p,0.15728670074821557,0.24698572554854747,0.9863362615743116
hsa-let-7b-3p,-0.1570908842354114,0.24758203720628286,0.9863362615743116
hsa-miR-30a-3p,0.1569198357987439,0.24810372459513494,0.9863362615743116
hsa-miR-192-5p,-0.15674878736207642,0.24862615903319796,0.9863362615743116
hsa-miR-138-1-3p,0.15636831393285433,0.2497909217343647,0.9863362615743116
hsa-miR-3611,-0.15593552142571251,0.25112034928573596,0.9863362615743116
hsa-miR-1247-5p,0.1558787207558386,0.25129518190313743,0.9863362615743116
hsa-let-7i-5p,0.15582512580407207,0.25146022297546816,0.9863362615743116
hsa-let-7e-3p,0.155801634887312,0.25153258440443543,0.9863362615743116
hsa-miR-3200-5p,0.15511732542045328,0.25364672850680714,0.9863362615743116
hsa-miR-616-5p,0.1546597906987144,0.2550669500791191,0.9863362615743116
hsa-miR-151a-3p,0.1541146414373973,0.2567661371284111,0.9863362615743116
hsa-miR-1226-3p,-0.1524302068370987,0.2620645652308774,0.9863362615743116
hsa-miR-548aq-3p,-0.15197311557018375,0.26351492889469635,0.9863362615743116
hsa-miR-4766-5p,0.15194157946936135,0.26361519194117844,0.9863362615743116
hsa-miR-328-3p,0.15182259238605308,0.2639937190902081,0.9863362615743116
hsa-miR-425-5p,0.15158312457471865,0.26475662897961827,0.9863362615743116
hsa-miR-3074-5p,0.15137786645071766,0.2654117259695747,0.9863362615743116
hsa-miR-18b-3p,-0.1507757685306248,0.26733962303647674,0.9863362615743116
hsa-miR-29a-3p,0.1503173661433793,0.268813670715571,0.9863362615743116
hsa-miR-3613-5p,-0.1501805273940453,0.26925474118713244,0.9863362615743116
hsa-miR-3605-3p,-0.15014631770671183,0.2693650841897871,0.9863362615743116
hsa-miR-1276,0.1495036384823996,0.2714436454762123,0.9863362615743116
hsa-miR-141-5p,0.14911162407150294,0.27271673222128284,0.9863362615743116
hsa-miR-4667-5p,-0.1488435636776891,0.2735895538564437,0.9863362615743116
hsa-miR-4772-5p,-0.14872552282151832,0.27397449026353066,0.9863362615743116
hsa-miR-6862-5p,0.14862908301042196,0.2742892515698203,0.9863362615743116
hsa-miR-6807-5p,-0.1483351132196056,0.27525019424619307,0.9863362615743116
hsa-miR-3198,0.14821479904449758,0.27564412628172413,0.9863362615743116
hsa-miR-7113-5p,-0.14805561797536917,0.2761658903348237,0.9863362615743116
hsa-miR-7852-3p,0.14795772757498618,0.2764870805383024,0.9863362615743116
hsa-miR-4755-3p,-0.14695771046163045,0.2797824343631725,0.9863362615743116
hsa-miR-3667-5p,0.1468782648530203,0.2800453389715927,0.9863362615743116
hsa-miR-6850-5p,-0.14680614803807596,0.28028413205968983,0.9863362615743116
hsa-miR-6734-5p,-0.1464858811620278,0.28134622306138857,0.9863362615743116
hsa-miR-4454,-0.14628962773836068,0.2819983621453191,0.9863362615743116
hsa-miR-33a-5p,0.14621415426845152,0.28224942130380165,0.9863362615743116
hsa-miR-6825-5p,-0.1451479139488127,0.28581196079352805,0.9863362615743116
hsa-miR-548ag,-0.14438807875241336,0.28836867920596315,0.9863362615743116
hsa-miR-656-3p,-0.14430005876988927,0.28866581721085344,0.9863362615743116
hsa-miR-17-3p,0.1440569933613496,0.2894873991225815,0.9863362615743116
hsa-let-7b-5p,0.14357805773868068,0.29111071738938943,0.9863362615743116
hsa-miR-31-5p,0.14340237235381323,0.2917076789782697,0.9863362615743116
hsa-miR-6764-5p,0.14302912272151316,0.2929785964399574,0.9863362615743116
hsa-miR-195-5p,0.14292807367934424,0.29332328950690745,0.9863362615743116
hsa-miR-101-5p,0.14269721203042465,0.29411178434141455,0.9863362615743116
hsa-miR-5000-3p,0.14252228648700235,0.29471015155447416,0.9863362615743116
hsa-miR-532-3p,-0.1418333636846724,0.29707445286907663,0.9863362615743116
hsa-miR-10b-3p,0.1417307346226719,0.2974277155203361,0.9863362615743116
hsa-miR-6730-3p,-0.14170156919381166,0.2975281565148905,0.9863362615743116
hsa-miR-660-3p,-0.1415936357857319,0.29790005324099117,0.9863362615743116
hsa-miR-4670-5p,-0.1415211167059376,0.2981500953672223,0.9863362615743116
hsa-miR-556-3p,0.1408815080847588,0.3003613321331844,0.9863362615743116
hsa-miR-4464,-0.14068941512814157,0.3010274994752919,0.9863362615743116
hsa-miR-4533,0.14054673771193446,0.30152291515005486,0.9863362615743116
hsa-miR-20a-5p,-0.14049918587866608,0.30168814549325723,0.9863362615743116
hsa-miR-580-3p,-0.1403074246767595,0.30235506049692856,0.9863362615743116
hsa-miR-544a,-0.14027515296173804,0.30246739003196055,0.9863362615743116
hsa-miR-3157-5p,0.14021526096934467,0.3026759301333573,0.9863362615743116
hsa-miR-548b-5p,0.14016844914994553,0.3028389905969842,0.9863362615743116
hsa-miR-486-3p,0.14012287931799763,0.3029977793452529,0.9863362615743116
hsa-miR-20b-5p,-0.13991762119399667,0.3037136710771633,0.9863362615743116
hsa-miR-6783-5p,-0.1398924004299491,0.3038017104134254,0.9863362615743116
hsa-miR-200b-5p,-0.13832030119783192,0.3093220343723204,0.9863362615743116
hsa-miR-3200-3p,0.1367019105846481,0.315071768686056,0.9863362615743116
hsa-miR-5189-5p,0.13621904787861155,0.31680039268906957,0.9863362615743116
hsa-miR-7849-3p,0.13559264181628408,0.3190518867673614,0.9863362615743116
hsa-miR-3150b-5p,-0.13556281072660886,0.3191593620820648,0.9863362615743116
hsa-miR-216a-5p,-0.13543229885829694,0.3196298403873049,0.9863362615743116
hsa-miR-194-3p,-0.13536558054732778,0.319870521453979,0.9863362615743116
hsa-miR-548e-3p,-0.13530533174799253,0.32008796322431055,0.9863362615743116
hsa-miR-149-5p,0.13523320493772203,0.3203483970066411,0.9863362615743116
hsa-miR-4717-3p,0.13495220802724062,0.32136429751871753,0.9863362615743116
hsa-miR-652-3p,0.13478616809397231,0.3219655490389105,0.9863362615743116
hsa-miR-4729,0.1347821107106226,0.32198025026089605,0.9863362615743116
hsa-miR-181a-3p,0.13471774871930534,0.322213511676829,0.9863362615743116
hsa-miR-4750-5p,0.13450347931194565,0.32299084119677723,0.9863362615743116
hsa-miR-379-3p,0.13434020107299716,0.3235839813574154,0.9863362615743116
hsa-miR-3688-3p,-0.13393092591063493,0.3250737830498109,0.9863362615743116
hsa-miR-206,-0.13386250653596793,0.32532325877060597,0.9863362615743116
hsa-miR-6866-5p,-0.1338528343854891,0.3253585358348178,0.9863362615743116
hsa-miR-3158-5p,-0.1338398365513066,0.3254059464152115,0.9863362615743116
hsa-miR-499a-5p,-0.13369145809930047,0.3259474774873061,0.9863362615743116
hsa-miR-499b-5p,-0.13344820319509634,0.32683650664269537,0.9863362615743116
hsa-miR-499a-3p,-0.13344820319509634,0.32683650664269537,0.9863362615743116
hsa-miR-511-5p,-0.13331832317049647,0.32731180831707984,0.9863362615743116
hsa-miR-561-5p,-0.1328193146818037,0.3291420062169563,0.9863362615743116
hsa-miR-940,0.13266087147927946,0.3297244689431386,0.9863362615743116
hsa-miR-3605-5p,-0.1324709811531853,0.3304233905562772,0.9863362615743116
hsa-miR-548a-3p,0.13175883887509937,0.33305283696430527,0.9863362615743116
hsa-miR-495-3p,0.13166853175298088,0.3333872136979779,0.9863362615743116
hsa-miR-582-5p,-0.1311400616102757,0.33534817881273893,0.9863362615743116
hsa-miR-455-5p,0.13108374580946447,0.33555757155583466,0.9863362615743116
hsa-miR-1908-5p,-0.13098889279995432,0.3359104378071845,0.9863362615743116
hsa-miR-95-3p,0.13064679592661937,0.33718501266233825,0.9863362615743116
hsa-miR-338-5p,0.12998811930898582,0.3396475878630529,0.9863362615743116
hsa-miR-431-3p,0.12990143404281917,0.33997250805076507,0.9863362615743116
hsa-miR-769-3p,0.12978428285365923,0.3404119304693246,0.9863362615743116
hsa-miR-2116-5p,-0.12969737332205186,0.3407381478584271,0.9863362615743116
hsa-miR-3913-5p,0.1296205053066145,0.34102683625446173,0.9863362615743116
hsa-miR-548ay-3p,-0.12873377989189688,0.3443680543912752,0.9863362615743116
hsa-miR-490-3p,0.12822703830092813,0.34628656220799986,0.9863362615743116
hsa-miR-4687-5p,0.12773642051714565,0.3481503161303147,0.9863362615743116
hsa-miR-330-5p,-0.12768533406918542,0.3483447384076182,0.9863362615743116
hsa-miR-4688,0.12670847946581262,0.3520752972129531,0.9863362615743116
hsa-miR-1262,0.1264946937159727,0.3528950008564617,0.9863362615743116
hsa-miR-19b-3p,-0.12619953657326494,0.3540286274904954,0.9863362615743116
hsa-miR-4511,0.12562173895079182,0.3562542720690823,0.9863362615743116
hsa-miR-5001-3p,-0.12539592858858467,0.3571264056217209,0.9863362615743116
hsa-miR-664a-5p,0.12537850407726103,0.35719375751358484,0.9863362615743116
hsa-miR-7110-3p,0.12524689097153083,0.357702739770381,0.9863362615743116
hsa-miR-335-3p,0.125141174718489,0.3581118932769741,0.9863362615743116
hsa-miR-3188,0.1247422204194438,0.35965854193332397,0.9863362615743116
hsa-miR-4738-3p,0.12442312088322936,0.3608985436086147,0.9863362615743116
hsa-miR-299-5p,-0.12370255728704246,0.3637081839505896,0.9863362615743116
hsa-miR-3683,-0.12292309775744575,0.3667623982203189,0.9863362615743116
hsa-miR-6868-3p,-0.12284673443338143,0.3670624517746518,0.9863362615743116
hsa-miR-487b-3p,0.1221086513781794,0.36997025179684206,0.9863362615743116
hsa-let-7d-5p,0.1220259547185785,0.3702969131876014,0.9863362615743116
hsa-miR-3136-5p,-0.12143878515103843,0.3726213045007522,0.9863362615743116
hsa-miR-642b-5p,-0.12138566972657348,0.37283200161199914,0.9863362615743116
hsa-miR-122b-5p,-0.12126573708603369,0.37330801154806253,0.9863362615743116
hsa-miR-4749-5p,-0.12080420602164459,0.3751432267642766,0.9863362615743116
hsa-miR-3657,-0.12059153485313891,0.3759907049000766,0.9863362615743116
hsa-miR-214-5p,0.12042696062939104,0.37664730814681147,0.9863362615743116
hsa-miR-6800-3p,-0.12029436554124266,0.3771768236997763,0.9863362615743116
hsa-miR-548at-5p,0.11998055330456012,0.3784318018598949,0.9863362615743116
hsa-miR-19a-3p,-0.1197681153545678,0.3792827869133087,0.9863362615743116
hsa-miR-301b-3p,0.11922403046551525,0.38146749635309213,0.9863362615743116
hsa-miR-33a-3p,-0.11896010764119443,0.38252994549921776,0.9863362615743116
hsa-miR-1292-5p,-0.1188786634838969,0.3828581631359709,0.9863362615743116
hsa-miR-4799-5p,-0.1185987237658812,0.38398759054449455,0.9863362615743116
hsa-miR-181c-5p,0.11834197957459004,0.3850251749508784,0.9863362615743116
hsa-miR-7-1-3p,0.11820254947676799,0.3855893532915994,0.9863362615743116
hsa-miR-466,0.1169084898668982,0.3908489107951107,0.9863362615743116
hsa-miR-487a-3p,-0.11686635782465293,0.39102086039574135,0.9863362615743116
hsa-miR-182-5p,-0.11686029193122069,0.39104562024097583,0.9863362615743116
hsa-miR-376a-5p,0.11600080156120253,0.3945632467594514,0.9863362615743116
hsa-miR-532-5p,-0.11583400131121582,0.3952480571228356,0.9863362615743116
hsa-miR-1180-3p,0.11494454944054493,0.39891153793731016,0.9863362615743116
hsa-miR-6884-5p,0.11473945104501869,0.3997591084084242,0.9863362615743116
hsa-miR-1-5p,0.11473064026742646,0.399795542568969,0.9863362615743116
hsa-miR-3154,0.11462226691694408,0.4002438447257436,0.9863362615743116
hsa-let-7a-3p,-0.11453403319254297,0.4006090531641897,0.9863362615743116
hsa-miR-6721-5p,0.11411814692224423,0.40233306749364584,0.9863362615743116
hsa-miR-219a-1-3p,-0.11406480727122546,0.4025544940096327,0.9863362615743116
hsa-miR-27b-3p,0.11402088788254054,0.40273686790121505,0.9863362615743116
hsa-miR-4635,-0.11391441134917284,0.40317920812591196,0.9863362615743116
hsa-miR-615-3p,-0.11368426669216296,0.40413627431661475,0.9863362615743116
hsa-miR-3133,-0.11366276670143013,0.4042257503624867,0.9863362615743116
hsa-miR-125b-1-3p,0.11353782162770554,0.4047459595433593,0.9863362615743116
hsa-miR-616-3p,-0.11352562562316261,0.40479675847958646,0.9863362615743116
hsa-miR-6810-5p,0.11346986060414496,0.4050290787698124,0.9863362615743116
hsa-miR-450a-1-3p,-0.11296281991557158,0.4071449916192286,0.9863362615743116
hsa-miR-708-3p,-0.11288356877811365,0.407476289601901,0.9863362615743116
hsa-miR-1197,-0.11242988417552141,0.40937585716318287,0.9863362615743116
hsa-miR-484,-0.11227619382853228,0.4100205143634688,0.9863362615743116
hsa-miR-758-3p,-0.11161480075449647,0.41280142526454927,0.9863362615743116
hsa-miR-655-3p,0.1115708139400541,0.41298675776593335,0.9863362615743116
hsa-miR-107,0.11149127621857728,0.41332200081924775,0.9863362615743116
hsa-miR-21-5p,0.11121569352119393,0.41448476342267054,0.9863362615743116
hsa-miR-2115-3p,0.11120568715364783,0.4145270185044078,0.9863362615743116
hsa-miR-3124-5p,0.11101685514998623,0.41532488602569284,0.9863362615743116
hsa-miR-383-5p,0.11096829568123961,0.4155302056781176,0.9863362615743116
hsa-miR-132-5p,-0.11094938973298046,0.41561015976253085,0.9863362615743116
hsa-miR-181c-3p,0.1107059085545861,0.41664064127962586,0.9863362615743116
hsa-miR-411-5p,-0.1106719589381042,0.41678444197352243,0.9863362615743116
hsa-miR-558,-0.11056839145828276,0.4172232994161071,0.9863362615743116
hsa-miR-185-3p,0.11049729008719052,0.4175247379903377,0.9863362615743116
hsa-miR-4504,-0.11048425422148728,0.4175800178612894,0.9863362615743116
hsa-miR-449a,-0.11047147724246016,0.4176342039652093,0.9863362615743116
hsa-miR-424-5p,-0.11042887071252352,0.41781492380888774,0.9863362615743116
hsa-miR-224-5p,0.10912890259385069,0.42335035639039986,0.9863362615743116
hsa-miR-4741,0.10903837012537061,0.4237374026390498,0.9863362615743116
hsa-miR-1285-3p,-0.10902627353185021,0.42378913347471975,0.9863362615743116
hsa-miR-5698,0.10886023535294861,0.4244995551689585,0.9863362615743116
hsa-miR-361-3p,0.10885522509518272,0.4245210028919048,0.9863362615743116
hsa-miR-1295a,-0.1088396838328077,0.42458753525925974,0.9863362615743116
hsa-miR-487a-5p,-0.10877905451516917,0.4248471468556732,0.9863362615743116
hsa-miR-6739-3p,0.10874439744211946,0.42499558712670227,0.9863362615743116
hsa-miR-361-5p,0.10861575728384826,0.4255468252998395,0.9863362615743116
hsa-miR-1343-3p,-0.10837396285895584,0.4265840398660967,0.9863362615743116
hsa-miR-3922-3p,-0.1079682645253372,0.42832755998774924,0.9863362615743116
hsa-miR-99b-3p,0.10765396359168672,0.4296810584357766,0.9863362615743116
hsa-miR-144-5p,-0.1075210472891764,0.4302541719100843,0.9863362615743116
hsa-miR-199a-5p,0.10734999885250894,0.4309923391980737,0.9863362615743116
hsa-miR-6516-5p,0.10679018562301347,0.43341322413864786,0.9863362615743116
hsa-miR-495-5p,0.10649920778526265,0.434674556138796,0.9863362615743116
hsa-miR-6758-3p,0.10579566971676643,0.43773275283560087,0.9863362615743116
hsa-miR-6758-5p,0.10547135391104673,0.4391465561858032,0.9863362615743116
hsa-miR-320c,0.10540004667449968,0.43945775024495437,0.9863362615743116
hsa-miR-548i,-0.10490305464532088,0.44163010256393825,0.9863362615743116
hsa-miR-432-5p,0.10468164324049627,0.44259981267764675,0.9863362615743116
hsa-miR-1277-3p,-0.10457978163806782,0.44304633062806964,0.9863362615743116
hsa-miR-4804-3p,-0.10374480267833769,0.44671594291053796,0.9863362615743116
hsa-miR-1225-5p,-0.10355937595714505,0.4475331413816845,0.9863362615743116
hsa-miR-27a-3p,0.10351851387115743,0.4477133366365706,0.9863362615743116
hsa-miR-3614-5p,0.10330743021194985,0.4486448197279248,0.9863362615743116
hsa-miR-33b-5p,-0.10324115250942782,0.4489375145080089,0.9863362615743116
hsa-miR-500a-5p,-0.10277669438848193,0.45099160116630976,0.9863362615743116
hsa-miR-15b-5p,-0.10211591669048412,0.4539228091367308,0.9863362615743116
hsa-miR-4732-3p,-0.10197907794115012,0.45453112780674665,0.9863362615743116
hsa-miR-4690-3p,-0.1019052777014562,0.4548593931005836,0.9863362615743116
hsa-miR-610,0.10172253315432507,0.45567280370143726,0.9863362615743116
hsa-miR-24-3p,0.10129488419448023,0.45757940882528864,0.9863362615743116
hsa-miR-889-3p,-0.10118850617478377,0.45805435343190315,0.9863362615743116
hsa-miR-6505-5p,-0.10104636735618139,0.45868937813441524,0.9863362615743116
hsa-miR-4429,-0.10100257858512772,0.45888510708374974,0.9863362615743116
hsa-let-7f-5p,0.10088436794647827,0.45941371722837165,0.9863362615743116
hsa-miR-6884-3p,-0.10070259827213109,0.46022719470233686,0.9863362615743116
hsa-miR-421,0.10023438388714186,0.4623262065710914,0.9863362615743116
hsa-miR-374b-3p,0.09993496977332184,0.46367120097087156,0.9863362615743116
hsa-miR-3139,-0.09949779346579393,0.4656388337931232,0.9863362615743116
hsa-let-7a-5p,0.09934493201647097,0.4663278913716567,0.9863362615743116
hsa-miR-1270,-0.0992097885958497,0.46693753881989564,0.9863362615743116
hsa-miR-598-3p,0.09920809326713699,0.46694518936973783,0.9863362615743116
hsa-miR-618,-0.09898544643455917,0.46795051995691317,0.9863362615743116
hsa-miR-493-3p,-0.09887145369735635,0.4684656888948954,0.9863362615743116
hsa-miR-3157-3p,-0.09882291505030243,0.4686851428615704,0.9863362615743116
hsa-miR-203a-3p,0.09872892521401758,0.4691102488784974,0.9863362615743116
hsa-miR-323a-3p,0.09850847802129283,0.4701081207615599,0.9863362615743116
hsa-miR-624-5p,-0.09821601233446563,0.4714337470982907,0.9863362615743116
hsa-miR-219b-5p,0.09820212116077791,0.47149675985796174,0.9863362615743116
hsa-miR-3140-3p,0.0979370728394071,0.47269992903307956,0.9863362615743116
hsa-miR-501-3p,0.09790812514846416,0.47283143458013893,0.9863362615743116
hsa-miR-628-5p,0.09718972171446076,0.476101308597951,0.9863362615743116
hsa-miR-486-5p,0.09715551202712726,0.47625731675051897,0.9863362615743116
hsa-miR-3173-5p,0.0971400671441087,0.47632775974480307,0.9863362615743116
hsa-miR-489-3p,0.09700205185376957,0.4769574837570205,0.9863362615743116
hsa-miR-625-5p,0.09643710859312385,0.4795397685317119,0.9863362615743116
hsa-miR-92a-3p,0.09643710859312385,0.4795397685317119,0.9863362615743116
hsa-miR-5581-3p,-0.09624523271478519,0.48041849257074776,0.9863362615743116
hsa-miR-4503,-0.09584617607646662,0.48224875961457525,0.9863362615743116
hsa-miR-127-3p,0.09575946048783607,0.48264696600117346,0.9863362615743116
hsa-miR-3613-3p,-0.0956324193287746,0.48323066471082116,0.9863362615743116
hsa-miR-147b-5p,-0.0952822453946817,0.4848414876809168,0.9863362615743116
hsa-miR-569,0.09519727799407289,0.48523276905968066,0.9863362615743116
hsa-miR-6875-5p,-0.09517377109642566,0.48534104946088963,0.9863362615743116
hsa-miR-4662b,0.09486590071655095,0.48676037331462785,0.9863362615743116
hsa-miR-382-3p,0.09419612145652533,0.48985565972164996,0.9863362615743116
hsa-miR-125b-2-3p,0.0940782478064092,0.49040145859634204,0.9863362615743116
hsa-miR-191-5p,0.09390559173044519,0.49120149380625094,0.9863362615743116
hsa-miR-4714-3p,0.09369639846290317,0.49217174321414014,0.9863362615743116
hsa-miR-4732-5p,-0.09352928516977672,0.49294754073656727,0.9863362615743116
hsa-miR-485-5p,0.09328865520569014,0.49406574569131045,0.9863362615743116
hsa-miR-6513-5p,-0.09314620886599478,0.4947283132961212,0.9863362615743116
hsa-miR-103a-2-5p,0.09309681210960596,0.4949581825779515,0.9863362615743116
hsa-miR-204-3p,0.09301271145204897,0.4953496750757511,0.9863362615743116
hsa-miR-374a-3p,-0.09277667204843983,0.49644930756103356,0.9863362615743116
hsa-miR-17-5p,-0.09243457517510488,0.4980452707205455,0.9863362615743116
hsa-miR-142-5p,-0.09243457517510488,0.4980452707205455,0.9863362615743116
hsa-miR-6511b-5p,-0.09243193181419658,0.498057612947896,0.9863362615743116
hsa-miR-4473,0.09216439755288368,0.499307586019504,0.9863362615743116
hsa-miR-6815-3p,-0.09197372467067799,0.5001994348323029,0.9863362615743116
hsa-miR-4797-5p,0.09133262095983681,0.5032041306139723,0.9863362615743116
hsa-miR-301a-5p,0.09127318065997772,0.503483181339871,0.9863362615743116
hsa-miR-3150a-5p,-0.09099293102584365,0.504799921237124,0.9863362615743116
hsa-miR-200c-5p,-0.09082615806110463,0.5055843326385537,0.9863362615743116
hsa-miR-6729-3p,0.09076732473800295,0.5058612020726305,0.9863362615743116
hsa-let-7c-5p,0.09062146174642963,0.5065479671888837,0.9863362615743116
hsa-miR-4762-3p,0.09049436573796088,0.507146760116961,0.9863362615743116
hsa-miR-99a-5p,0.09041620362242865,0.5075151880606416,0.9863362615743116
hsa-miR-5589-3p,0.09039741205440438,0.5076037850772049,0.9863362615743116
hsa-miR-5090,-0.09017470300838762,0.5086543969497067,0.9863362615743116
hsa-miR-148b-5p,0.0901083164364272,0.5089677844156161,0.9863362615743116
hsa-miR-1273h-5p,0.08998208963895722,0.5095639274671359,0.9863362615743116
hsa-miR-5583-3p,-0.08986522839096561,0.5101161555079674,0.9863362615743116
hsa-miR-4526,-0.08973758252077144,0.5107196937904342,0.9863362615743116
hsa-miR-5196-3p,0.08957879403467787,0.5114709872838964,0.9863362615743116
hsa-miR-3682-3p,-0.08932211891923615,0.5126866074130649,0.9863362615743116
hsa-miR-4638-3p,-0.08921311309327623,0.513203304250883,0.9863362615743116
hsa-miR-496,0.08908013513552215,0.5138339877287702,0.9863362615743116
hsa-miR-519a-5p,-0.08836988896195982,0.5172091446052578,0.9863362615743116
hsa-miR-320b,0.08832941269508542,0.5174018270957647,0.9863362615743116
hsa-miR-3177-3p,0.08821961550313102,0.5179246854561654,0.9863362615743116
hsa-miR-627-5p,0.08795310613441697,0.5191949170073078,0.9863362615743116
hsa-miR-215-3p,0.08795284190278312,0.5191961771579928,0.9863362615743116
hsa-miR-138-5p,-0.08762240659120342,0.5207732608159117,0.9863362615743116
hsa-miR-6837-3p,0.08741978248226775,0.5217415188851962,0.9863362615743116
hsa-miR-28-5p,0.08733733176241405,0.5221357747351474,0.9863362615743116
hsa-miR-4659b-5p,0.08727701641453152,0.5224242797842522,0.9863362615743116
hsa-miR-4433b-3p,0.08721752905179016,0.5227089023106052,0.9863362615743116
hsa-miR-941,0.08709786395107957,0.5232816849071331,0.9863362615743116
hsa-miR-151a-5p,0.08709786395107957,0.5232816849071331,0.9863362615743116
hsa-miR-1273c,0.08665341462543778,0.5254117994314883,0.9863362615743116
hsa-miR-4677-3p,-0.0866029319690739,0.5256540202760279,0.9863362615743116
hsa-miR-4999-5p,-0.08639854288459911,0.526635266496332,0.9863362615743116
hsa-miR-339-5p,0.08607157333107471,0.528206894176105,0.9863362615743116
hsa-miR-7855-5p,-0.08581287008033095,0.5294520331810084,0.9863362615743116
hsa-miR-128-3p,0.08572947645773976,0.5298537157086045,0.9863362615743116
hsa-miR-514a-3p,-0.08536542488200731,0.5316090058970302,0.9863362615743116
hsa-miR-1224-3p,0.08363937642974258,0.5399700116781216,0.9863362615743116
hsa-miR-376a-2-5p,0.08346154923693089,0.5408350288724247,0.9863362615743116
hsa-miR-3179,-0.08334069871933479,0.5414232743484199,0.9863362615743116
hsa-miR-576-5p,0.0831979595950611,0.5421184633233389,0.9863362615743116
hsa-miR-218-1-3p,-0.08311660693841529,0.5425148724316132,0.9863362615743116
hsa-miR-5094,0.0830770711147193,0.5427075703130719,0.9863362615743116
hsa-miR-11400,0.08269849882155725,0.5445544109490205,0.9863362615743116
hsa-miR-185-5p,0.08251376584839118,0.5454567194241762,0.9863362615743116
hsa-miR-643,0.08225378704005808,0.5467277782014724,0.9863362615743116
hsa-miR-1294,0.08203483022572225,0.5477993815855358,0.9863362615743116
hsa-miR-6821-5p,-0.08179274073769183,0.5489853727950353,0.9863362615743116
hsa-miR-3615,-0.0816243139777203,0.5498112175875892,0.9863362615743116
hsa-miR-217-5p,-0.08156441804255246,0.5501050479209983,0.9863362615743116
hsa-miR-548b-3p,0.08146351630800626,0.550600209538363,0.9863362615743116
hsa-miR-4422,-0.08146000917651508,0.5506174241452035,0.9863362615743116
hsa-miR-6763-5p,0.08142702947713866,0.550779316199383,0.9863362615743116
hsa-miR-150-3p,0.08142462163667376,0.5507911367935676,0.9863362615743116
hsa-miR-6805-5p,-0.08119395386275712,0.5519240954473559,0.9863362615743116
hsa-miR-6833-3p,-0.08076147773684132,0.5540512586843642,0.9863362615743116
hsa-miR-1228-3p,0.08015214085513493,0.5570549257760465,0.9863362615743116
hsa-miR-6513-3p,0.07981665641947894,0.558711947708083,0.9863362615743116
hsa-miR-503-5p,0.07964015211237756,0.5595846695973908,0.9863362615743116
hsa-miR-3661,-0.07949995320409714,0.5602783379051605,0.9863362615743116
hsa-miR-9-3p,0.07927706456414228,0.5613819667969515,0.9863362615743116
hsa-miR-652-5p,-0.07894142601983269,0.5630458003284122,0.9863362615743116
hsa-miR-374c-5p,0.07859106893245506,0.5647850592184749,0.9863362615743116
hsa-miR-4755-5p,-0.07857305703077039,0.564874542572727,0.9863362615743116
hsa-miR-23a-5p,-0.07857271668639473,0.5648762334716605,0.9863362615743116
hsa-let-7d-3p,0.07851123243037221,0.5651817383669603,0.9863362615743116
hsa-miR-362-3p,0.07828438974878815,0.5663095486475019,0.9863362615743116
hsa-miR-4648,-0.07778797574613543,0.5687812607479793,0.9863362615743116
hsa-miR-6791-3p,-0.07777414172660263,0.5688502138838294,0.9863362615743116
hsa-miR-153-3p,-0.07774881779342581,0.5689764464445473,0.9863362615743116
hsa-miR-145-3p,0.07738363510476275,0.5707982219642013,0.9863362615743116
hsa-miR-4686,-0.07738091546110897,0.5708117994876262,0.9863362615743116
hsa-miR-103b,0.07724547399903287,0.5714881651827481,0.9863362615743116
hsa-miR-196b-5p,-0.0771086352496989,0.5721718846573889,0.9863362615743116
hsa-miR-30d-5p,-0.07676653837636394,0.5738828338255051,0.9863362615743116
hsa-miR-548l,0.0760056959806832,0.5776965010027835,0.9863362615743116
hsa-miR-92a-1-5p,0.07599562568772833,0.5777470552565234,0.9863362615743116
hsa-miR-512-3p,0.07597081739405953,0.5778716049305594,0.9863362615743116
hsa-miR-1296-5p,0.07577187852699961,0.5788708183453048,0.9863362615743116
hsa-miR-6810-3p,-0.07570150321924458,0.579224482299633,0.9863362615743116
hsa-miR-10399-5p,0.07558261291549517,0.5798221772838864,0.9863362615743116
hsa-miR-214-3p,0.07544276951976651,0.5805255689239243,0.9863362615743116
hsa-miR-382-5p,0.07539815088302411,0.58075007579556,0.9863362615743116
hsa-miR-181a-2-3p,0.07529552182102363,0.5812666226838737,0.9863362615743116
hsa-miR-106a-5p,0.07447448932501974,0.5854064970870995,0.9863362615743116
hsa-miR-3680-3p,-0.07440080454736815,0.5857786861187008,0.9863362615743116
hsa-miR-15a-5p,-0.07426923120101876,0.5864435413190504,0.9863362615743116
hsa-miR-660-5p,-0.07420081182635178,0.5867894065804253,0.9863362615743116
hsa-miR-2277-5p,0.07388586086700798,0.5883826914351893,0.9863362615743116
hsa-miR-1250-5p,0.07372910609094065,0.5891764112838207,0.9863362615743116
hsa-miR-25-3p,0.07355082776701535,0.5900796975833842,0.9863362615743116
hsa-miR-651-5p,-0.07341398901768137,0.590773441447467,0.9863362615743116
hsa-miR-650,-0.07338398682030364,0.5909255950504575,0.9863362615743116
hsa-miR-101-2-5p,0.07326936823774335,0.5915070347114139,0.9863362615743116
hsa-miR-147b-3p,0.07293716769272031,0.593193670365316,0.9863362615743116
hsa-miR-30e-5p,-0.07293505339501243,0.5932044118490707,0.9863362615743116
hsa-miR-3115,0.07285856856022356,0.5935930438209727,0.9863362615743116
hsa-miR-6505-3p,0.07256972769418019,0.5950617120853121,0.9863362615743116
hsa-miR-3143,-0.07255874683434398,0.5951175782299314,0.9863362615743116
hsa-miR-23b-5p,-0.07207023671108455,0.5976052694528385,0.9863362615743116
hsa-miR-6782-3p,0.07191893784578791,0.5983766749620193,0.9863362615743116
hsa-miR-4669,-0.07184308351496625,0.598763587616664,0.9863362615743116
hsa-miR-186-5p,-0.07149824652700563,0.6005238971420437,0.9863362615743116
hsa-miR-16-5p,-0.07139561746500514,0.601048232389042,0.9863362615743116
hsa-miR-3940-3p,-0.07064300434366824,0.6048994805183062,0.9863362615743116
hsa-miR-6852-5p,-0.07058645563297278,0.6051892836808469,0.9863362615743116
hsa-miR-3184-5p,0.07016406872099931,0.6073558594443733,0.9863362615743116
hsa-miR-190a-3p,-0.06995617969852641,0.6084234317192159,0.9863362615743116
hsa-miR-449c-5p,0.06928158775188815,0.6118932435680301,0.9863362615743116
hsa-miR-7977,0.06924324578672392,0.6120907135953858,0.9863362615743116
hsa-miR-10a-3p,0.06904224491618091,0.6131263627470039,0.9863362615743116
hsa-miR-3199,0.06898003053489242,0.6134470722424394,0.9863362615743116
hsa-miR-6730-5p,0.0688544087136659,0.6140948605124023,0.9863362615743116
hsa-miR-6766-3p,0.06878066476812517,0.6144752689513049,0.9863362615743116
hsa-miR-4773,0.06866618230898387,0.61506602690202,0.9863362615743116
hsa-miR-629-5p,-0.06862463279099199,0.6152804927824134,0.9863362615743116
hsa-miR-4644,-0.06843023062618475,0.6162843614233436,0.9863362615743116
hsa-miR-548n,0.06836701928343718,0.6166109273882523,0.9863362615743116
hsa-miR-1229-3p,-0.0680127674503532,0.6184424460997155,0.9863362615743116
hsa-miR-3942-5p,-0.06787450608828453,0.6191578980349551,0.9863362615743116
hsa-miR-654-3p,0.06773518092032112,0.619879209669493,0.9863362615743116
hsa-miR-1323,0.06773010818061034,0.6199054788763813,0.9863362615743116
hsa-miR-6877-5p,0.06738110196342782,0.6217139398901138,0.9863362615743116
hsa-miR-3175,0.06717116267350401,0.6228028629637377,0.9863362615743116
hsa-miR-454-3p,0.0671194065483182,0.6230714374591347,0.9863362615743116
hsa-miR-218-5p,0.06700547173803588,0.623662843224474,0.9863362615743116
hsa-miR-3529-3p,0.06700043481679382,0.6236889940105202,0.9863362615743116
hsa-miR-1299,0.06678940359970505,0.6247850439276875,0.9863362615743116
hsa-miR-324-5p,-0.06670889030031625,0.6252034252113657,0.9863362615743116
hsa-miR-4999-3p,-0.0665380439622956,0.6260916040071157,0.9863362615743116
hsa-miR-450b-5p,0.06575101905497838,0.6301899059524795,0.9863362615743116
hsa-miR-885-3p,0.0657392804947737,0.6302511167646592,0.9863362615743116
hsa-miR-3130-3p,-0.06559668030904184,0.6309949034376563,0.9863362615743116
hsa-miR-134-5p,0.06547734155631041,0.6316176404419109,0.9863362615743116
hsa-miR-5010-3p,0.0654442502013312,0.6317903637552563,0.9863362615743116
hsa-miR-34c-3p,0.0654119690167722,0.6319588771351675,0.9863362615743116
hsa-miR-4479,-0.06516256245496767,0.6332614485193436,0.9863362615743116
hsa-miR-744-5p,0.06462209937297303,0.6360879064219052,0.9863362615743116
hsa-miR-365a-5p,-0.06449106184458044,0.6367739713428212,0.9863362615743116
hsa-miR-98-5p,0.06441684124897205,0.6371626977942696,0.9863362615743116
hsa-miR-4747-3p,-0.0641329635447288,0.6386503870569472,0.9863362615743116
hsa-miR-329-5p,0.06401852331896239,0.6392505228556368,0.9863362615743116
hsa-miR-30e-3p,0.0640063250009701,0.6393145055825574,0.9863362615743116
hsa-miR-3121-3p,-0.06394090949810034,0.6396576680560959,0.9863362615743116
hsa-miR-4797-3p,0.06364662918831288,0.641202356077591,0.9863362615743116
hsa-miR-4668-5p,0.06359945524426316,0.641450114518485,0.9863362615743116
hsa-miR-3909,-0.06347469470643255,0.6421055462105203,0.9863362615743116
hsa-miR-192-3p,-0.06333667158665524,0.6428309688976898,0.9863362615743116
hsa-miR-92b-5p,0.06318529250496621,0.6436269686884625,0.9863362615743116
hsa-miR-505-5p,0.06315108281763272,0.6438069093085708,0.9863362615743116
hsa-miR-6765-5p,-0.06311848869269997,0.6439783710622892,0.9863362615743116
hsa-miR-4665-5p,0.06255140290304759,0.6469644731456988,0.9863362615743116
hsa-miR-10527-5p,0.0625353084456298,0.6470493026463807,0.9863362615743116
hsa-miR-200b-3p,0.0625353084456298,0.6470493026463807,0.9863362615743116
hsa-miR-874-3p,0.06250216681538531,0.647223997189221,0.9863362615743116
hsa-miR-7-5p,-0.06236426000896232,0.6479511275839139,0.9863362615743116
hsa-miR-1249-3p,0.0623212971139334,0.6481777214049408,0.9863362615743116
hsa-miR-3176,0.062115303264047544,0.6492646086913715,0.9863362615743116
hsa-miR-3125,0.06182165724641363,0.6508152309305381,0.9863362615743116
hsa-miR-194-5p,-0.061782695324292904,0.6510210831943556,0.9863362615743116
hsa-miR-369-5p,0.06165007066776728,0.6517219889881438,0.9863362615743116
hsa-miR-30c-5p,0.06164585657495893,0.6517442648829602,0.9863362615743116
hsa-miR-16-1-3p,0.06146392887377592,0.652706231141543,0.9863362615743116
hsa-miR-642a-3p,-0.06136556138324052,0.653226595994373,0.9863362615743116
hsa-miR-6859-5p,-0.06053567156407899,0.6576232265896045,0.9863362615743116
hsa-miR-103a-3p,0.060516936892953566,0.657722613758016,0.9863362615743116
hsa-miR-5009-5p,0.06044819901655571,0.658087317594293,0.9863362615743116
hsa-miR-4646-5p,-0.060302601847548,0.6588600763327617,0.9863362615743116
hsa-miR-518c-3p,-0.060234310447035595,0.6592226558322783,0.9863362615743116
hsa-miR-3913-3p,0.06004210545057245,0.6602435473667004,0.9863362615743116
hsa-miR-451a,-0.06000379158295113,0.6604471239887376,0.9863362615743116
hsa-miR-592,-0.059277435417777455,0.664311146033238,0.9863362615743116
hsa-miR-378a-3p,-0.05911433971228026,0.6651799699296382,0.9863362615743116
hsa-miR-708-5p,0.05890656072759739,0.6662874584104803,0.9863362615743116
hsa-miR-296-5p,-0.05853277502761083,0.6682815637935792,0.9863362615743116
hsa-miR-4676-3p,-0.05828739540265555,0.6695918761712827,0.9863362615743116
hsa-miR-7155-5p,0.05822304660564471,0.6699356568996809,0.9863362615743116
hsa-miR-370-3p,-0.05774989971542239,0.6724654840920904,0.9863362615743116
hsa-miR-6774-3p,-0.05771589306859778,0.6726474505346346,0.9863362615743116
hsa-miR-589-5p,0.05754167738559282,0.6735799547184185,0.9863362615743116
hsa-miR-3912-3p,-0.0569101381365173,0.676964402495617,0.9863362615743116
hsa-miR-423-3p,0.05682229066093605,0.6774356857050895,0.9863362615743116
hsa-miR-6729-5p,0.05674386483412259,0.6778565274596069,0.9863362615743116
hsa-miR-127-5p,-0.05658983903580733,0.6786833314068255,0.9863362615743116
hsa-miR-32-5p,-0.056480193787601086,0.6792721316162074,0.9863362615743116
hsa-miR-320d,-0.056310107596127104,0.6801858789164891,0.9863362615743116
hsa-miR-376b-3p,-0.056045782451468434,0.6816068082235271,0.9863362615743116
hsa-miR-96-5p,-0.056001258164932156,0.6818462650821342,0.9863362615743116
hsa-miR-3127-5p,0.05583005591255449,0.6827673009206456,0.9863362615743116
hsa-miR-26a-5p,0.05579600004093119,0.6829505698995536,0.9863362615743116
hsa-miR-6734-3p,0.05563787925524264,0.6838017222285698,0.9863362615743116
hsa-miR-130b-3p,-0.055556532229596715,0.6842397594189459,0.9863362615743116
hsa-miR-6883-3p,0.055492983465748685,0.6845820284467371,0.9863362615743116
hsa-miR-6775-3p,0.05533953097898575,0.6854087718693499,0.9863362615743116
hsa-miR-203b-5p,0.05533600847115557,0.6854277541006838,0.9863362615743116
hsa-miR-3184-3p,0.05504338691959428,0.6870053177862381,0.9863362615743116
hsa-miR-502-3p,-0.054940757857593794,0.687558919763327,0.9863362615743116
hsa-miR-378c,0.05456890127808422,0.6895661515485527,0.9863362615743116
hsa-miR-545-5p,-0.05430933792046115,0.6909684999495317,0.9863362615743116
hsa-miR-30b-3p,0.05423331298578034,0.6913794369310682,0.9863362615743116
hsa-miR-668-3p,-0.0540013963272215,0.6926335597657144,0.9863362615743116
hsa-miR-4482-3p,-0.053841341838248714,0.6934995555975106,0.9863362615743116
hsa-miR-339-3p,0.05374341880092145,0.6940295730524321,0.9863362615743116
hsa-miR-6855-3p,0.053391243816849863,0.6959369534548563,0.9863362615743116
hsa-miR-3146,-0.053082470096397036,0.6976108123974241,0.9863362615743116
hsa-miR-6793-3p,0.05307717767675075,0.6976395150429363,0.9863362615743116
hsa-miR-93-3p,0.05288817661758407,0.6986648093278207,0.9863362615743116
hsa-miR-483-5p,0.052853966930250566,0.6988504474660096,0.9863362615743116
hsa-miR-548o-3p,-0.0528121548472827,0.6990773636116951,0.9863362615743116
hsa-miR-6780b-3p,0.05268080255447138,0.6997903885981446,0.9863362615743116
hsa-miR-3158-3p,-0.05251187005691561,0.7007077899488215,0.9863362615743116
hsa-miR-4446-3p,0.05223810968589919,0.70219536813766,0.9863362615743116
hsa-miR-2278,0.05185907001769899,0.7042568510703351,0.9863362615743116
hsa-miR-18a-5p,-0.051759256935578715,0.7048000566177471,0.9863362615743116
hsa-miR-3138,0.051718231572342614,0.7050233684470739,0.9863362615743116
hsa-miR-1301-3p,0.051420674924336406,0.7066437858200534,0.9863362615743116
hsa-miR-3064-5p,0.05092520914761636,0.7093448318702841,0.9863362615743116
hsa-miR-4672,-0.050873571695297146,0.7096265400401772,0.9863362615743116
hsa-miR-22-5p,-0.050596127566239865,0.7111407964910558,0.9863362615743116
hsa-miR-3173-3p,0.04983666908034169,0.7152914837896744,0.9863362615743116
hsa-miR-29c-5p,0.049569836946235,0.7167517597386057,0.9863362615743116
hsa-miR-509-3p,-0.0493654445780535,0.717871006876058,0.9863362615743116
hsa-miR-135a-5p,-0.049172188272312296,0.7189298148520359,0.9863362615743116
hsa-miR-335-5p,0.049159320698233054,0.7190003320535938,0.9863362615743116
hsa-miR-143-5p,0.0491088453549456,0.7192769707381196,0.9863362615743116
hsa-miR-30c-2-3p,0.04871860411593581,0.7214169581481167,0.9863362615743116
hsa-miR-3140-5p,0.04868435896078626,0.7216048516761135,0.9863362615743116
hsa-miR-3675-5p,-0.048596115912618726,0.7220890916696777,0.9863362615743116
hsa-miR-138-2-3p,-0.048523856677712814,0.7224856999736249,0.9863362615743116
hsa-miR-363-3p,-0.04809882039089469,0.7248200551031335,0.9863362615743116
hsa-miR-141-3p,-0.04803040101622771,0.725196056354237,0.9863362615743116
hsa-miR-25-5p,-0.047996191328894204,0.7253840811372126,0.9863362615743116
hsa-miR-363-5p,-0.04771473013289418,0.72693167039975,0.9863362615743116
hsa-miR-320a-3p,0.04696990070888934,0.7310322614449648,0.9863362615743116
hsa-miR-551b-3p,-0.04666963054616838,0.732687494061003,0.9863362615743116
hsa-miR-550a-3p,-0.04662780383555439,0.7329181589878422,0.9863362615743116
hsa-miR-29c-3p,-0.04659359414822089,0.7331068351701859,0.9863362615743116
hsa-miR-935,-0.046323894414661906,0.7345948541459653,0.9863362615743116
hsa-miR-200a-5p,-0.04625524635356938,0.7349737622023865,0.9863362615743116
hsa-miR-3145-3p,-0.046023240750763195,0.7362547978752294,0.9863362615743116
hsa-miR-378i,-0.045793255144095886,0.7375253837056689,0.9863362615743116
hsa-miR-188-5p,0.04552391115416256,0.7390142966451659,0.9863362615743116
hsa-miR-1307-3p,0.045293626029548055,0.7402880499830529,0.9863362615743116
hsa-miR-379-5p,0.045088367905547086,0.7414239577190809,0.9863362615743116
hsa-miR-6866-3p,-0.04495310588082956,0.7421728035107474,0.9863362615743116
hsa-miR-5690,-0.04462071745907939,0.7440139990521414,0.9863362615743116
hsa-miR-365b-5p,0.04435693415520348,0.7454761844984397,0.9863362615743116
hsa-miR-6813-5p,0.04428547171810662,0.7458724638626149,0.9863362615743116
hsa-miR-877-3p,0.04428195911261049,0.7458919439362999,0.9863362615743116
hsa-miR-30b-5p,0.044198916034876204,0.7463525270317946,0.9863362615743116
hsa-miR-6754-3p,-0.0441070717973771,0.746862026715083,0.9863362615743116
hsa-miR-4440,0.04406587945803234,0.747090573372431,0.9863362615743116
hsa-miR-4653-3p,-0.043998932619423024,0.7474620593221525,0.9863362615743116
hsa-let-7g-5p,-0.04395944822354174,0.7476811837561993,0.9863362615743116
hsa-miR-32-3p,-0.04371177099311147,0.7490561561783995,0.9863362615743116
hsa-miR-6853-3p,0.04297297004619851,0.753162179344632,0.9863362615743116
hsa-miR-99a-3p,0.042970991673269586,0.7531731836908596,0.9863362615743116
hsa-miR-429,0.042879395346148604,0.7536827252381227,0.9863362615743116
hsa-miR-3620-3p,-0.042760619118971804,0.7543436211916227,0.9863362615743116
hsa-miR-4467,0.04269262654751613,0.7547220249248039,0.9863362615743116
hsa-miR-4632-3p,0.04256926811786015,0.7554087061164536,0.9863362615743116
hsa-miR-4779,0.04233296922698274,0.7567246005385928,0.9863362615743116
hsa-miR-4728-3p,0.04232791566746197,0.7567527501581771,0.9863362615743116
hsa-miR-3174,-0.04230553094722819,0.756877442548929,0.9863362615743116
hsa-miR-4489,-0.04219455155820187,0.7574957356334328,0.9863362615743116
hsa-miR-513c-5p,-0.0421532399114364,0.7577259313795024,0.9863362615743116
hsa-miR-1843,-0.04197528635819899,0.758717758299161,0.9863362615743116
hsa-miR-4781-5p,0.041831114949282676,0.7595215830183922,0.9863362615743116
hsa-miR-3692-3p,-0.041829093487979786,0.7595328554315414,0.9863362615743116
hsa-miR-504-5p,0.041809789181307754,0.7596405058600723,0.9863362615743116
hsa-miR-4781-3p,-0.041772574437481766,0.7598480465777846,0.9863362615743116
hsa-miR-642b-3p,-0.0417333470517636,0.7600668296744737,0.9863362615743116
hsa-miR-3180-3p,0.041209219987536114,0.7629918299558393,0.9863362615743116
hsa-miR-377-5p,0.040902931947961595,0.7647026609116555,0.9863362615743116
hsa-miR-222-3p,0.04084636667619364,0.7650187395486884,0.9863362615743116
hsa-miR-7705,0.04058588921291975,0.7664747404780718,0.9863362615743116
hsa-miR-4639-5p,0.04036807585399532,0.7676928760903301,0.9863362615743116
hsa-miR-579-3p,-0.04029970033307274,0.7680753859184006,0.9863362615743116
hsa-miR-100-5p,0.040299011678857716,0.7680792387023526,0.9863362615743116
hsa-miR-577,0.04023204294951918,0.7684539323458033,0.9863362615743116
hsa-miR-653-3p,0.04018176525589637,0.7687352733096665,0.9863362615743116
hsa-miR-331-3p,0.04016285924535432,0.7688410741137368,0.9863362615743116
hsa-miR-3928-3p,0.03993244913614644,0.770130818528646,0.9863362615743116
hsa-miR-183-5p,-0.0396832373068548,0.7715265033466007,0.9863362615743116
hsa-miR-5010-5p,-0.039477979182853826,0.7726765702219095,0.9863362615743116
hsa-miR-211-5p,0.03943199174704757,0.7729343057301759,0.9863362615743116
hsa-miR-873-5p,-0.03930584863120018,0.7736413967553156,0.9863362615743116
hsa-miR-30c-1-3p,0.03925826751238961,0.7739081585889608,0.9863362615743116
hsa-miR-136-5p,-0.03896949662229939,0.7755276978736615,0.9863362615743116
hsa-miR-4742-3p,-0.03882799512351741,0.7763216402284656,0.9863362615743116
hsa-miR-3160-3p,-0.0386196652142916,0.7774909594212253,0.9863362615743116
hsa-miR-124-3p,-0.03859499254220177,0.7776294752989911,0.9863362615743116
hsa-miR-212-5p,0.038442443754748486,0.7784860581907896,0.9863362615743116
hsa-miR-6812-3p,0.038421011674654316,0.7786064233175575,0.9863362615743116
hsa-miR-4747-5p,0.0381226228376772,0.7802827457331958,0.9863362615743116
hsa-miR-1287-5p,-0.037956296705894906,0.7812175830311517,0.9863362615743116
hsa-miR-1284,0.03794801931299544,0.7812641142209829,0.9863362615743116
hsa-miR-6799-3p,-0.03780693127650017,0.7820573545726066,0.9863362615743116
hsa-miR-6817-3p,-0.03774512616762315,0.7824049113678629,0.9863362615743116
hsa-miR-5696,0.037355103142579345,0.7845991504719814,0.9863362615743116
hsa-miR-455-3p,0.03720083175056013,0.7854675298135194,0.9863362615743116
hsa-miR-186-3p,-0.03716508807259437,0.7856687647288468,0.9863362615743116
hsa-miR-6842-3p,0.03716442405899232,0.7856725032201701,0.9863362615743116
hsa-miR-4804-5p,-0.0368828264728051,0.7872583698071739,0.9863362615743116
hsa-let-7c-3p,-0.03672012948014185,0.7881750180901327,0.9863362615743116
hsa-miR-3202,0.03641501765853867,0.7898948112654541,0.9863362615743116
hsa-miR-4772-3p,-0.03638294981352261,0.7900756227999297,0.9863362615743116
hsa-miR-6750-3p,0.036372985109086195,0.7901318100881063,0.9863362615743116
hsa-miR-331-5p,0.03631443201726362,0.7904619907612113,0.9863362615743116
hsa-miR-590-5p,-0.03623053542573004,0.790935147041018,0.9863362615743116
hsa-miR-6881-3p,-0.03619147218707594,0.7911554797266561,0.9863362615743116
hsa-miR-501-5p,0.03585193689251545,0.79307127944867,0.9863362615743116
hsa-miR-518b,0.03577470239534456,0.793507238648583,0.9863362615743116
hsa-miR-887-3p,-0.035670778171549164,0.7940939501053338,0.9863362615743116
hsa-miR-2114-5p,-0.03555595087050865,0.7947423473325738,0.9863362615743116
hsa-miR-6502-5p,0.03530953507046037,0.7961342522971234,0.9863362615743116
hsa-miR-1976,0.03516755857883339,0.7969365077361609,0.9863362615743116
hsa-miR-516a-5p,-0.03493504000153125,0.7982508323981742,0.9863362615743116
hsa-miR-642a-5p,-0.03493406087108367,0.7982563681674165,0.9863362615743116
hsa-miR-3688-5p,-0.03482546170549844,0.7988704229871341,0.9863362615743116
hsa-miR-5588-5p,0.034506572553662324,0.8006742229581931,0.9863362615743116
hsa-miR-6879-3p,0.034414510710060756,0.801195164458971,0.9863362615743116
hsa-miR-548az-5p,0.034060032442130246,0.8032018170864139,0.9863362615743116
hsa-miR-485-3p,0.03403922056995532,0.8033196695595844,0.9863362615743116
hsa-miR-1538,0.033890326142110655,0.8041629484310671,0.9863362615743116
hsa-miR-122-5p,-0.0335597032741591,0.8060362558372566,0.9863362615743116
hsa-miR-6798-3p,0.03327247153882037,0.8076645882947752,0.9863362615743116
hsa-miR-381-3p,0.03294392890215618,0.809528107636571,0.9863362615743116
hsa-miR-26b-5p,0.032807090152822196,0.8103045780300102,0.9863362615743116
hsa-miR-448,-0.03279578856548483,0.8103687152684634,0.9863362615743116
hsa-miR-374a-5p,-0.03267025140348821,0.8110812299012279,0.9863362615743116
hsa-miR-26a-1-3p,-0.03261447101927827,0.8113978729726786,0.9863362615743116
hsa-miR-154-3p,0.03236707381458868,0.8128026093550361,0.9863362615743116
hsa-miR-3617-5p,0.03215381688218877,0.8140139653534838,0.9863362615743116
hsa-miR-6855-5p,-0.03213616438762713,0.8141142556266046,0.9863362615743116
hsa-miR-7706,0.03212289640615229,0.8141896378280545,0.9863362615743116
hsa-miR-19a-5p,-0.032104598254148305,0.8142936017493535,0.9863362615743116
hsa-miR-323b-3p,0.03209965908594365,0.8143216649803412,0.9863362615743116
hsa-miR-6750-5p,0.03209378041428391,0.814355066558269,0.9863362615743116
hsa-miR-548c-3p,-0.03182579161804403,0.8158780791703756,0.9863362615743116
hsa-miR-584-3p,0.03160620737797555,0.817126507201385,0.9863362615743116
hsa-miR-9903,-0.03125769908687021,0.8191088471510408,0.9863362615743116
hsa-miR-6803-3p,-0.031201367618759017,0.8194293704159876,0.9863362615743116
hsa-miR-6755-3p,0.03117779811029385,0.8195634884569148,0.9863362615743116
hsa-miR-128-1-5p,-0.031043501985761363,0.820327774134208,0.9863362615743116
hsa-miR-122-3p,-0.03088632827552746,0.8212224678551434,0.9863362615743116
hsa-miR-27b-5p,-0.030728738974498893,0.8221197542728369,0.9863362615743116
hsa-miR-548al,-0.030471557311433493,0.8235845877727789,0.9863362615743116
hsa-miR-664b-5p,0.030276581868300453,0.8246955108904813,0.9863362615743116
hsa-miR-210-3p,-0.03027557329014353,0.8247012584152478,0.9863362615743116
hsa-miR-136-3p,-0.029993665312371978,0.8263081077964556,0.9863362615743116
hsa-miR-4775,0.02997932928493733,0.8263898407784773,0.9863362615743116
hsa-miR-122b-3p,-0.02942033110680614,0.8295782349458602,0.9882492768821182
hsa-miR-539-3p,-0.029259124418025386,0.8304982293849431,0.9882492768821182
hsa-miR-1298-5p,-0.029178163428820625,0.8309603529339131,0.9882492768821182
hsa-miR-2116-3p,-0.028437037551641273,0.8351933047921616,0.9897854488682928
hsa-miR-1185-1-3p,0.02804784335850618,0.8374180610099555,0.9897854488682928
hsa-miR-424-3p,-0.028019649210267145,0.8375792769249548,0.9897854488682928
hsa-miR-4748,-0.02776966609020529,0.8390089853244305,0.9897854488682928
hsa-miR-499b-3p,0.027685100427002566,0.8394927520953848,0.9897854488682928
hsa-miR-376c-3p,-0.027496704166202486,0.8405707043973051,0.9897854488682928
hsa-miR-3912-5p,-0.02710540943503331,0.8428105131975513,0.9897854488682928
hsa-miR-942-5p,0.027094072368128448,0.8428754261779607,0.9897854488682928
hsa-miR-4645-3p,0.026161155529477457,0.8482205726949694,0.9897854488682928
hsa-miR-6741-5p,0.026145147804830668,0.848312348889537,0.9897854488682928
hsa-miR-574-5p,-0.025931386122639333,0.8495380879015565,0.9897854488682928
hsa-miR-548e-5p,0.02576283354017236,0.8505048411630819,0.9897854488682928
hsa-miR-181b-3p,-0.025506732858820512,0.8519741545846395,0.9897854488682928
hsa-miR-219a-5p,0.02539731487082216,0.8526020654232541,0.9897854488682928
hsa-miR-1255a,-0.02533641802246212,0.852951570088229,0.9897854488682928
hsa-miR-6514-5p,-0.02519508368350693,0.8537628368530972,0.9897854488682928
hsa-miR-4725-3p,-0.02502377444842389,0.8547463626041868,0.9897854488682928
hsa-miR-6783-3p,0.024982985724411853,0.854980572451195,0.9897854488682928
hsa-miR-6832-5p,-0.024701194699022388,0.8565989615847421,0.9897854488682928
hsa-miR-6767-5p,0.024492593552362992,0.8577973827884243,0.9897854488682928
hsa-miR-133a-3p,-0.02432308769411531,0.8587714349028643,0.9897854488682928
hsa-miR-20a-3p,0.024289039586652066,0.858967114930058,0.9897854488682928
hsa-miR-582-3p,-0.024241706294968444,0.8592391610647013,0.9897854488682928
hsa-miR-11401,0.02402292023850376,0.8604968354306194,0.9897854488682928
hsa-miR-215-5p,0.024015200508113854,0.8605412179915284,0.9897854488682928
hsa-miR-4657,-0.02381946864125334,0.8616666695894019,0.9897854488682928
hsa-miR-1289,0.023665790926189565,0.8625505026940624,0.9897854488682928
hsa-miR-6724-5p,-0.023648181655211094,0.8626517880436794,0.9897854488682928
hsa-miR-1278,-0.023473215854438914,0.8636582787331525,0.9897854488682928
hsa-miR-6754-5p,0.023213770251685004,0.8651511349289703,0.9897854488682928
hsa-miR-5583-5p,-0.02320534076623028,0.8651996462645669,0.9897854488682928
hsa-miR-208b-3p,-0.02297669800189523,0.8665156635253476,0.9897854488682928
hsa-miR-19b-1-5p,0.022897777433940083,0.866969996580938,0.9897854488682928
hsa-miR-766-5p,0.022880280791829403,0.8670707277342591,0.9897854488682928
hsa-miR-483-3p,0.022715232389441023,0.8680210425678446,0.9897854488682928
hsa-miR-5589-5p,-0.02265157452371663,0.8683876211066696,0.9897854488682928
hsa-miR-579-5p,-0.02256073941645564,0.8689107494068997,0.9897854488682928
hsa-miR-26a-2-3p,0.021962994578805347,0.8723546016688971,0.9924943353572915
hsa-miR-6859-3p,0.021282571802254895,0.8762776554463415,0.9924943353572915
hsa-miR-1277-5p,-0.02127842552143421,0.8763015704500701,0.9924943353572915
hsa-miR-6818-3p,0.021081376872878102,0.8774382378856773,0.9924943353572915
hsa-miR-6842-5p,0.02091140104809027,0.8784189342348638,0.9924943353572915
hsa-miR-4446-5p,0.020545115952514608,0.880532875583899,0.9924943353572915
hsa-miR-6130,0.020367371736723868,0.8815589900476425,0.9924943353572915
hsa-miR-613,0.020367371736723868,0.8815589900476425,0.9924943353572915
hsa-miR-6731-5p,0.019972846376206214,0.8838372666965227,0.9924943353572915
hsa-miR-3117-3p,-0.019940889473718245,0.8840218502540839,0.9924943353572915
hsa-miR-6516-3p,-0.019776595405662442,0.8849709116907927,0.9924943353572915
hsa-miR-3192-5p,0.01968511038844207,0.8854994538423655,0.9924943353572915
hsa-miR-6847-5p,-0.019651480360565212,0.8856937591793892,0.9924943353572915
hsa-miR-193a-5p,-0.019260053968757976,0.8879558049696256,0.9924943353572915
hsa-miR-133a-5p,-0.01922551019401416,0.8881554756620779,0.9924943353572915
hsa-miR-29b-1-5p,0.019168837212165193,0.8884830730245141,0.9924943353572915
hsa-miR-548d-3p,-0.019062878517723796,0.889095615367748,0.9924943353572915
hsa-miR-34c-5p,-0.01904973503243304,0.8891716017465223,0.9924943353572915
hsa-miR-6511b-3p,-0.01875813099358807,0.8908577043432164,0.993212837304818
hsa-miR-6873-3p,-0.01849293720050634,0.8923915153488242,0.993212837304818
hsa-miR-4449,0.01842268076953716,0.8927979258255522,0.993212837304818
hsa-miR-210-5p,0.018197482253876775,0.8941008095088455,0.993555849498706
hsa-miR-132-3p,0.017891666475418153,0.8958705476004417,0.9936870877753254
hsa-miR-3684,-0.01767918429936665,0.8971004666838325,0.9936870877753254
hsa-miR-6503-3p,-0.017480808785858587,0.8982489486084491,0.9936870877753254
hsa-miR-148b-3p,0.017275892103415236,0.8994355177119899,0.9936870877753254
hsa-miR-130a-3p,-0.01724168241608174,0.8996336301027026,0.9936870877753254
hsa-miR-3135a,-0.017069681507353194,0.9006297998012216,0.9936870877753254
hsa-miR-21-3p,-0.016813053232385335,0.9021163842815928,0.9936870877753254
hsa-let-7f-1-3p,0.01680270001193852,0.9021763649771974,0.9936870877753254
hsa-miR-6715a-3p,-0.015777695729563064,0.9081172926758718,0.996735304972094
hsa-miR-30d-3p,0.01563489583527727,0.9089453653318663,0.996735304972094
hsa-miR-330-3p,0.015498445726753487,0.9097367065041401,0.996735304972094
hsa-miR-4646-3p,0.015485120400317905,0.9098139912921833,0.996735304972094
hsa-miR-590-3p,0.015394359300072982,0.9103404133628411,0.996735304972094
hsa-miR-340-5p,0.015257520550739001,0.911134161952359,0.996735304972094
hsa-miR-542-3p,-0.015120681801405016,0.911927996741235,0.996735304972094
hsa-miR-548ax,-0.01480120428214545,0.9137816946067322,0.9969749971843235
hsa-miR-500a-3p,0.014231229930734135,0.9170899711776278,0.9969749971843235
hsa-miR-337-5p,0.014163778721673502,0.9174815686585728,0.9969749971843235
hsa-miR-450a-5p,0.014005892518853903,0.9183982751361114,0.9969749971843235
hsa-miR-93-5p,-0.013718084620731699,0.9200695932133773,0.9969749971843235
hsa-miR-15b-3p,-0.013718084620731699,0.9200695932133773,0.9969749971843235
hsa-miR-548ac,0.013568208377639718,0.9209400700875595,0.9969749971843235
hsa-miR-190a-5p,-0.013512826496730728,0.9212617497961846,0.9969749971843235
hsa-miR-187-3p,-0.013493183041728592,0.921375849706052,0.9969749971843235
hsa-miR-425-3p,-0.013136519936062277,0.9234478150166456,0.9969749971843235
hsa-miR-8485,-0.01306516695406461,0.9238623874110067,0.9969749971843235
hsa-miR-329-3p,0.01280691926848621,0.925363015570818,0.9969749971843235
hsa-miR-605-3p,0.012741233532552812,0.9257447442682601,0.9969749971843235
hsa-miR-184,-0.01267685087947197,0.9261189163033556,0.9969749971843235
hsa-miR-1-3p,0.012486535876725864,0.9272250607056005,0.9970913193163562
hsa-miR-29a-5p,0.012246296776181496,0.928621567739871,0.9975192969592809
hsa-miR-6885-3p,0.01197592313150421,0.9301935018956249,0.9977805422918912
hsa-miR-202-5p,-0.011860898538659823,0.9308623277437863,0.9977805422918912
hsa-miR-636,-0.011494454944054492,0.9329933771362214,0.997816703133905
hsa-miR-137-3p,0.011082879130051196,0.9353874484802805,0.997816703133905
hsa-miR-3137,-0.010793268880850054,0.9370724071455476,0.997816703133905
hsa-miR-885-5p,-0.010742025385895448,0.9373705716341769,0.997816703133905
hsa-miR-375-3p,0.01074184182271759,0.9373716397269869,0.997816703133905
hsa-miR-324-3p,-0.010502374011383122,0.9387651155072032,0.997816703133905
hsa-miR-4662a-5p,-0.010197972716003418,0.9405367052102402,0.997816703133905
hsa-miR-7976,-0.009924201636379165,0.9421302742036798,0.997816703133905
hsa-miR-1285-5p,0.009854201929814376,0.942537765476721,0.997816703133905
hsa-miR-362-5p,0.009479323631989755,0.9447203013386937,0.997816703133905
hsa-miR-4654,-0.009405213595950732,0.9451518171209654,0.997816703133905
hsa-miR-190b-5p,0.00930503495471078,0.9457351457489034,0.997816703133905
hsa-miR-377-3p,0.00857001339498542,0.9500159364960938,0.997816703133905
hsa-miR-374b-5p,0.00831295402203941,0.9515133962488602,0.997816703133905
hsa-miR-7850-5p,0.008210352235508015,0.9521111338954806,0.997816703133905
hsa-miR-409-3p,0.008210324960038923,0.9521112928004468,0.997816703133905
hsa-miR-4433a-5p,0.007703240885369647,0.9550658422431075,0.997816703133905
hsa-miR-3065-3p,0.007479399016008331,0.9563702608189033,0.997816703133905
hsa-miR-140-5p,-0.0074235021513685264,0.9566960126774808,0.997816703133905
hsa-miR-130a-5p,0.007382770831946489,0.9569333882571641,0.997816703133905
hsa-miR-505-3p,-0.006910474929779875,0.9596861186283487,0.997816703133905
hsa-miR-545-3p,0.006833465972411982,0.9601350029346419,0.997816703133905
hsa-miR-6716-3p,0.006814215515422552,0.9602472155464882,0.997816703133905
hsa-miR-548bc,0.006333995728019651,0.9630467011931547,0.997816703133905
hsa-miR-548j-5p,0.006328900306976618,0.9630764078547921,0.997816703133905
hsa-miR-301a-3p,0.006294582469363175,0.9632764845478436,0.997816703133905
hsa-miR-6882-5p,0.006196037450276309,0.9638510250839628,0.997816703133905
hsa-miR-5584-5p,0.006152418989549914,0.9641053367651267,0.997816703133905
hsa-miR-34a-5p,-0.0059866952833617145,0.965071599115874,0.997816703133905
hsa-miR-3127-3p,-0.005942641986764808,0.9653284630390806,0.997816703133905
hsa-miR-337-3p,0.005838035775576983,0.9659384100573167,0.997816703133905
hsa-miR-1303,0.00556925434595679,0.9675057322537334,0.997816703133905
hsa-miR-629-3p,0.00526865198825536,0.9692587533654031,0.997816703133905
hsa-miR-140-3p,0.005199872474691319,0.9696598750696492,0.997816703133905
hsa-miR-3691-3p,-0.005128829686729498,0.9700742040076735,0.997816703133905
hsa-miR-4521,-0.0049590539259519355,0.9710643855196281,0.997816703133905
hsa-miR-6857-3p,-0.004878826674568326,0.9715323093086204,0.997816703133905
hsa-miR-18b-5p,-0.004755227798214865,0.9722532157898955,0.997816703133905
hsa-miR-30a-5p,-0.004720936852022381,0.9724532261111145,0.997816703133905
hsa-miR-4795-3p,0.004662357984236483,0.9727949055570346,0.997816703133905
hsa-miR-508-3p,0.004550644499647367,0.9734465225640084,0.997816703133905
hsa-miR-369-3p,0.004481469040687913,0.9738500268808591,0.997816703133905
hsa-miR-493-5p,0.004208079185424736,0.9754447878689002,0.997816703133905
hsa-miR-6732-3p,0.004065946462659073,0.9762739266588604,0.997816703133905
hsa-miR-154-5p,-0.003884658265279447,0.9773315170336404,0.997816703133905
hsa-miR-500b-3p,-0.003758877454199059,0.9780653139519891,0.997816703133905
hsa-miR-423-5p,-0.00366043654468402,0.9786396243116088,0.997816703133905
hsa-miR-431-5p,-0.003626226857350525,0.9788392082795064,0.997816703133905
hsa-miR-193b-5p,-0.003318396377171524,0.9806351896215775,0.9986284958531662
hsa-miR-744-3p,0.0028889619603103944,0.9831408046025585,0.9992002398787652
hsa-miR-576-3p,-0.002394678113344686,0.9860249942575593,0.9992002398787652
hsa-miR-6749-3p,-0.002255363282719967,0.98683794218273,0.9992002398787652
hsa-miR-676-3p,0.00213962287424762,0.9875133357260918,0.9992002398787652
hsa-miR-5695,-0.0020937742673274454,0.9877808838960626,0.9992002398787652
hsa-miR-503-3p,-0.0017160587040079272,0.9899850798712364,0.9992002398787652
hsa-miR-92b-3p,-0.0017104843666747758,0.9900176100564412,0.9992002398787652
hsa-miR-607,0.0016919148266799537,0.9901259765197659,0.9992002398787652
hsa-miR-450a-2-3p,0.001555052843406022,0.9909246687943001,0.9992002398787652
hsa-miR-1228-5p,-0.0013514053370749254,0.992113120790808,0.9992002398787652
hsa-miR-939-5p,0.0009421984202973506,0.9945012311458862,0.9992002398787652
hsa-miR-1237-3p,0.0005369824934570083,0.9968660975382783,0.9992002398787652
hsa-miR-1234-3p,0.0003991793420743305,0.997670332763715,0.9992002398787652
hsa-miR-6515-5p,-0.00038239996713325,0.9977682593212077,0.9992002398787652
hsa-miR-6501-5p,0.00034378113246646855,0.9979936438537016,0.9992002398787652
hsa-miR-200a-3p,0.00030788718600145964,0.9982031257248005,0.9992002398787652
hsa-miR-98-3p,0.00013816731203784163,0.9991936349973215,0.9992002398787652
hsa-miR-183-3p,0.0001370355925179759,0.9992002398787652,0.9992002398787652
