miRNA,log2FC,t,p,FDR
hsa-miR-106a-5p,-0.6623442538753217,-4.127397023397086,0.00012861952161892891,0.12849090209730998
hsa-miR-532-5p,0.3474286098676034,3.7507298552226844,0.00042138315393172213,0.13762410966563726
hsa-miR-194-5p,0.4724801765021489,3.7427521691790178,0.0005039906882412066,0.13762410966563726
hsa-let-7f-1-3p,0.7398482055201152,3.5695963380166047,0.0007372485878123014,0.13762410966563726
hsa-miR-192-5p,0.3795479742394452,3.499658496922396,0.0010059204941834069,0.13762410966563726
hsa-miR-532-3p,0.3731759854192358,3.462710383762907,0.0010708072422192648,0.13762410966563726
hsa-miR-7-5p,0.41096619926695865,3.4588509827714793,0.00118111810080245,0.13762410966563726
hsa-miR-3127-3p,0.31166366094369385,3.4909974811184785,0.0011964130066815114,0.13762410966563726
hsa-miR-500a-3p,0.5908731362316213,3.410749408384022,0.0012542746897943715,0.13762410966563726
hsa-miR-125b-5p,0.6054590912969164,3.381909898489389,0.0013776187153717442,0.13762410966563726
hsa-miR-5584-5p,0.23447362981321968,3.5021926140159527,0.0015156852221751293,0.1376517760866322
hsa-let-7b-5p,-0.24478434752822054,-3.3437218124786208,0.0016540934272754498,0.13770327782068117
hsa-miR-296-5p,0.39345432713383266,3.2754681798021945,0.001897534804708158,0.14382417863271363
hsa-miR-100-5p,0.7023946317544452,3.2234034632629975,0.0021128829236387483,0.14382417863271363
hsa-miR-187-3p,0.3325384411683988,3.269435408354414,0.0021789674154869105,0.14382417863271363
hsa-miR-19b-3p,0.35523269104933064,3.188953249703743,0.00230900687347113,0.14382417863271363
hsa-miR-25-3p,0.25535863140816595,3.1614516690641414,0.002547492379088698,0.14382417863271363
hsa-miR-30d-5p,0.2711146613455533,3.123509624532827,0.0027889192232673737,0.14382417863271363
hsa-miR-191-5p,0.42777431166987157,3.1251848167398406,0.0028167555660445747,0.14382417863271363
hsa-let-7c-3p,0.4929993048429431,3.1230185991194697,0.002879362935589862,0.14382417863271363
hsa-miR-23b-5p,0.7158250884373374,3.061755151899985,0.0033671612962962337,0.14599950141207904
hsa-miR-589-5p,0.6165654037370008,3.0978368469789914,0.003376740923804193,0.14599950141207904
hsa-miR-3184-3p,-0.39664331539086994,-3.0744188991685437,0.0033926866637173066,0.14599950141207904
hsa-miR-421,0.30338105520594905,3.062576572761406,0.0035074955294193163,0.14599950141207904
hsa-miR-515-5p,0.1676071381426154,3.1210687036614178,0.0037876589127143205,0.15135485015206426
hsa-miR-4659b-3p,0.512492074575438,3.0062206101677647,0.003941297438305047,0.15143677464872082
hsa-miR-15b-3p,0.3229082016789304,2.9582562710812357,0.00449966015163978,0.16648742561067187
hsa-miR-3615,0.27017288530869,2.929146531703577,0.0049804753054763585,0.17769624393467434
hsa-miR-196b-5p,-0.397723028673469,-2.896483352329775,0.005314760793896102,0.18308434596904158
hsa-miR-335-5p,0.47518339069593285,2.8709127745558627,0.005710070345409284,0.1851712991983846
hsa-miR-874-3p,0.5928638155662931,2.8696740264825973,0.005746056331481404,0.1851712991983846
hsa-miR-3065-5p,0.6670278169944523,2.8684206028408807,0.006048894092726062,0.18696920906214334
hsa-miR-3611,0.4541848359273133,2.8419975143971254,0.006179069385924661,0.18696920906214334
hsa-let-7a-5p,-0.22238099652849286,-2.8305151934058568,0.006518695204704207,0.18696920906214334
hsa-miR-128-3p,0.30535868515171494,2.834880594267612,0.006550472789964982,0.18696920906214334
hsa-miR-4659a-5p,0.2468741170478504,2.846037603754448,0.006917312211566148,0.1919554138709606
hsa-miR-505-3p,0.6272698168144428,2.785668238608655,0.007316750334429823,0.19755225902960522
hsa-miR-580-3p,0.3945370133831467,2.755324080014415,0.007850673977277943,0.20639008692896488
hsa-miR-425-5p,0.3137989756182087,2.744844562126407,0.008393984080583707,0.2105486879912184
hsa-miR-548n,0.5416343871035173,2.72317784149082,0.00855750820955836,0.2105486879912184
hsa-miR-589-3p,0.4555897940036765,2.7190061991882226,0.00864113734498494,0.2105486879912184
hsa-miR-5695,0.4344139970278883,2.692743448424294,0.00926024505477034,0.21554994061402813
hsa-miR-4686,0.3224631001678142,2.693598116744915,0.009726177406136294,0.21554994061402813
hsa-miR-125b-2-3p,0.6588290862303425,2.6754718378617333,0.009733119073007855,0.21554994061402813
hsa-miR-10a-5p,0.4102954087701782,2.683347323806875,0.009739133699660616,0.21554994061402813
hsa-miR-345-3p,0.14658808365588852,2.741484149382786,0.010047421095671454,0.21554994061402813
hsa-miR-200b-3p,0.6546630575798238,2.663137097970236,0.010140988197056378,0.21554994061402813
hsa-miR-489-3p,0.3996346052428954,2.677573227581201,0.010406438031681352,0.21658399153436814
hsa-miR-6853-3p,0.18135573517667763,2.6795736160235313,0.010813012536830105,0.2204530515161893
hsa-miR-197-5p,0.4642573754561321,2.647092915717285,0.01126711338392569,0.2236978790876716
hsa-miR-656-3p,-0.39958609114162547,-2.6299381097496477,0.011502797078041837,0.2236978790876716
hsa-miR-23b-3p,0.3851404832308081,2.612280514677379,0.01164393364620513,0.2236978790876716
hsa-miR-423-5p,-0.2533800906769095,-2.5981825819725652,0.011934715145874878,0.22495812133450951
hsa-miR-196a-5p,-0.6768903202181114,-2.590369568698669,0.012181188993124117,0.22535199637279618
hsa-miR-23a-3p,0.3472320799573776,2.5831707082376427,0.012454469339942032,0.2262184521927653
hsa-miR-19b-1-5p,0.4464613206996687,2.5497888140636547,0.013629429975895162,0.24313929546284405
hsa-miR-1276,0.15880802219373377,2.5988709564825614,0.01404508432011211,0.24615858308407013
hsa-miR-99a-3p,0.45460267080484934,2.538266362963062,0.014349135468435886,0.2471514884994388
hsa-miR-3940-3p,0.4657549365984608,2.514640369641689,0.014717418430427086,0.2491983222372315
hsa-miR-6803-3p,0.48558018360390554,2.525086708283574,0.01513326580418463,0.2519688756396741
hsa-miR-3138,0.3209277673377095,2.497353496623094,0.015680536311009945,0.25680091433932684
hsa-miR-11401,0.6578200377992532,2.449232542874898,0.017482342776572686,0.273112180730003
hsa-miR-19a-3p,0.32690291769696067,2.4431750889243182,0.017645585489844202,0.273112180730003
hsa-miR-146b-5p,0.4680717513922845,2.4417718336986876,0.017690572412300896,0.273112180730003
hsa-miR-96-5p,0.48168544019964266,2.4648889742838636,0.017770061809259455,0.273112180730003
hsa-miR-1260a,0.4649420586898192,2.434824229516031,0.018302116779857467,0.2770274948951153
hsa-miR-769-5p,0.5619739618337838,2.405266996671231,0.019593427480155034,0.28170131139996857
hsa-miR-5188,0.11421242375799992,2.4355282164841867,0.01975559003872679,0.28170131139996857
hsa-miR-146b-3p,0.46671440700508926,2.392148557588783,0.02006626314977467,0.28170131139996857
hsa-miR-3939,0.22473217866574335,2.399619686110857,0.020406570245075892,0.28170131139996857
hsa-miR-378a-3p,0.3296733070079956,2.384602424218842,0.02050126861579446,0.28170131139996857
hsa-miR-181c-3p,0.6608792359844049,2.3806504098949706,0.020604862602861984,0.28170131139996857
hsa-miR-6515-3p,0.35574618989620105,2.380305916516182,0.02075464228703697,0.28170131139996857
hsa-miR-153-3p,0.4374687294535068,2.3745411533595875,0.020951692903168086,0.28170131139996857
hsa-miR-216a-5p,0.4413957782866019,2.372715351024292,0.021148747102099744,0.28170131139996857
hsa-miR-641,0.3418889003797665,2.3623454784497087,0.021585107103297686,0.2824175008261322
hsa-miR-548e-5p,0.466936849541672,2.358268279670098,0.021767915479091272,0.2824175008261322
hsa-miR-450b-5p,0.37557029141228737,2.3615581429531582,0.022057157932436948,0.2825012919808271
hsa-miR-126-5p,0.33441339866884157,2.3466651819239077,0.022781425861447362,0.28628993769182387
hsa-miR-28-3p,0.698163154296525,2.3441396604315607,0.02292612113648239,0.28628993769182387
hsa-miR-629-5p,-0.27269563194644064,-2.3195131155775193,0.02394988260390668,0.2953818854481824
hsa-miR-1295a,0.13800836627469704,2.312310438483592,0.025501317834456153,0.3046402196755158
hsa-miR-20b-5p,0.2601302545549009,2.2832745129141054,0.026124339981241522,0.3046402196755158
hsa-miR-152-3p,0.5547075948407825,2.28820130601518,0.026359293259575298,0.3046402196755158
hsa-miR-342-3p,0.33774500193599444,2.2778784291083776,0.02644702020940393,0.3046402196755158
hsa-miR-379-3p,0.31884525912908146,2.2826504813312125,0.02725154210074761,0.3046402196755158
hsa-miR-6716-3p,0.1758019674616021,2.291908979445829,0.027378876577835873,0.3046402196755158
hsa-miR-10b-5p,0.3799464757265625,2.2634459524075115,0.02738151661020628,0.3046402196755158
hsa-miR-494-3p,0.6211733305455509,2.256928828566245,0.027800363267216625,0.3046402196755158
hsa-miR-487a-5p,0.16611128756083215,2.2685756795108896,0.02798072062062093,0.3046402196755158
hsa-miR-98-5p,-0.20827618442166873,-2.2548534196155963,0.02801442315515609,0.3046402196755158
hsa-miR-590-5p,0.4700904639183672,2.2563058854324742,0.0284808222568763,0.3046402196755158
hsa-miR-3117-3p,-0.422070794701501,-2.2508532765050386,0.028531023426563048,0.3046402196755158
hsa-miR-1246,0.47607251429509256,2.2527893485730424,0.028664845494993478,0.3046402196755158
hsa-miR-548ay-3p,0.34423773397706536,2.23667847202633,0.029294708505820246,0.30634699802453896
hsa-miR-887-3p,0.4512329657905506,2.237639349165931,0.02943875056091666,0.30634699802453896
hsa-miR-4326,0.7030615524959658,2.221516049582146,0.03048867856471729,0.31400195758920174
hsa-miR-30a-3p,0.49047365349108496,2.188318646213631,0.0326984952785754,0.33126764510117807
hsa-miR-574-3p,0.4187283663218615,2.1844550451046953,0.03305639322342398,0.33126764510117807
hsa-miR-99a-5p,0.45819751902896044,2.182264866948617,0.03315992443455236,0.33126764510117807
hsa-miR-30e-5p,0.18701575416004879,2.1728369197666035,0.034054066887736885,0.3338247764228218
hsa-miR-10b-3p,0.5040499898962518,2.170466078361103,0.034084211406534365,0.3338247764228218
hsa-miR-758-3p,0.13954782731887283,2.176751785979502,0.03503972501558803,0.33865901992508896
hsa-miR-301a-5p,0.38380594549105396,2.154957575555933,0.03585284644291985,0.33865901992508896
hsa-miR-148a-3p,0.21481039665044221,2.153231803063708,0.03627108871244365,0.33865901992508896
hsa-miR-25-5p,0.3956307621894237,2.1560525665282557,0.03628860055653123,0.33865901992508896
hsa-miR-942-5p,0.18268202565622182,2.151730848130207,0.036351304663128164,0.33865901992508896
hsa-miR-660-3p,-0.27531546917427674,-2.1729447753778013,0.03680807716422436,0.33865901992508896
hsa-miR-376b-3p,0.4069669818956127,2.1286480616628753,0.03773567162485574,0.33865901992508896
hsa-miR-103a-3p,0.2557848114809058,2.125078829059324,0.038052840444196365,0.33865901992508896
hsa-miR-93-3p,0.41857713802495145,2.1288438015875535,0.03828127808679488,0.33865901992508896
hsa-miR-500b-3p,0.22070395488927888,2.1210583555462437,0.03834398596289466,0.33865901992508896
hsa-miR-3909,0.24080435489977114,2.1192817440769907,0.03843214443883858,0.33865901992508896
hsa-miR-483-5p,0.5184801383117517,2.121939826663879,0.03866367000357272,0.33865901992508896
hsa-miR-6766-3p,0.11303951801957089,2.150009855363182,0.03898477206344868,0.33865901992508896
hsa-miR-584-3p,0.30789524044156347,2.1042089187865227,0.04008040544162071,0.3412837103663962
hsa-miR-1307-3p,0.26165863241168275,2.0982257989988846,0.04025125575888693,0.3412837103663962
hsa-miR-331-3p,0.5358904962231876,2.098346262845252,0.040436552010095494,0.3412837103663962
hsa-miR-491-5p,0.4807560432766951,2.0995886095204987,0.040815706722427764,0.3412837103663962
hsa-miR-6820-3p,0.3826509131323794,2.091454722939025,0.04099504028425179,0.3412837103663962
hsa-miR-5583-3p,0.427861507957743,2.091708912247419,0.04165626423208027,0.3439223798995718
hsa-miR-32-5p,0.2905184179166689,2.0839760449404325,0.042403428909855316,0.34689631790437286
hsa-miR-941,0.2951154095574786,2.0619310721206188,0.04370440103225335,0.34689631790437286
hsa-miR-455-3p,0.18910402253972097,2.069349005807891,0.04381585150066117,0.34689631790437286
hsa-miR-92a-1-5p,0.3265782606779065,2.0599198836153496,0.04398551321543908,0.34689631790437286
hsa-miR-885-3p,0.7326959461829188,2.060517491709792,0.04421717918519511,0.34689631790437286
hsa-miR-6721-5p,0.37729014552978934,2.0556157378112028,0.044336411922116896,0.34689631790437286
hsa-miR-5690,-0.2806452772147974,-2.0894388655484653,0.04444717586762736,0.34689631790437286
hsa-miR-3150b-3p,0.3086480721231958,2.045574954399428,0.0454294094268054,0.3518137985843302
hsa-miR-4464,0.13025587218143922,2.075128135120071,0.04610589941933296,0.35324242539455003
hsa-miR-1294,-0.23166173037460336,-2.033919951342843,0.04655376399928774,0.35324242539455003
hsa-miR-139-5p,0.37543919919811364,2.030875787952071,0.046881009213314,0.35324242539455003
hsa-miR-6511b-5p,0.25766319492254636,2.04991255102136,0.04702827084832348,0.35324242539455003
hsa-miR-99b-5p,0.39349665411407475,2.0191287009144463,0.04847363652879421,0.36014652013568654
hsa-miR-219a-1-3p,0.2674541844582648,2.0217534130027395,0.04890137459916833,0.36014652013568654
hsa-miR-508-3p,0.2789639157194814,2.012004516512871,0.049028955694147516,0.36014652013568654
hsa-miR-590-3p,0.35133929448932033,2.0072262948796995,0.049562629317654594,0.3614092459002696
hsa-let-7c-5p,-0.24195685062318262,-1.9985504471489437,0.05048234176416975,0.3654482566840984
hsa-miR-4504,0.29042966780529167,1.9843088050746378,0.052040679157892566,0.3654967664931242
hsa-miR-6815-5p,0.23855899587667673,1.981123209063351,0.05236363397750722,0.3654967664931242
hsa-miR-7155-5p,0.18925923670925698,1.9803238028431465,0.05242207561197811,0.3654967664931242
hsa-miR-328-3p,0.3728243897681667,1.9804063620355972,0.05242690366236023,0.3654967664931242
hsa-miR-545-3p,0.43554183414582015,1.9803785667356009,0.052565516747581184,0.3654967664931242
hsa-miR-6761-5p,0.14954066701865737,1.999987752815499,0.05287237504465669,0.3654967664931242
hsa-miR-450a-5p,0.30933151117664054,1.9757387053277735,0.05305008122272573,0.3654967664931242
hsa-miR-11400,0.6420980850316246,1.9731814526985951,0.053851112484916294,0.36698185567206465
hsa-miR-326,0.3828416265815665,1.9674860810689674,0.054013472783035525,0.36698185567206465
hsa-miR-3922-3p,0.15793608255155211,1.971000219023223,0.054643196443433455,0.36698185567206465
hsa-miR-551b-3p,0.31997516149613037,1.9621295884027778,0.0547350315266643,0.36698185567206465
hsa-miR-361-3p,0.30788228481192537,1.9605907981220143,0.0554368892605436,0.36920968247522035
hsa-miR-16-5p,-0.10296198439796456,-1.9478125847139052,0.056565446164170106,0.37253460507420005
hsa-miR-6780b-3p,0.19893850488210488,1.9479469140102934,0.05678825062675902,0.37253460507420005
hsa-miR-148a-5p,0.4163152154238787,1.9381791195334777,0.05749242639672825,0.37253460507420005
hsa-miR-202-5p,0.38666813585618165,1.9387849910530883,0.05784025622218285,0.37253460507420005
hsa-miR-556-3p,0.46957419668444933,1.9346387955575655,0.057926597906586906,0.37253460507420005
hsa-miR-374b-5p,0.30338964616482844,1.935678219149142,0.05817357196353875,0.37253460507420005
hsa-miR-548aq-3p,0.34433505009080256,1.928461954069613,0.05879338017470427,0.3741056483727998
hsa-miR-628-3p,0.30050382451010327,1.9236775292932597,0.059552500592181326,0.37653764614929836
hsa-miR-93-5p,0.17322236520491607,1.914572750841053,0.060584883231279876,0.3772777468035299
hsa-miR-4632-3p,0.262225603440901,1.9165052630258428,0.061053413950636654,0.3772777468035299
hsa-miR-708-3p,0.1186809704363457,1.9169780992789225,0.06137783910308559,0.3772777468035299
hsa-miR-192-3p,0.3325046414352383,1.9049190888788041,0.06181384386678164,0.3772777468035299
hsa-miR-29c-5p,0.25613048058572563,1.9063184995614324,0.06201877317253651,0.3772777468035299
hsa-miR-6855-3p,0.34819063355360225,1.9025112353145672,0.06212458512630066,0.3772777468035299
hsa-let-7g-5p,-0.15513276718552937,-1.9007125947800612,0.062313141363946375,0.3772777468035299
hsa-miR-181a-3p,0.26371203283968514,1.8969362176194684,0.06281970314847149,0.3780535147308616
hsa-miR-30b-5p,0.3839505634648006,1.8851424035852435,0.06460990046784527,0.37836879782548083
hsa-miR-1250-5p,0.2445929544833989,1.8860117312206757,0.06484562130051687,0.37836879782548083
hsa-miR-27a-5p,0.3244139303626268,1.883208173187447,0.06493181492072195,0.37836879782548083
hsa-miR-9-5p,0.6050323899537391,1.880378299871753,0.06538996509628305,0.37836879782548083
hsa-miR-30c-5p,0.24875342524560295,1.8775655218401328,0.06598326509318551,0.37836879782548083
hsa-miR-3158-3p,-0.44203356509898084,-1.8694921185225846,0.06688371750900829,0.37836879782548083
hsa-miR-200a-3p,0.41986696100483556,1.865935436157013,0.06711804259774214,0.37836879782548083
hsa-miR-6774-3p,0.13341057615892346,1.8807572422283012,0.06728520140907505,0.37836879782548083
hsa-miR-616-3p,0.2837768414938921,1.8662344402804156,0.06743499380537735,0.37836879782548083
hsa-miR-22-5p,0.33142590292797314,1.8635971874373682,0.06750323628878806,0.37836879782548083
hsa-miR-1284,0.3683387565280678,1.8647131708954068,0.06756564469680082,0.37836879782548083
hsa-miR-4999-3p,0.21431903293085067,1.8765272064055876,0.06771719253413024,0.37836879782548083
hsa-miR-1255b-5p,-0.18786446169926396,-1.862942347323383,0.06779581062138244,0.37836879782548083
hsa-miR-615-3p,0.23788755390198418,1.8535758119305825,0.06897185161849127,0.3827937764826266
hsa-miR-340-5p,0.3345448509471076,1.8378675895319134,0.07134826078611013,0.38645047819567313
hsa-miR-210-5p,-0.15141293493449234,-1.8484657951380317,0.07185523830639336,0.38645047819567313
hsa-miR-548c-3p,0.12461003426837328,1.8520128524411947,0.07269786402323032,0.38645047819567313
hsa-miR-299-5p,0.2799345772577114,1.8301008458218964,0.07272366343409954,0.38645047819567313
hsa-miR-339-5p,0.4728796837644067,1.8270267366657085,0.07295640264891198,0.38645047819567313
hsa-miR-143-5p,0.45529973361387066,1.8252178438281934,0.07312146418843742,0.38645047819567313
hsa-miR-660-5p,0.21345178600602477,1.8247474564709711,0.07345861477811377,0.38645047819567313
hsa-miR-676-3p,-0.3540302135594051,-1.824625438650934,0.07395597163386622,0.38645047819567313
hsa-miR-339-3p,0.2717025497450205,1.822710629469854,0.07399032482651051,0.38645047819567313
hsa-miR-3613-3p,0.42530990934177093,1.818594173867365,0.07414130661495102,0.38645047819567313
hsa-miR-3688-5p,0.3181455638448858,1.8177399467951834,0.07432778392346633,0.38645047819567313
hsa-miR-1468-5p,0.2871516203976354,1.817175788600621,0.07435871803335886,0.38645047819567313
hsa-miR-548j-5p,0.4431361767001083,1.8196114695282377,0.07465960189365857,0.38645047819567313
hsa-miR-496,0.27685197683373874,1.8114133309639737,0.07536835395821675,0.3881081732178275
hsa-miR-3613-5p,0.29105645357093657,1.7981655541768664,0.07737148838226772,0.39413401305811957
hsa-miR-6772-3p,0.18450631172322263,1.8044635596644603,0.0777126752391953,0.39413401305811957
hsa-miR-23c,-0.2340653192998393,-1.805463160905706,0.0777221226951447,0.39413401305811957
hsa-miR-6505-3p,0.27281782893969775,1.7909946119458189,0.07851783594429186,0.39531635422756384
hsa-miR-624-5p,0.3722817953305415,1.790139961174829,0.07874670119247767,0.39531635422756384
hsa-miR-378c,0.24056233386029247,1.786401277703963,0.07934283020414135,0.39631743686968607
hsa-miR-9-3p,0.43294082263407274,1.782164730338764,0.08055250096303285,0.40035795254761103
hsa-miR-671-5p,0.3842517218673658,1.7745134004409024,0.08144135808544416,0.4005488574189431
hsa-miR-1260b,0.42763706553353376,1.7724425752833939,0.08157408672676056,0.4005488574189431
hsa-miR-106b-3p,0.21640109873836533,1.7768454457269438,0.08233377442624225,0.4005488574189431
hsa-miR-5189-3p,0.4766570206095446,1.7693077166958926,0.0825138743673038,0.4005488574189431
hsa-miR-132-3p,-0.30791587600772274,-1.7657413103036468,0.082755363226055,0.4005488574189431
hsa-miR-429,0.5398195054873427,1.7640110360440966,0.08299661009581703,0.4005488574189431
hsa-miR-760,0.49701997747489757,1.7598025982270886,0.0838427423385776,0.4011768550330624
hsa-miR-135a-5p,0.45425851244519033,1.7601425889355833,0.08392989259450455,0.4011768550330624
hsa-miR-6767-5p,0.30635549676545726,1.7530675366171837,0.08529275716834749,0.4057498305294244
hsa-miR-3942-5p,0.3210433954081624,1.7451532941853194,0.08631759730354789,0.4069794758222787
hsa-miR-320a-3p,0.16882485265370484,1.7445613071424257,0.08636601488921229,0.4069794758222787
hsa-miR-6724-5p,0.21237224317207307,1.7449547421120222,0.08743114630416646,0.40810391555244285
hsa-miR-199b-5p,0.38520276884322513,1.7366228023968011,0.08777638440592096,0.40810391555244285
hsa-miR-185-3p,0.34368763711789363,1.7366433891131925,0.08783017201579099,0.40810391555244285
hsa-miR-223-5p,0.3049204407988366,1.7241206284686896,0.09016767014151039,0.4170254744044856
hsa-miR-378a-5p,0.2916691576953352,1.7170462495480923,0.09130817157951907,0.4203542092531776
hsa-miR-455-5p,0.4141412153142092,1.7135166565486728,0.09204135352059498,0.42133223135146036
hsa-miR-30a-5p,0.3106839394719927,1.720111425129449,0.09238416651215339,0.42133223135146036
hsa-miR-376a-3p,0.386841970626147,1.7072767263388053,0.09351492342782337,0.42133223135146036
hsa-miR-375-3p,0.3935558062776927,1.7032838832693062,0.09388372997415541,0.42133223135146036
hsa-miR-3174,0.21115798531987057,1.6998783808016105,0.09460861680624116,0.42133223135146036
hsa-miR-107,0.4824140365268783,1.6975442020037181,0.09495672662947127,0.42133223135146036
hsa-miR-500a-5p,0.3880274156557886,1.6955263716892661,0.09534325809315158,0.42133223135146036
hsa-miR-185-5p,0.16477886653933815,1.6966148704682973,0.09539286649249823,0.42133223135146036
hsa-miR-214-5p,0.33467234668583934,1.6907104821330075,0.0962623460593376,0.42133223135146036
hsa-miR-130a-3p,0.21102526553025402,1.691230140814648,0.09648782563099645,0.42133223135146036
hsa-miR-6833-3p,0.2425337109502459,1.688907342941956,0.09663234678564966,0.42133223135146036
hsa-let-7e-3p,0.22237459221496836,1.6875452825959327,0.09691394044786689,0.42133223135146036
hsa-miR-4804-3p,0.1620141238982603,1.6895615569646896,0.09700341662746334,0.42133223135146036
hsa-miR-885-5p,0.5889622770817597,1.681482659441368,0.09926949378294571,0.42780384715842906
hsa-miR-6754-3p,-0.19131790763275855,-1.677263000800409,0.09934984238313868,0.42780384715842906
hsa-miR-505-5p,-0.24855873540950357,-1.6734817178733497,0.10026972776293767,0.4293010993208049
hsa-miR-3187-3p,0.36325730841254744,1.668304101649111,0.10090071560819745,0.4293010993208049
hsa-miR-129-5p,0.25464731565926757,1.666314155459761,0.10104939119378517,0.4293010993208049
hsa-miR-296-3p,0.19952079158227054,1.6784066617648152,0.10141647591562558,0.4293010993208049
hsa-miR-501-3p,0.22641954637451533,1.6637344610313758,0.10235293742921951,0.43143706536620374
hsa-miR-6758-3p,0.22658994261031917,1.6420036751580578,0.10601191997408674,0.44201686605773544
hsa-miR-145-5p,0.36146613377644243,1.6420179057552169,0.10615269324448255,0.44201686605773544
hsa-miR-217-5p,0.20696537239132795,1.6408112056727002,0.10689973245445081,0.44201686605773544
hsa-miR-4670-5p,0.08633401992640646,1.6390796153541747,0.10698391305105702,0.44201686605773544
hsa-let-7f-2-3p,0.20474285748761556,1.6341680581207523,0.10764477767408807,0.44201686605773544
hsa-miR-142-5p,0.25101423244497845,1.638960128618448,0.10780717051252377,0.44201686605773544
hsa-miR-3150a-3p,0.2858393276813542,1.632654462653786,0.10796007539348092,0.44201686605773544
hsa-miR-518c-3p,-0.1196389760314705,-1.6450689377790533,0.10848973463262974,0.4423724281550903
hsa-miR-23a-5p,0.19442005291230358,1.624375258465099,0.11015007835753238,0.447316781622662
hsa-miR-6857-3p,0.17312066410711896,1.6115030077443153,0.11265079503231785,0.45562001715500217
hsa-miR-125a-5p,0.2180935818444265,1.5991048644031876,0.11530046350776367,0.46283426669908445
hsa-miR-16-1-3p,0.29302677785552433,1.5958621498795749,0.11595602459921421,0.46283426669908445
hsa-miR-219a-5p,0.2524731956431075,1.595108318619062,0.11658021651262365,0.46283426669908445
hsa-miR-181a-2-3p,0.3325906108262391,1.6030081125274165,0.11674292492336155,0.46283426669908445
hsa-miR-361-5p,0.17355337625419764,1.592876036460889,0.11675098619436365,0.46283426669908445
hsa-miR-27b-3p,0.27849342911288844,1.5957384038375881,0.11746167957179418,0.4638111379139225
hsa-miR-127-3p,0.4889787992739829,1.57891431329884,0.11982220521178034,0.46403685750846596
hsa-miR-570-3p,0.300803074549729,1.5794575400404918,0.11993023113694608,0.46403685750846596
hsa-miR-33b-5p,0.30595528881008116,1.5785072162782503,0.12012245250083521,0.46403685750846596
hsa-miR-651-5p,0.30148474412022885,1.5773614016183504,0.12018240978971799,0.46403685750846596
hsa-miR-103b,0.12198952732871504,1.5759908448698559,0.12051269429694916,0.46403685750846596
hsa-miR-4742-3p,-0.41112748891511774,-1.5755459042101312,0.12076653176087734,0.46403685750846596
hsa-miR-6885-3p,0.11040655069025632,1.5775676657902984,0.12077035330550664,0.46403685750846596
hsa-miR-3157-5p,0.2707375511007024,1.5731648640729194,0.12131777021658675,0.46407164242614257
hsa-miR-221-3p,0.21569396035932442,1.566304804288686,0.12288448386871126,0.46407164242614257
hsa-miR-4435,0.2801549131755975,1.5633805604962145,0.12340342421582418,0.46407164242614257
hsa-miR-147b-3p,0.26783641686857196,1.562896759895659,0.12351832557298734,0.46407164242614257
hsa-miR-146a-5p,0.3218463030565335,1.562886650210511,0.12400694772822331,0.46407164242614257
hsa-miR-3667-3p,-0.2188090750483457,-1.5718242432789902,0.12436688753205692,0.46407164242614257
hsa-miR-122b-5p,0.4001442210169115,1.5600845896372018,0.12475063909201141,0.46407164242614257
hsa-miR-3614-3p,0.11882483531710733,1.5575261942058358,0.12506357230758794,0.46407164242614257
hsa-miR-664a-3p,0.31737380268778237,1.561830621452353,0.12524188190133134,0.46407164242614257
hsa-miR-551a,0.19951535798839443,1.5552202594082003,0.12553264900744077,0.46407164242614257
hsa-miR-3065-3p,0.2774134508606142,1.552925379647508,0.12588930440188653,0.46407164242614257
hsa-miR-6734-3p,0.25401217086065525,1.5511938048275047,0.12672197781076816,0.4653767594543075
hsa-miR-6741-3p,0.2789652942687133,1.5479407343447427,0.1272183824803481,0.4653767594543075
hsa-miR-4685-3p,0.327402534724508,1.5510540170551967,0.1276408729634437,0.4653767594543075
hsa-miR-550a-5p,0.2601646016150375,1.5419926843980494,0.12851429303784456,0.4668573772538426
hsa-miR-1843,0.24493336002034471,1.5381312826333897,0.1297820048777799,0.4697544306989208
hsa-miR-454-5p,0.21683440585724867,1.5391051981913548,0.13063331398726885,0.47112881109487936
hsa-miR-21-5p,0.17561112021103753,1.5271617358122413,0.13216650122526924,0.47356431398788296
hsa-miR-2110,0.18528264863444832,1.531151214035378,0.13225670030292228,0.47356431398788296
hsa-miR-218-5p,-0.5195043553324503,-1.5317461838501663,0.13279306891823325,0.4737866994618393
hsa-miR-548l,0.33426192716049097,1.5211276397802287,0.13408466726931517,0.47618962613398436
hsa-miR-4511,0.16334486172544202,1.518121466805385,0.13441989446424785,0.47618962613398436
hsa-miR-3140-3p,0.2875028709439116,1.515148888734031,0.135440844192963,0.478110965896714
hsa-miR-211-5p,-0.33469884255450055,-1.5130439888584344,0.13630836858069487,0.4794790852539231
hsa-miR-138-1-3p,0.0916102529976589,1.5091257208893267,0.13784841954859725,0.4828114832572151
hsa-miR-221-5p,0.2462214789265731,1.5036736757362135,0.13825127368317675,0.4828114832572151
hsa-miR-3684,0.21491819336191115,1.5056271892316517,0.13870560129611686,0.4828114832572151
hsa-miR-6859-5p,-0.2678051390208981,-1.5008444751154628,0.13975752434663577,0.4847839125773928
hsa-miR-3199,0.22068486707974744,1.4907541379473002,0.14155177354425832,0.48729822886670465
hsa-miR-4637,-0.21575165446570654,-1.4923866053153518,0.1418011556385316,0.48729822886670465
hsa-miR-3143,0.29146868278788407,1.4927554497381974,0.14194573033054161,0.48729822886670465
hsa-miR-433-3p,-0.1482257263814161,-1.4881567066201429,0.14257647976871424,0.48739254812090954
hsa-miR-486-5p,0.13367441102052524,1.485189361872003,0.14294896556499148,0.48739254812090954
hsa-miR-4741,0.14272306781030322,1.4778796037139215,0.14496108847264494,0.49058330158884333
hsa-miR-542-3p,0.2674811224696563,1.4803927892822908,0.1452239369415095,0.49058330158884333
hsa-miR-27a-3p,0.26175257098183025,1.4820175976357377,0.1453580152855832,0.49058330158884333
hsa-miR-188-5p,0.28993461402347953,1.4725642604227966,0.1462777640180758,0.49202520624261864
hsa-miR-5193,0.17879495528891964,1.4672857550482856,0.14774005620463126,0.493336130496294
hsa-miR-548ax,0.2480273041169434,1.4676148382237737,0.14809654556962987,0.493336130496294
hsa-miR-1271-5p,0.2767148245533477,1.4656355433755244,0.1481489881370252,0.493336130496294
hsa-miR-29a-3p,0.23264197271586617,1.465575737812118,0.1493284679469132,0.49561175906633326
hsa-miR-7850-5p,0.13757899401744075,1.4583390875583018,0.15036839643607208,0.4974106888729669
hsa-miR-3200-3p,0.299892442834214,1.4598897673917373,0.151063528359934,0.49806094003819823
hsa-miR-140-3p,0.15050340380057214,1.450942192225351,0.15225743690767188,0.49904437506052596
hsa-miR-548aw,0.21473948314831687,1.4487465665572177,0.15309073853076308,0.49904437506052596
hsa-miR-338-5p,0.20193095225142432,1.446494940875972,0.1535049767650794,0.49904437506052596
hsa-miR-7-1-3p,0.30165447653466293,1.4471628957973344,0.1541424079065621,0.49904437506052596
hsa-miR-17-5p,-0.15494428123173698,-1.441776004943499,0.15486430572871332,0.49904437506052596
hsa-miR-6881-3p,-0.25387603700567546,-1.4407767563695648,0.1558420492602429,0.49904437506052596
hsa-miR-450a-2-3p,0.1830288957850134,1.4391589267705498,0.15599495488095919,0.49904437506052596
hsa-miR-4632-5p,0.08174208786860455,1.4401667940650364,0.15642442064863063,0.49904437506052596
hsa-miR-4676-3p,0.1951770867472971,1.436204530831882,0.15650310422465122,0.49904437506052596
hsa-miR-148b-3p,0.16210626490725488,1.4385027711405811,0.15664171456200104,0.49904437506052596
hsa-miR-186-3p,0.2663065446955223,1.4338775164759257,0.15699622978158828,0.49904437506052596
hsa-miR-3682-3p,0.24282395368854326,1.432722591243541,0.15735633447854422,0.49904437506052596
hsa-miR-15a-5p,0.15091574143456654,1.4295402163441282,0.15831899201622887,0.4990628295575958
hsa-miR-323b-3p,0.5321546437829241,1.4290287328214897,0.15836127824800586,0.4990628295575958
hsa-miR-569,0.21986190789455806,1.4271907172552751,0.15888828931712096,0.49914905983586116
hsa-miR-30c-1-3p,0.27200969490682037,1.4252164725739154,0.1596111752232179,0.4998481631598579
hsa-miR-1255a,-0.32914037420005693,-1.4216334938612591,0.1605175498102298,0.5011157258138111
hsa-miR-545-5p,0.2817460309394788,1.4158702441621556,0.16222045434256582,0.5021028787523188
hsa-miR-181c-5p,0.32291096631083427,1.4185409051643028,0.16240452565379995,0.5021028787523188
hsa-miR-30e-3p,0.24875985974505976,1.4146290075835735,0.1627742523525444,0.5021028787523188
hsa-miR-340-3p,0.22285934025365028,1.415694771380938,0.16284417689264394,0.5021028787523188
hsa-miR-625-3p,0.25975072560356516,1.4122513742617295,0.16393958242388837,0.5039250548968137
hsa-miR-4750-5p,0.1717644393576648,1.4079627416788691,0.16465697488762213,0.5045776623090016
hsa-miR-3529-3p,0.13597878823242726,1.4108720771629641,0.16522344019664428,0.5047651888576381
hsa-miR-625-5p,0.3505564559622205,1.4032135593648942,0.16588443007304232,0.5052394684236868
hsa-miR-1285-5p,0.19399543749905673,1.3985667043317453,0.16728187168997055,0.5054250302633181
hsa-miR-503-3p,-0.09903196928310602,-1.3980253547614372,0.16820940849201585,0.5054250302633181
hsa-miR-548e-3p,0.3269555808305884,1.3972499180387181,0.16880411935494222,0.5054250302633181
hsa-miR-497-5p,0.3488178408308098,1.3933447401723953,0.16884015738420086,0.5054250302633181
hsa-miR-653-3p,0.13715342488239862,1.3962111393206214,0.16898589459887856,0.5054250302633181
hsa-miR-4665-5p,-0.17456310166135344,-1.3940325528021336,0.16945809415200863,0.5054250302633181
hsa-miR-1304-3p,0.10455820776990743,1.4089360919965992,0.16948687201022178,0.5054250302633181
hsa-miR-140-5p,-0.19880039601422972,-1.3889793353618691,0.1701871453156152,0.505743726291063
hsa-miR-193a-5p,0.2799100789897171,1.3877941937887022,0.17134342044883127,0.505743726291063
hsa-miR-6882-3p,-0.14539326825972584,-1.3828611940418871,0.1722578341427494,0.505743726291063
hsa-miR-26a-1-3p,0.4116353163951676,1.3822524777169372,0.1722597229958386,0.505743726291063
hsa-miR-181d-5p,-0.3072910770825561,-1.3815250527361949,0.17242455994430156,0.505743726291063
hsa-miR-4654,-0.09302762807390891,-1.3925606159827408,0.17263124190715964,0.505743726291063
hsa-miR-3691-3p,0.09784304507227472,1.3821049644674221,0.17374391559889793,0.506248319235586
hsa-miR-431-3p,0.16723841813305285,1.3807591773826644,0.17392763075040094,0.506248319235586
hsa-miR-34a-5p,0.40203693698841203,1.3786061775394354,0.17451295976501077,0.506248319235586
hsa-miR-6730-5p,0.13641235288899642,1.3742070361681271,0.17483050063691408,0.506248319235586
hsa-miR-4795-5p,0.09193340605970399,1.3709995008953608,0.17714988182470057,0.5089394687929374
hsa-miR-627-5p,0.22912188266435463,1.3675160284622252,0.1771565477636617,0.5089394687929374
hsa-miR-1287-5p,0.3305540959566007,1.362604516741786,0.17831040193442182,0.5089394687929374
hsa-miR-6503-3p,0.16376394962516433,1.3619775872156028,0.1785242377891839,0.5089394687929374
hsa-miR-149-5p,-0.3098759764091177,-1.363074725632578,0.1786810535506731,0.5089394687929374
hsa-miR-579-5p,-0.24818343171331092,-1.3613461932370428,0.17881657011643745,0.5089394687929374
hsa-miR-29b-3p,0.14999101251017777,1.360643443820406,0.17960598055864904,0.5097340186877568
hsa-miR-6806-3p,0.1778835626160713,1.355167705519174,0.1806192091112187,0.5110304211487026
hsa-miR-598-3p,0.17540949428688624,1.3541044144787582,0.1810858549415823,0.5110304211487026
hsa-miR-3620-3p,0.16667702526401362,1.3524983745204218,0.18169316169688865,0.5112999113667374
hsa-miR-7976,0.3083275324981314,1.3388353031466818,0.18594405225307448,0.5217924387663523
hsa-miR-483-3p,0.2970225302510907,1.3298465945225821,0.18878203384912756,0.5276741463517692
hsa-miR-215-5p,0.34332839716192964,1.3283519712264749,0.18935456789119212,0.5276741463517692
hsa-miR-610,0.21392886789353194,1.323994310031443,0.19070308608804146,0.5276741463517692
hsa-miR-345-5p,0.20577529834119623,1.3253892629235193,0.19112368042737513,0.5276741463517692
hsa-miR-6503-5p,0.08723584094606296,1.322204268373077,0.19131171072643294,0.5276741463517692
hsa-miR-320b,0.11940118179794101,1.3218479562238834,0.1914105327005359,0.5276741463517692
hsa-miR-194-3p,0.08185063335465041,1.3232546937423313,0.1917374525782705,0.5276741463517692
hsa-miR-30c-2-3p,0.193593222341702,1.3188956051120382,0.19239502116689744,0.5280291927080509
hsa-miR-1237-3p,0.1780045235278968,1.317383290576713,0.19338575180801099,0.5292941535786383
hsa-miR-3130-5p,-0.2881992941045616,-1.3054873054532152,0.19692689857554196,0.5375135838168481
hsa-miR-4422,0.07420945697786792,1.301764182839441,0.1997522150185651,0.5427562074216463
hsa-miR-98-3p,0.2050188315246706,1.2916213796830314,0.2016522684751739,0.5427562074216463
hsa-miR-1296-5p,0.2996077123155403,1.291292819584772,0.20183800911386818,0.5427562074216463
hsa-miR-3683,0.11658295461591356,1.2914053517559172,0.2020553230623754,0.5427562074216463
hsa-miR-4677-3p,0.20783517568456544,1.2903070177482578,0.20207564865169897,0.5427562074216463
hsa-miR-10399-5p,0.2288627891122441,1.2893533143931641,0.2023936087572162,0.5427562074216463
hsa-miR-4746-5p,0.18121486774520673,1.2888714209811258,0.20265071608435842,0.5427562074216463
hsa-miR-150-5p,0.22967165308828008,1.2818298568526205,0.2053760091809622,0.5485845806732118
hsa-miR-3680-3p,0.12265654705181961,1.2803703008521967,0.20625787654521774,0.54947098311646
hsa-miR-7110-3p,0.08924988583867631,1.2781866544665172,0.20686394967153413,0.5495366035797294
hsa-miR-95-3p,0.26992058563831023,1.2758339344898266,0.20738268223178982,0.5495366035797294
hsa-miR-4657,0.0606383866310691,1.2735475861932724,0.20882514501443306,0.5505066946315492
hsa-miR-490-3p,0.106639093685194,1.275943046827048,0.20885088815351066,0.5505066946315492
hsa-miR-744-3p,0.08036926438119496,1.2697489405886384,0.20988636941919112,0.5517802185520314
hsa-miR-1976,0.21162316158546224,1.2686420737187343,0.21067792509216043,0.5518266260921625
hsa-miR-485-5p,0.33517804981595045,1.2651248188537225,0.211366277394416,0.5518266260921625
hsa-miR-4745-3p,0.11772135735483336,1.262776110894884,0.2117582474477903,0.5518266260921625
hsa-miR-766-5p,0.21534038885247542,1.263265583120913,0.21211353795734775,0.5518266260921625
hsa-miR-26a-2-3p,0.25681448846719257,1.2582497189841988,0.21348984219371206,0.5539645515623853
hsa-miR-122-5p,0.41883892304915804,1.2535839625250162,0.21562808485407264,0.5563623881320006
hsa-miR-1298-5p,0.12322680737651688,1.2549375489179504,0.21563217813568128,0.5563623881320006
hsa-miR-202-3p,-0.15329655394844632,-1.2516087054252303,0.2163855943824016,0.5563623881320006
hsa-miR-485-3p,0.49059805926695566,1.249572416060762,0.21664161059394219,0.5563623881320006
hsa-miR-6741-5p,-0.1767700423937696,-1.2459955311475088,0.21780948324214555,0.5569043041702418
hsa-miR-4795-3p,-0.07880368253112426,-1.2495713970805482,0.21840470932133474,0.5569043041702418
hsa-miR-195-5p,0.1837704703452525,1.2460761528561173,0.2185250122469818,0.5569043041702418
hsa-miR-1-3p,0.4152291212430006,1.2414895833613369,0.2196704901945814,0.5569849913888053
hsa-miR-223-3p,0.24583128738916926,1.2421585194483227,0.22019295020418567,0.5569849913888053
hsa-miR-24-3p,0.15986352731547981,1.2425216403789436,0.2202293008994776,0.5569849913888053
hsa-miR-6832-5p,-0.1945738426140412,-1.2356898103164076,0.22274460552439052,0.5619238912092579
hsa-miR-5583-5p,0.22068311366926896,1.2308444268732752,0.22354778272507894,0.5625036625931831
hsa-miR-4755-5p,-0.20783473062055258,-1.2302627326399382,0.22410055827035721,0.5625036625931831
hsa-miR-335-3p,0.3894359331319648,1.2263404502823503,0.22546828669312147,0.563612127308509
hsa-miR-6502-5p,0.10233279168431463,1.2246601994360793,0.226151008488886,0.563612127308509
hsa-miR-1238-3p,0.12994346204545104,1.2246721072282145,0.22623469774846056,0.563612127308509
hsa-miR-6825-5p,-0.1456250457216826,-1.224313600528011,0.22898473181818518,0.5690441469810125
hsa-miR-6884-3p,0.08216885030290563,1.2148705857788697,0.23036579861325662,0.569284932662627
hsa-miR-133a-3p,0.3585229078423162,1.2115225604168531,0.2306895325538786,0.569284932662627
hsa-miR-4749-5p,-0.0661013107688749,-1.2109796159922452,0.2316163157674008,0.569284932662627
hsa-miR-3133,-0.12589376757781012,-1.2141706602214528,0.23197345172818795,0.569284932662627
hsa-miR-4433b-3p,0.20296756472395872,1.2066437104879644,0.2324712665966728,0.569284932662627
hsa-miR-2278,0.1730783313852542,1.2055079885011033,0.23294689983024916,0.569284932662627
hsa-miR-4536-3p,-0.09143005009722852,-1.2095945679817048,0.23325810669496982,0.569284932662627
hsa-miR-6734-5p,0.2109043866405318,1.2044731707936398,0.23392783180387797,0.569284932662627
hsa-miR-6883-3p,0.13734175079110242,1.2024354694971942,0.23428143367031853,0.569284932662627
hsa-miR-342-5p,-0.2794639173600859,-1.197899704964053,0.23588540861954033,0.569284932662627
hsa-miR-324-5p,0.12196202244184384,1.1965881316392672,0.23641175978627207,0.569284932662627
hsa-miR-548b-5p,0.14257991000493714,1.1961531324447032,0.23654090263709548,0.569284932662627
hsa-miR-5094,0.09813974124802921,1.1965740835067196,0.23728868857441449,0.569284932662627
hsa-miR-618,-0.12666205466736385,-1.19673226633864,0.238117611085726,0.569284932662627
hsa-miR-193b-5p,0.35408728653290034,1.1920898457987312,0.23816482189859406,0.569284932662627
hsa-miR-301a-3p,0.15681720523492348,1.1929528806379495,0.23857801427067693,0.569284932662627
hsa-miR-330-5p,0.2070267832435002,1.1907921803590988,0.23876915594158232,0.569284932662627
hsa-miR-1262,0.0838907169248303,1.1880769831773854,0.24002264551572303,0.5709110068338269
hsa-miR-4781-5p,-0.12932847776401454,-1.1868411051257397,0.24093681643157142,0.5717241796084082
hsa-miR-671-3p,0.3392925493417467,1.1811426695719904,0.24236714368952228,0.573176588838624
hsa-miR-6516-3p,0.12572590452259413,1.1794594195972243,0.24304216274476817,0.573176588838624
hsa-miR-139-3p,0.22104434498437087,1.181790082750833,0.24327014381138798,0.573176588838624
hsa-miR-628-5p,0.28564083206307433,1.1758901650591997,0.24496182374146117,0.5745999901433693
hsa-miR-126-3p,0.18002626947244416,1.1761138293404259,0.2450246204214968,0.5745999901433693
hsa-miR-6783-5p,0.11916917134022362,1.1701454757472158,0.24689349510794817,0.577626701669415
hsa-miR-4446-3p,0.30191304808591135,1.1626806237834217,0.24984905778171854,0.5831757213176094
hsa-miR-6743-3p,0.08447102446224745,1.1576909092726193,0.2517390267488978,0.586217453897783
hsa-miR-3074-5p,0.16851463415494727,1.1589175426255165,0.2524772797471861,0.5865693080638114
hsa-miR-130a-5p,0.09242000632953062,1.1548542571202907,0.2543158545668343,0.5888707349852248
hsa-miR-204-5p,0.22654315886313325,1.150817112236132,0.254646804317935,0.5888707349852248
hsa-miR-6509-5p,-0.08563268884496407,-1.1462453338567224,0.2576628103857587,0.5940915287559648
hsa-miR-4635,0.11812890875880108,1.142281450149132,0.2584538347918851,0.5940915287559648
hsa-miR-650,0.1670133491925695,1.1419246427122525,0.25868850351235706,0.5940915287559648
hsa-miR-3188,-0.17604565315534132,-1.140272784722992,0.25931586938757817,0.5941664071518132
hsa-miR-181a-5p,-0.17527418176711684,-1.1364916846512276,0.26104847684901805,0.5967675706456957
hsa-miR-4766-5p,-0.10334812955181603,-1.1308124574293392,0.26302436091770115,0.5999117272985924
hsa-miR-20a-3p,0.24676885770225776,1.1238684675708508,0.26635687702176325,0.6058938809165457
hsa-miR-6505-5p,0.11815890108833108,1.1212939694912105,0.26686016777105115,0.6058938809165457
hsa-miR-2115-3p,0.10959234560128658,1.1174617422901185,0.2685824843259228,0.606293886487451
hsa-miR-4536-5p,-0.08595221765437112,-1.119480826325305,0.26907589116175645,0.606293886487451
hsa-miR-6852-5p,0.2636350587294739,1.1157658913985482,0.2691895125007065,0.606293886487451
hsa-miR-4433b-5p,0.404391536577382,1.115144677581269,0.2694639495499782,0.606293886487451
hsa-miR-369-3p,0.3602674556953951,1.1141456849462321,0.27014960086342404,0.6064706769945183
hsa-miR-4999-5p,0.18215863976068336,1.111145714895797,0.2711095777009824,0.6065408836131104
hsa-miR-3135a,0.1892570333549708,1.1098032533204878,0.27186701143414194,0.6065408836131104
hsa-miR-939-5p,0.17782299040739752,1.108392453889254,0.27227529278347923,0.6065408836131104
hsa-miR-629-3p,-0.20469948183794728,-1.1079797501249389,0.2726094662084951,0.6065408836131104
hsa-miR-33a-5p,0.31652769766064703,1.1043849071778677,0.27411204609368484,0.6085287423279804
hsa-miR-4747-3p,-0.13461944495258577,-1.1029272627915898,0.2749273624460635,0.6089854436443846
hsa-miR-5187-5p,0.22407821082759005,1.0953322279758861,0.27793382025217384,0.6142829345838975
hsa-miR-3173-3p,-0.1246009732174628,-1.0924657643652687,0.2797707461062741,0.616977870552247
hsa-miR-10527-5p,0.18527075896144618,1.0890772488348555,0.28169872264443785,0.6198612861713512
hsa-let-7d-3p,0.09898565574282792,1.0855310385835037,0.28266996524562593,0.6203613350847142
hsa-miR-5010-5p,-0.15175254235500946,-1.08328504185633,0.28316793673536506,0.6203613350847142
hsa-miR-502-5p,0.11588698852200843,1.0806305091300799,0.2843345540984148,0.6215540909066004
hsa-miR-127-5p,0.15024801752011313,1.078643660806687,0.28573492053463256,0.623037093284907
hsa-miR-942-3p,-0.0728600817688345,-1.0808844382771376,0.2862602861038762,0.623037093284907
hsa-miR-5696,-0.10107107859471692,-1.0746235896274456,0.2873121931998245,0.623967132623097
hsa-miR-544a,0.08123239256941281,1.0718371303453806,0.28878006320138866,0.62506968228322
hsa-miR-374b-3p,0.2150167513280179,1.0700294646942707,0.289071264479327,0.62506968228322
hsa-miR-151a-3p,0.20869808650283517,1.0636209584290472,0.29202491467317876,0.6300926344676147
hsa-miR-6769b-3p,0.06149952284573164,1.059755890976026,0.29425262140708414,0.6335309672105109
hsa-miR-495-5p,0.08379951540446566,1.0576081005115492,0.29621895188310887,0.6347814966715106
hsa-miR-141-5p,0.1744070612218377,1.0538570597919525,0.2965642269049609,0.6347814966715106
hsa-miR-484,0.1095463324006758,1.0518337335056656,0.2972548441496729,0.6347814966715106
hsa-miR-487b-3p,0.2976489864049925,1.0515816548271661,0.2973751155578248,0.6347814966715106
hsa-miR-6837-3p,0.09169750336988983,1.0498783612255433,0.29830928038388266,0.6353130915716034
hsa-miR-548d-3p,0.12928704088911241,1.0480631533926736,0.29907297211560196,0.6353130915716034
hsa-miR-101-5p,0.11946433785865185,1.0468660598176716,0.29953199812835357,0.6353130915716034
hsa-miR-190a-5p,0.19817085444446647,1.0442530906475296,0.300706490871532,0.6362851833112186
hsa-miR-6783-3p,0.13874471522330656,1.0409162594116637,0.3022897130997543,0.6362851833112186
hsa-miR-491-3p,0.07385570542012075,1.0435610110453628,0.30328913287704085,0.6362851833112186
hsa-miR-136-5p,0.26037901512302786,1.0382827590563621,0.3034590670455029,0.6362851833112186
hsa-miR-18b-3p,0.09862581217531943,1.0372587907430972,0.30411456794243086,0.6362851833112186
hsa-miR-513c-5p,-0.09740202305743628,-1.041149604684831,0.3044414256535646,0.6362851833112186
hsa-miR-101-3p,0.09364218658187262,1.0344771658722187,0.3052111068894409,0.6362851833112186
hsa-miR-208b-3p,0.29069374101331524,1.0339095399194738,0.3054759124267042,0.6362851833112186
hsa-miR-122b-3p,0.345236220226008,1.0328129563060655,0.30632103021879853,0.6362851833112186
hsa-miR-3191-5p,-0.1041289914200569,-1.0323146847943303,0.30635953270540156,0.6362851833112186
hsa-miR-6810-5p,0.09897123457849247,1.0331998610838313,0.308314609128456,0.6383723030080586
hsa-miR-6514-3p,0.05585281966357825,1.0273655069160377,0.3088606853945576,0.6383723030080586
hsa-miR-186-5p,0.08454453719337707,1.025753116701194,0.3092814761320324,0.6383723030080586
hsa-miR-4690-3p,0.0937208873543535,1.0196567590782997,0.31244253202413896,0.6435671948291027
hsa-miR-329-5p,0.14244237845569893,1.0147843090379778,0.31468875616075026,0.6446602128154412
hsa-miR-122-3p,0.3377329601707155,1.0149943406858013,0.3147075920101285,0.6446602128154412
hsa-miR-3680-5p,-0.11001847337272841,-1.0144461164072953,0.3149090929468822,0.6446602128154412
hsa-miR-3130-3p,-0.11991949803495272,-1.0117634999393579,0.3163272205682388,0.6454225407114927
hsa-miR-10398-5p,-0.06899472282919679,-1.0124677899216181,0.3165736185671987,0.6454225407114927
hsa-miR-501-5p,0.20681314656426908,1.0076295212332924,0.31812304613274495,0.6472605358179474
hsa-miR-488-3p,0.09264052115988851,1.0027844345677752,0.32040635912156773,0.6505812048017198
hsa-miR-206,-0.3957803832784421,-1.0007253765538067,0.32119855518625345,0.6508281130031153
hsa-miR-499b-3p,0.22922778061875948,0.9976670111966024,0.32277876057025656,0.6508281130031153
hsa-miR-449a,0.16920627001966437,0.9968548961238265,0.3229959102460003,0.6508281130031153
hsa-miR-6762-3p,0.10630058319169466,0.9949119928105019,0.3240309594177518,0.6508281130031153
hsa-miR-1285-3p,-0.16227467169161525,-0.99484314945974,0.32409905184182475,0.6508281130031153
hsa-miR-382-3p,0.24555578077872586,0.9939526173921491,0.3244368371126641,0.6508281130031153
hsa-miR-29b-1-5p,-0.12326448031907472,-0.9914300438583422,0.32684249615352523,0.6522371927855796
hsa-miR-4719,-0.09212478881200795,-0.9915162603020294,0.327075876120133,0.6522371927855796
hsa-miR-4433a-5p,0.1575524432868738,0.9847926404868587,0.32885290947123513,0.6522371927855796
hsa-miR-323a-3p,0.251635032250622,0.9846922171294494,0.3288949063528898,0.6522371927855796
hsa-miR-20a-5p,0.09613178940174194,0.9845246728312346,0.3292393701778069,0.6522371927855796
hsa-miR-147b-5p,0.08823435876101395,0.9826775368445061,0.3299604290431189,0.6522371927855796
hsa-miR-125a-3p,-0.20419221340336913,-0.9819726626378632,0.3301920640929251,0.6522371927855796
hsa-miR-6729-3p,-0.11968599225450632,-0.9805560398887762,0.33151111389175536,0.6522371927855796
hsa-miR-1180-3p,0.1494654063068923,0.9786033537280386,0.33194641807864944,0.6522371927855796
hsa-miR-199a-5p,0.28526728788930544,0.9778990658475026,0.33221588654136835,0.6522371927855796
hsa-miR-874-5p,0.16088607244587533,0.9777029426045506,0.33232105218004004,0.6522371927855796
hsa-miR-652-3p,-0.1366656837796949,-0.9763446154680322,0.33300203907287473,0.6522922294780429
hsa-miR-3928-3p,0.13814427337166835,0.9744446064737207,0.33388692003495646,0.6527456616730362
hsa-miR-4729,-0.11055936606289529,-0.968960808098842,0.33731170365285196,0.6576588183039908
hsa-miR-4773,-0.09289933574390954,-0.966150421473716,0.33814956077144903,0.6576588183039908
hsa-miR-6511a-3p,-0.1895338463766123,-0.9660073542097097,0.3383750076158671,0.6576588183039908
hsa-miR-4429,-0.11985919281767438,-0.9581036645182882,0.3421649167445161,0.6637334986947021
hsa-miR-664b-3p,0.21119099230077043,0.9543008807229402,0.34389214001294094,0.6641189160952681
hsa-miR-3688-3p,0.14341953957939646,0.9544969325936776,0.3441112992392844,0.6641189160952681
hsa-miR-369-5p,0.329165154486029,0.9530504046598862,0.34470695655018957,0.6641189160952681
hsa-miR-32-3p,0.17398467848901833,0.9520302178608061,0.34504071552489063,0.6641189160952681
hsa-miR-150-3p,0.2347268362280719,0.9512627162825564,0.3456875238934328,0.6641189160952681
hsa-miR-6780a-5p,-0.16855713046247,-0.9495953376730103,0.34639589967413154,0.6642025024461754
hsa-miR-224-5p,0.36352999373190364,0.9483021388408008,0.34751573438969113,0.6650732158147536
hsa-miR-766-3p,0.31623185149907385,0.9456459731189768,0.3483227414349359,0.6653430567753364
hsa-miR-6731-5p,0.06210726436439494,0.9459254585417626,0.3491977338186284,0.6657414810778812
hsa-miR-450a-1-3p,0.15837018267689995,0.9392872300476347,0.3514912687570768,0.6669165286369291
hsa-miR-451a,-0.12356198678647345,-0.9375424165852146,0.35236776117012564,0.6669165286369291
hsa-miR-4639-5p,0.1522637153974175,0.9386146879603641,0.3525741928675815,0.6669165286369291
hsa-miR-4779,-0.10697661395238764,-0.937481733173563,0.35281904523643287,0.6669165286369291
hsa-let-7b-3p,0.1273225811254699,0.9363366522914665,0.35315199564458005,0.6669165286369291
hsa-miR-3157-3p,0.10018175809898702,0.9322167925242134,0.3554316502752641,0.669955129481111
hsa-miR-1306-3p,-0.15217879720584815,-0.9251279433928177,0.3588461198343797,0.6751172762985788
hsa-miR-3064-5p,0.1563636924563364,0.9215946507155987,0.3606059267258208,0.6771528586449154
hsa-miR-1307-5p,0.22585741530392944,0.9199721581086818,0.3614406411592561,0.6774469052872362
hsa-miR-214-3p,0.22225841221129472,0.916375939119948,0.3633255907407283,0.6797046163857445
hsa-miR-27b-5p,0.13876084811727768,0.9132849327325355,0.36492300047349324,0.6814169672392892
hsa-miR-210-3p,0.2061235430204209,0.9121775694261043,0.3665226839798641,0.6831271665967988
hsa-miR-3675-5p,0.06993551899953325,0.9021074624982597,0.37086858378173465,0.6899398793257968
hsa-miR-134-5p,0.2999236103276255,0.8993590553683667,0.3721909103332775,0.6905364478829702
hsa-miR-5189-5p,0.19301476595129197,0.8985771293985828,0.37262475697213987,0.6905364478829702
hsa-miR-5581-3p,0.05218775850135247,0.8990413366845504,0.37326294480160555,0.6905364478829702
hsa-miR-6873-3p,-0.13729091204101046,-0.8869149919494768,0.37896954061377064,0.6997977284161865
hsa-miR-4732-5p,-0.08808540022874212,-0.8849237256984207,0.3798745540299139,0.7001746853798597
hsa-miR-4738-3p,0.0832737649418668,0.882075013289574,0.38150620140617353,0.7014951432760396
hsa-miR-4662a-5p,0.2083025709737485,0.8810408071862453,0.38199535329546097,0.7014951432760396
hsa-miR-425-3p,0.19528042746536123,0.8772895252280958,0.3845940493629902,0.7049714776396829
hsa-miR-6847-5p,0.07093519936630627,0.8677945495637523,0.3891395645354853,0.71199711533141
hsa-miR-3190-3p,-0.08426257409863926,-0.8660066762635406,0.3901115331515193,0.7124706062493013
hsa-miR-6513-5p,0.11390641467779838,0.8606060192220152,0.39304421142653756,0.714342875341043
hsa-miR-4646-5p,-0.09418633170713353,-0.861271503811668,0.39332806104441503,0.714342875341043
hsa-miR-1278,0.1603389876838659,0.8599922727178764,0.39333479638314744,0.714342875341043
hsa-miR-744-5p,0.20151453680237008,0.8588085927199353,0.39399692123414887,0.714342875341043
hsa-miR-6862-5p,0.11040735599930568,0.8559970707500467,0.3957268586903063,0.7149792609949616
hsa-miR-548o-3p,0.1494794945389697,0.8552055198507921,0.3959851674122534,0.7149792609949616
hsa-miR-659-5p,-0.13122052258391176,-0.8555259375583818,0.3964950055968055,0.7149792609949616
hsa-miR-4638-3p,0.06132682619004741,0.8519844748543882,0.3979510469251646,0.7163118844652963
hsa-miR-4732-3p,0.073027638476443,0.8450995057939062,0.4018110619630881,0.7193437608263111
hsa-miR-29a-5p,0.15593518205190604,0.844392694451599,0.40191985153389853,0.7193437608263111
hsa-miR-652-5p,0.10354290399991625,0.8444248914504937,0.4019244795058812,0.7193437608263111
hsa-miR-6793-3p,0.12774177550970744,0.8423050130662202,0.4031316767154922,0.7193437608263111
hsa-miR-6750-3p,-0.08514809040512897,-0.8439565973174882,0.4032357418045388,0.7193437608263111
hsa-miR-203a-3p,0.23228115384637604,0.8369365287369848,0.40607588299703357,0.7219561259946982
hsa-miR-5683,0.06083005130036,0.8363252885019345,0.40683633940241404,0.7219561259946982
hsa-miR-184,-0.19214411693895972,-0.8359838809394979,0.4068681671021172,0.7219561259946982
hsa-miR-10a-3p,0.17596695577567867,0.8319817712733814,0.4089789360375421,0.7231850257308529
hsa-miR-708-5p,-0.15091051132732414,-0.8310895337754228,0.4093782020772131,0.7231850257308529
hsa-miR-548al,0.06307543904569471,0.8305278136725631,0.4097324570206834,0.7231850257308529
hsa-miR-30d-3p,0.16879804723298086,0.8283902394927775,0.41085078951582293,0.7238799624802594
hsa-miR-329-3p,0.19810109689468924,0.8251544538381992,0.41267013479033215,0.7258053955203201
hsa-miR-135b-5p,0.09916695744736412,0.8230912733487082,0.4139150551975948,0.7266637300060199
hsa-miR-3179,-0.06998635420495092,-0.820455945662947,0.4157729261215578,0.7266637300060199
hsa-miR-4745-5p,0.0686080713019542,0.8195120696721192,0.41593701710638686,0.7266637300060199
hsa-miR-181b-5p,-0.09109303161904947,-0.8194441249371625,0.41606772128472813,0.7266637300060199
hsa-miR-4644,-0.0462655953786215,-0.8124758651544718,0.4204655631997042,0.7316264427136127
hsa-miR-873-5p,-0.15116705687678034,-0.8111730713325562,0.4206045602407372,0.7316264427136127
hsa-miR-548t-5p,0.07757053005170678,0.8108399662558974,0.4211063108711985,0.7316264427136127
hsa-miR-3124-5p,-0.13353923879433438,-0.8073423052597822,0.422877512103502,0.7324236724700534
hsa-miR-1249-3p,0.1931249574653242,0.8069208143961994,0.4230314905057265,0.7324236724700534
hsa-miR-424-3p,-0.15191337937586935,-0.8027830174818298,0.42554333782153736,0.7348980028460556
hsa-miR-4728-3p,-0.09898390760048886,-0.8035372404602779,0.42641941004506234,0.7348980028460556
hsa-miR-6866-5p,0.12297625912884813,0.800430368216562,0.4272990487789472,0.7348980028460556
hsa-miR-331-5p,0.16687260294462747,0.7990315818036098,0.42753221433432315,0.7348980028460556
hsa-miR-190a-3p,-0.15343705469737495,-0.8000151798455359,0.42813877643283715,0.7348980028460556
hsa-miR-3136-5p,0.1269685626100021,0.7962225390957671,0.4292768332103016,0.7350346944857991
hsa-miR-219b-5p,0.10676601635035049,0.7950586765700894,0.42988049647711546,0.7350346944857991
hsa-miR-1273h-3p,0.1997805575217242,0.7929286297438267,0.4310653321997013,0.7350346944857991
hsa-miR-1323,0.06421804139087409,0.7931167348629417,0.4311614924611394,0.7350346944857991
hsa-miR-5000-3p,0.06608833025398553,0.7845457799969524,0.43596690950985556,0.7415975006070821
hsa-miR-642b-5p,0.14768518045105794,0.783376568166637,0.4367286001258374,0.7415975006070821
hsa-miR-6754-5p,0.0633883080566449,0.7822717507213117,0.43723816602359494,0.7415975006070821
hsa-miR-558,0.15415260273651932,0.7810560023535595,0.4380124884463526,0.7416516541659428
hsa-miR-576-5p,0.10144502583161952,0.7755724254641599,0.4413384300323642,0.7445442419207502
hsa-miR-6859-3p,0.11336427934484422,0.7744449929889896,0.44181866177748397,0.7445442419207502
hsa-miR-195-3p,0.1232083629132219,0.7742944808142601,0.44195669215115607,0.7445442419207502
hsa-miR-34c-5p,0.1394490500850537,0.770518966616906,0.44420806138272545,0.7466189155609535
hsa-miR-1224-3p,0.04489833387548711,0.7684980790903739,0.445314374504159,0.7466189155609535
hsa-miR-1343-3p,0.15271166770770805,0.7675303017025904,0.44589704264407326,0.7466189155609535
hsa-miR-181b-3p,0.0820827801977588,0.7670388822387922,0.4461776702601494,0.7466189155609535
hsa-miR-6786-3p,-0.11893327603261694,-0.7597259925064077,0.45049591335281286,0.7525843100994315
hsa-miR-4799-5p,0.08452525264709893,0.7587665359559675,0.45125434133623205,0.752592799657589
hsa-miR-3177-3p,0.13161493665404556,0.7537057436980058,0.4540773175205649,0.7553561686543511
hsa-miR-4467,0.12826687928860797,0.7534960745914667,0.4544234808421071,0.7553561686543511
hsa-miR-3913-3p,-0.1204066960310255,-0.7499491579286218,0.45652532172114996,0.7575096008595863
hsa-miR-3158-5p,-0.16945837020395071,-0.7484512723993295,0.45723552484317376,0.7575096008595863
hsa-miR-4772-3p,-0.176035132064986,-0.7389046050622635,0.46309486875370914,0.7620405931518583
hsa-miR-154-5p,0.1559665671945596,0.7380414693115086,0.4635781772315367,0.7620405931518583
hsa-miR-1537-3p,-0.12210426543654784,-0.7378192659246114,0.4636428693114837,0.7620405931518583
hsa-miR-655-3p,0.06800154030538699,0.7366030449096836,0.46433390509892625,0.7620405931518583
hsa-miR-1234-3p,0.06889167631000687,0.7350524480045322,0.4653313690678974,0.7620405931518583
hsa-miR-493-3p,0.22677292750003053,0.7339741987903047,0.46592311751524607,0.7620405931518583
hsa-miR-6764-5p,0.10079075233626983,0.732884686439072,0.46659080560727867,0.7620405931518583
hsa-miR-4473,-0.039869923263559266,-0.7316427754349232,0.4676485614121619,0.7620405931518583
hsa-miR-664b-5p,0.15829439443741,0.7310122585093981,0.4677347610212796,0.7620405931518583
hsa-miR-4753-5p,-0.08848555466100855,-0.7303433024010466,0.4686668646709981,0.7620405931518583
hsa-miR-3912-3p,0.12739898359016022,0.726071554368943,0.4710467313029527,0.7620405931518583
hsa-miR-1273c,-0.09960752746788132,-0.7259465898334067,0.4710711207907018,0.7620405931518583
hsa-miR-151a-5p,-0.12628775124828184,-0.7251129540204162,0.4713566492714825,0.7620405931518583
hsa-miR-1179,0.14309949467368677,0.7247190661603145,0.4719543392900764,0.7620405931518583
hsa-miR-3120-3p,0.14141830517638637,0.722823582258865,0.4728447588876376,0.7620405931518583
hsa-miR-4714-3p,0.10797445715489606,0.72104264515624,0.4739329146539759,0.7620405931518583
hsa-miR-1185-1-3p,0.1475012135963525,0.720620064044248,0.47404007707732665,0.7620405931518583
hsa-miR-96-3p,0.03971394108346227,0.7200436973463464,0.4743956163028809,0.7620405931518583
hsa-miR-1273h-5p,-0.05579671014983241,-0.7199616474663191,0.474463712653109,0.7620405931518583
hsa-miR-5009-5p,-0.12108280185060383,-0.7154245551439514,0.47729545751558977,0.7636042823759301
hsa-miR-1292-5p,-0.10452565973964223,-0.7143198177852031,0.4779150615179257,0.7636042823759301
hsa-miR-383-5p,0.053118242836186144,0.7129460393671357,0.4788320132959587,0.7636042823759301
hsa-miR-363-3p,-0.09872325404720783,-0.7121123127324532,0.47935583356525924,0.7636042823759301
hsa-miR-200a-5p,0.08780844069645291,0.7118172158160994,0.47954124596231135,0.7636042823759301
hsa-miR-509-3p,0.11262512172256223,0.7104012117138172,0.480414891242058,0.7636042823759301
hsa-miR-337-3p,0.12693737075252254,0.7094173090712835,0.48116770589827557,0.7636042823759301
hsa-miR-1228-5p,0.10230557125065837,0.7085357570696664,0.481552250146983,0.7636042823759301
hsa-miR-16-2-3p,0.0685629369620182,0.7053217890441031,0.4834791399306835,0.7646711294707476
hsa-miR-26b-5p,-0.057472521067202464,-0.7011836775474878,0.48602642001454377,0.7646711294707476
hsa-miR-3202,0.08357012371147965,0.7010084044983365,0.4861883237525537,0.7646711294707476
hsa-miR-769-3p,0.13545231344088515,0.7008488466823546,0.48624200248304955,0.7646711294707476
hsa-miR-30b-3p,0.08068699940109095,0.7009453556057709,0.4864601229126678,0.7646711294707476
hsa-miR-145-3p,0.1642186352733095,0.7000256098780108,0.48681765599939486,0.7646711294707476
hsa-miR-6884-5p,0.10840985720978236,0.6978922823945646,0.48807456906640967,0.7654419065892359
hsa-miR-3140-5p,-0.04951408300788156,-0.6910882517459461,0.4925110239144132,0.7711888916778978
hsa-miR-627-3p,0.12692940241396622,0.6881502688013074,0.4941807065748846,0.772592372250876
hsa-miR-448,-0.06216089415243735,-0.6858762606846447,0.4961764364078345,0.7745004062053542
hsa-miR-203b-5p,0.17810757091227336,0.6793107043176488,0.499647494586098,0.7779151703694052
hsa-miR-26b-3p,0.12823316119565442,0.6798550068138922,0.4999214608379961,0.7779151703694052
hsa-miR-132-5p,0.12495507419437657,0.6737331435000082,0.5032453608098066,0.7818695419113482
hsa-miR-516b-5p,0.0498119332536002,0.6699897348334808,0.5057369995062477,0.7845205939545675
hsa-miR-138-5p,0.08983273226025396,0.6669150231994162,0.5077814709049518,0.7854714735223167
hsa-miR-1306-5p,0.074167551267184,0.6650531409998759,0.5086569119388022,0.7854714735223167
hsa-miR-4533,0.041347782582069295,0.6649677714978478,0.5087278208272059,0.7854714735223167
hsa-miR-6791-3p,0.06951985426443663,0.6628025349729861,0.5101700596306328,0.7854714735223167
hsa-miR-516a-5p,0.04564570701346837,0.6625059962059004,0.5102812675835671,0.7854714735223167
hsa-miR-200c-3p,0.11167066201159681,0.6592296268262361,0.5124913914083977,0.7875134065036582
hsa-miR-103a-2-5p,-0.0984435132725544,-0.6575565483143976,0.5135015475403771,0.7875134065036582
hsa-miR-3667-5p,0.12304991853604352,0.6562203383655275,0.5143974479298508,0.7875134065036582
hsa-miR-6842-5p,-0.11230740714521192,-0.6559000124940464,0.5147610154623511,0.7875134065036582
hsa-miR-4772-5p,-0.06624474743560763,-0.6542651397173204,0.5156623773759371,0.787686108560491
hsa-miR-7113-5p,-0.06433623550775139,-0.648157280103481,0.5196286454287664,0.7925328500508972
hsa-miR-6805-5p,0.13701749501308047,0.6423279561322789,0.5232362235944801,0.7929582202876635
hsa-miR-3150a-5p,0.07057875222744828,0.6421167657513284,0.5233303535435307,0.7929582202876635
hsa-miR-548q,0.11982355688482627,0.6426651027842682,0.5234443712234552,0.7929582202876635
hsa-miR-376a-5p,0.060737578943057924,0.6418770865490812,0.5235142439152642,0.7929582202876635
hsa-miR-22-3p,0.08461672011281429,0.6415888792994979,0.5238763016915494,0.7929582202876635
hsa-miR-556-5p,0.07773101150265016,0.6327679059182241,0.5293736111917401,0.8000669252353227
hsa-miR-877-5p,0.1470464050714464,0.6288134187551105,0.5319876559974608,0.8007945400009061
hsa-miR-4648,0.03490644984728675,0.6280789173487372,0.5326616685710011,0.8007945400009061
hsa-miR-654-3p,0.2328512417503079,0.6269820083978135,0.5331320951575179,0.8007945400009061
hsa-miR-4755-3p,-0.0712440387756158,-0.6268238814519103,0.5333724377840132,0.8007945400009061
hsa-miR-3184-5p,-0.10044525082478906,-0.624757595206717,0.5347530942802059,0.8007945400009061
hsa-miR-5003-3p,0.08709185889138515,0.6226162386087857,0.536021848162664,0.8007945400009061
hsa-miR-3163,-0.12420770184831298,-0.6210507851085086,0.5370008083886598,0.8007945400009061
hsa-miR-378i,-0.0926932318646344,-0.6207693322570137,0.5377261144805625,0.8007945400009061
hsa-miR-381-3p,0.21480982442466967,0.6197341153498428,0.5378845267988648,0.8007945400009061
hsa-miR-6869-5p,0.04025909879155759,0.619609179279806,0.5380190292256375,0.8007945400009061
hsa-miR-138-2-3p,0.03133885028222694,0.6184939151269543,0.538672603484093,0.8007945400009061
hsa-miR-668-3p,0.05820803958410671,0.6171116753661204,0.540682446990336,0.8025880602427127
hsa-miR-6715a-3p,0.04626046268075101,0.6153283754638683,0.5414900305947417,0.8025942738340459
hsa-miR-3192-5p,-0.06860608939811114,-0.6114532349948218,0.5432913434770604,0.8040711883460494
hsa-miR-4659b-5p,0.10777867268246455,0.6078260007790229,0.5456958125703857,0.8055252882420008
hsa-miR-29c-3p,0.06510875138002525,0.6076127600242431,0.545886506646481,0.8055252882420008
hsa-miR-5588-5p,-0.040743465691527495,-0.6037752824481565,0.5483688395980608,0.8067679211319901
hsa-miR-518f-3p,-0.060279417625836024,-0.602764703844903,0.5490391473091389,0.8067679211319901
hsa-miR-642a-5p,-0.14869341504378397,-0.6008189305478538,0.5503592639411021,0.8067679211319901
hsa-let-7f-5p,-0.0604719362726609,-0.6007693831861397,0.5504134235889004,0.8067679211319901
hsa-miR-487b-5p,0.057987510074235415,0.5970340204601531,0.5528285703920182,0.8067679211319901
hsa-miR-146a-3p,0.15619899217533018,0.5972644390440767,0.5529809890446287,0.8067679211319901
hsa-miR-4677-5p,-0.07641516040666319,-0.5954296180244751,0.5539847210077635,0.8067679211319901
hsa-miR-490-5p,-0.06865298272512144,-0.5924224062549475,0.5559201669376069,0.8067679211319901
hsa-miR-374a-3p,0.10580818310035367,0.5922096083513977,0.5560247693278179,0.8067679211319901
hsa-miR-6812-3p,-0.0655859992497948,-0.5921713060891372,0.5561329163226878,0.8067679211319901
hsa-miR-3155b,-0.056422549948528355,-0.591212124627479,0.5569868285967061,0.8067679211319901
hsa-miR-4660,0.10846887506782155,0.5886517063494217,0.5583810832902916,0.8067679211319901
hsa-miR-4742-5p,-0.047098901632702306,-0.5883804570439123,0.5587063469320533,0.8067679211319901
hsa-miR-937-3p,-0.05497349423547229,-0.5869689285517644,0.5596820813514128,0.8067679211319901
hsa-miR-935,0.10279626758012361,0.5862241282261732,0.5600338906778328,0.8067679211319901
hsa-miR-377-3p,0.14452616403352447,0.5856328875346655,0.5604165385753173,0.8067679211319901
hsa-miR-143-3p,0.1026036395022345,0.5848607634725018,0.5609257767700592,0.8067679211319901
hsa-miR-92b-3p,-0.0844759234480934,-0.5836064753226617,0.5617480893277604,0.8067679211319901
hsa-miR-3176,0.08973256757774739,0.5825402253497028,0.5624646021915243,0.8067679211319901
hsa-miR-3913-5p,-0.09648016944065319,-0.5823864108030719,0.5628801211501473,0.8067679211319901
hsa-miR-511-5p,-0.1389346559590796,-0.5799636977036471,0.56432474378003,0.8076796834330228
hsa-miR-642b-3p,-0.10539577459757576,-0.5785795270183343,0.5654528033051971,0.8081364098739512
hsa-miR-3679-5p,0.14568873977461894,0.5736304931147286,0.5684372401355444,0.809595154947189
hsa-miR-548at-5p,-0.17875579513226447,-0.5732463523545109,0.5687018385541038,0.809595154947189
hsa-miR-21-3p,0.1664193177862905,0.5728705796958659,0.5689692198631211,0.809595154947189
hsa-miR-4766-3p,-0.0774323987592917,-0.5725184572590836,0.5697151090369108,0.809595154947189
hsa-miR-6868-3p,0.08908753809844783,0.5684257177148242,0.5720560033900718,0.8117669707197184
hsa-miR-106b-5p,-0.065867707802159,-0.5655150664143006,0.5739430081872191,0.8123355271542684
hsa-miR-34c-3p,0.07577448275315443,0.5654975381470897,0.5740829651360495,0.8123355271542684
hsa-miR-144-5p,0.07344508705101394,0.561426686660387,0.5767395990565278,0.8149403952722366
hsa-miR-6842-3p,0.12910487255907066,0.5586522466990007,0.578614355881757,0.8164346631721403
hsa-miR-6800-3p,-0.09387604795422405,-0.5549149771621484,0.5811710010320241,0.8188855148533033
hsa-miR-141-3p,0.13081657988489237,0.5482605642303631,0.5856200335781608,0.8235186014604785
hsa-miR-1270,0.11143469221239144,0.54721603642849,0.586367962372386,0.8235186014604785
hsa-miR-548aq-5p,0.07212131068123201,0.5463345039918032,0.5869321764162769,0.8235186014604785
hsa-miR-6513-3p,0.10844811483759242,0.5450779181347579,0.5879609717511685,0.8238050642067564
hsa-miR-1224-5p,0.12437276226494998,0.5425990478818604,0.5895059440646013,0.8248129385441691
hsa-miR-6740-5p,0.03726855469228213,0.540491181500486,0.5910266038348594,0.825784024099335
hsa-miR-6821-5p,-0.04171543753058721,-0.5379612731376102,0.5929557999517694,0.8260486236509925
hsa-miR-197-3p,0.07331793526699748,0.5374949325274614,0.5930760532496816,0.8260486236509925
hsa-miR-889-3p,0.16002269892892595,0.534974289741126,0.5947139775726237,0.8260486236509925
hsa-miR-412-5p,0.10800472051488852,0.5347621078783293,0.5948649082540024,0.8260486236509925
hsa-miR-409-3p,0.18965637865975538,0.5328474922909765,0.5961806583454703,0.8260486236509925
hsa-miR-4762-3p,0.06354121432097032,0.5332256485863462,0.596210620873013,0.8260486236509925
hsa-miR-1226-3p,0.11457632121451877,0.5310287094980786,0.5974270996862318,0.8260486236509925
hsa-miR-519a-5p,0.059377578257760744,0.5306800642795049,0.5978309858855532,0.8260486236509925
hsa-miR-597-5p,0.034062093665733865,0.5277242120448437,0.5998443978164736,0.826601992556469
hsa-miR-324-3p,0.08155766737480441,0.5274603674961466,0.5998863309343744,0.826601992556469
hsa-miR-3160-3p,-0.0391339806235599,-0.5249121100047989,0.6018223939545266,0.8281275090366007
hsa-miR-183-3p,0.09266626744690876,0.522602704529137,0.6033152138662234,0.8282678276712498
hsa-miR-6879-3p,-0.07361347117127542,-0.5223440138072873,0.6035825611057757,0.8282678276712498
hsa-miR-17-3p,0.0903683398586681,0.5200240427313365,0.6053399511414862,0.8289751571698415
hsa-miR-204-3p,0.07237447729049418,0.5189699081426047,0.6057576223563407,0.8289751571698415
hsa-miR-548ar-3p,-0.059307652357629775,-0.5168055211359929,0.6077909437977227,0.8305214274980628
hsa-miR-6511b-3p,0.09797624461699272,0.51524552790762,0.6085502351637457,0.8305214274980628
hsa-miR-3150b-5p,0.04845205839473124,0.5133016546665539,0.6097034582097324,0.8307078048720544
hsa-miR-6735-3p,0.0453411409306719,0.5127750596789629,0.6103498786547427,0.8307078048720544
hsa-miR-4440,0.07010484521505439,0.510385550708743,0.6117397870166017,0.8311683592867704
hsa-miR-518b,0.08804109614884881,0.5087714990640434,0.6129314425047878,0.8311683592867704
hsa-miR-4688,0.03677154303871097,0.5084111265121913,0.6131842650594092,0.8311683592867704
hsa-miR-190b-5p,-0.05377671536826245,-0.5053974592651359,0.6153528901030928,0.832977692700528
hsa-miR-5090,0.05123278499276018,0.503706545185288,0.6163757999199632,0.8332333208660936
hsa-miR-4687-5p,0.05544009885683579,0.49781967720253983,0.6205013202509094,0.8369355104202586
hsa-miR-4449,-0.03871278181083468,-0.49739642813530843,0.6207900032246363,0.8369355104202586
hsa-miR-374a-5p,0.07025262300630963,0.4939967961003853,0.6232286823884027,0.839090907959588
hsa-miR-2116-5p,0.0634051334871974,0.489362735385261,0.6264310175120456,0.8415771400885105
hsa-miR-337-5p,0.14277886428267728,0.48889504407085993,0.62676015237823,0.8415771400885105
hsa-miR-181b-2-3p,0.05865296616703125,0.48471714872640875,0.6297660421814597,0.8423818493223462
hsa-miR-466,-0.09401137293958572,-0.4839387895755793,0.6302519923110292,0.8423818493223462
hsa-miR-409-5p,0.11684071929748274,0.48383790145646827,0.6305346908801682,0.8423818493223462
hsa-miR-3175,0.054915857990604194,0.4834012183885742,0.6310041114618151,0.8423818493223462
hsa-miR-503-5p,-0.09413956182881655,-0.48218370780777264,0.6315755807231604,0.8423818493223462
hsa-miR-18a-3p,0.10486389126743312,0.4783973150755954,0.634226532541318,0.8430385772833653
hsa-miR-18b-5p,0.08792526482384266,0.47710442224436206,0.6351325317476061,0.8430385772833653
hsa-miR-15a-3p,-0.07351176032615042,-0.47715121056228815,0.6353149182954476,0.8430385772833653
hsa-miR-584-5p,0.0815554816174231,0.476893603118904,0.6354434921865606,0.8430385772833653
hsa-miR-6877-5p,0.08337909180558922,0.4721562740619602,0.6387394913718005,0.8462874693374386
hsa-miR-6730-3p,0.027202767721717536,0.4698468054578183,0.6402276752434134,0.8471356921432714
hsa-let-7a-3p,0.10560540466410773,0.4684589180444074,0.6412132034229028,0.8473174473802644
hsa-miR-320d,-0.0934442558702,-0.46653786575261047,0.6426052280762874,0.8480351688879936
hsa-miR-5196-3p,0.07202339259965862,0.46328629451201675,0.644893060299289,0.8487475386865915
hsa-miR-2276-3p,0.08858812493423696,0.4626856349812721,0.6453210745538432,0.8487475386865915
hsa-miR-493-5p,0.16427094272650367,0.4614345583546182,0.6462235193334054,0.8487475386865915
hsa-miR-4659a-3p,0.0949110540059166,0.4610239100312963,0.646543420360857,0.8487475386865915
hsa-miR-92b-5p,0.08625508867744891,0.45761794975465897,0.6492184824295173,0.8511407663347608
hsa-miR-376c-3p,0.1521541406384075,0.45601734213039546,0.6501196082868277,0.8512050965642738
hsa-miR-191-3p,0.11708039472532228,0.4526798599872537,0.6524690205864436,0.8524475842938036
hsa-miR-218-1-3p,0.03785268533601434,0.4523051559377342,0.6527751771619217,0.8524475842938036
hsa-miR-3154,0.03490662823391161,0.44995056093139435,0.6544688009326762,0.8524700529910417
hsa-miR-212-5p,-0.04877987101815104,-0.44795925734138947,0.6561656081662499,0.8524700529910417
hsa-miR-7852-3p,0.04127694684542407,0.44703149967734157,0.6565438932697991,0.8524700529910417
hsa-miR-3139,-0.02803937743680436,-0.4466486454508052,0.6568033845024344,0.8524700529910417
hsa-miR-6747-3p,-0.07578113573427236,-0.4462782870850697,0.657058999802905,0.8524700529910417
hsa-miR-664a-5p,0.06407346607251885,0.44249721965566424,0.6598467872755325,0.8546254543257665
hsa-miR-3614-5p,0.054710862382841285,0.4417481013833662,0.6604312820215132,0.8546254543257665
hsa-miR-3115,0.07340091287646816,0.4395244920104577,0.6619764748310533,0.8550136367811055
hsa-miR-514a-3p,-0.028445890073194396,-0.43910066859240543,0.6625447329832521,0.8550136367811055
hsa-miR-154-3p,0.03384899174658988,0.4376846215074765,0.6632988673727295,0.8550136367811055
hsa-miR-1-5p,0.03180555841039752,0.43278470472325203,0.6668159212561166,0.8584395687304903
hsa-miR-4775,-0.09865205862263338,-0.43061649071466584,0.6683741428773322,0.8588227784862624
hsa-miR-711,-0.045226913444727096,-0.4300798305577958,0.668832954616929,0.8588227784862624
hsa-miR-4662b,0.060877335175842706,0.42483296371809093,0.67253409400699,0.8624667007868845
hsa-miR-4645-3p,-0.037625153913323384,-0.4177802119965951,0.6776882029538176,0.8673652608218816
hsa-miR-182-5p,0.0658314364344843,0.4172570210350722,0.6780903590609505,0.8673652608218816
hsa-miR-92a-3p,0.05199431277865685,0.4152103395055477,0.6795527810067296,0.8674673596166872
hsa-miR-3125,-0.040844095460458835,-0.4132694620057617,0.6811898003818079,0.8674673596166872
hsa-miR-6810-3p,0.040200624032941945,0.41207500351168896,0.6818792688102071,0.8674673596166872
hsa-miR-29b-2-5p,0.0672686431679963,0.4109557021101776,0.6826195489449391,0.8674673596166872
hsa-miR-130b-5p,0.06989124607792707,0.4097472614083255,0.6835849599637618,0.8674673596166872
hsa-miR-215-3p,0.04814303248362506,0.4098249580130409,0.6836089299495426,0.8674673596166872
hsa-miR-3605-5p,0.07466171968729296,0.4079306428573397,0.6849058899423334,0.8674673596166872
hsa-miR-4781-3p,-0.0699356864132199,-0.4065903293185815,0.6859091363803805,0.8674673596166872
hsa-miR-512-3p,0.03624751213712388,0.40488332085873263,0.6871095703064907,0.8674673596166872
hsa-miR-1180-5p,0.028339527968676517,0.4037365014067708,0.6878912657534186,0.8674673596166872
hsa-miR-548ac,-0.06861348762173314,-0.4029835180877504,0.6885178039799191,0.8674673596166872
hsa-miR-4446-5p,-0.033316232682364735,-0.40208075755641615,0.6891796290175294,0.8674673596166872
hsa-miR-200c-5p,0.02980326885309184,0.4006296588777916,0.6901648220917203,0.8674673596166872
hsa-miR-4646-3p,0.025649663916368984,0.3994618293688889,0.6910505337931202,0.8674673596166872
hsa-miR-431-5p,0.14797906188551657,0.39932459241898066,0.6911952134683513,0.8674673596166872
hsa-miR-15b-5p,-0.03337776121421143,-0.3964574092287069,0.6933100420727748,0.8684553443958558
hsa-miR-6501-5p,-0.0711118432350134,-0.39435728443260126,0.6947792874419068,0.8684553443958558
hsa-miR-4653-3p,0.029558600448553907,0.39400832718164386,0.6950278597695662,0.8684553443958558
hsa-miR-28-5p,-0.10024653937239902,-0.39341478527243917,0.6954597352519366,0.8684553443958558
hsa-miR-1229-3p,0.054781021322774515,0.38908525717363096,0.6986407181861781,0.8713384238052333
hsa-miR-1303,-0.09844887295728699,-0.38763551038440724,0.6997188768885593,0.8715949601143026
hsa-miR-1277-3p,0.10194521946492197,0.38538029202621904,0.7014782302378944,0.8724071713623728
hsa-miR-4767,0.040580867125744796,0.38310689023723343,0.7030512024611538,0.8724071713623728
hsa-miR-6749-3p,0.04869280474952675,0.383182228536782,0.7030515070018333,0.8724071713623728
hsa-miR-299-3p,-0.04254632171655923,-0.381281900171897,0.704631191741308,0.8724071713623728
hsa-miR-1908-5p,0.05478000382741133,0.38077420510612886,0.7048009664623668,0.8724071713623728
hsa-miR-3692-3p,0.02431445889621632,0.3796371708188888,0.705610605065863,0.8724071713623728
hsa-miR-6787-3p,-0.035716133038296086,-0.3773783404602336,0.7075704233619209,0.8737488911477861
hsa-miR-1247-5p,-0.07186003194148893,-0.37129530752912676,0.7118054191458456,0.8778933502798763
hsa-miR-19a-5p,0.03669627247079027,0.3643231399947628,0.7169451115585996,0.8830988165602702
hsa-miR-5589-3p,-0.04093493666884779,-0.3632667682599578,0.7177940330800194,0.8830988165602702
hsa-let-7g-3p,0.06461872289438308,0.3580245117863982,0.7216338307566414,0.8867308695275335
hsa-miR-330-3p,0.041331289801102705,0.35680866373053055,0.7225894263104509,0.8868142959264624
hsa-miR-4726-5p,-0.020830139069122566,-0.35344615492098713,0.725057319615605,0.8875064537624481
hsa-miR-200b-5p,0.07015987863633533,0.35181356887241405,0.7262573224611378,0.8875064537624481
hsa-miR-4454,0.046704203065762506,0.3508098863179977,0.7270030584888333,0.8875064537624481
hsa-miR-9903,-0.022670716772062047,-0.3501501035920947,0.7275281090516631,0.8875064537624481
hsa-miR-144-3p,-0.05368418897873717,-0.34874451747014584,0.7287000617532466,0.8875064537624481
hsa-miR-31-5p,0.06954261012360108,0.34779815708287815,0.7293091675860479,0.8875064537624481
hsa-miR-576-3p,-0.07163823465584107,-0.3477217699531097,0.7293721707096795,0.8875064537624481
hsa-miR-3121-3p,-0.02966590219449411,-0.3401393811285005,0.7349871182547513,0.8932507678059568
hsa-miR-877-3p,-0.03665222420197553,-0.334547685374135,0.7392836761388437,0.8968084411209534
hsa-miR-542-5p,0.06368301844215707,0.3339603388388413,0.7397098653490146,0.8968084411209534
hsa-miR-6875-5p,0.05265697349853721,0.33184091269693633,0.7412058410823575,0.8975328912015458
hsa-miR-365a-5p,-0.04613724283524251,-0.32313840805225813,0.7477667077920745,0.904168065836474
hsa-miR-378d,0.023131641241739553,0.32222074326554523,0.7484954859326967,0.904168065836474
hsa-miR-1299,-0.12985624511660454,-0.31553539424955507,0.7534911680238076,0.909017287450066
hsa-miR-4668-5p,0.05898208652746584,0.31372322557539345,0.754858790036133,0.909017287450066
hsa-miR-4678,-0.01968606463806548,-0.3132820762816581,0.7552395881717265,0.909017287450066
hsa-miR-3691-5p,0.034212942647302236,0.3094322413264236,0.758143584450979,0.9095370952411599
hsa-miR-6855-5p,-0.024006055024373835,-0.3075533204548625,0.7595257681914206,0.9095370952411599
hsa-miR-4526,0.022004524024483704,0.3068903104555978,0.7600709878742294,0.9095370952411599
hsa-miR-124-3p,-0.03284948404392596,-0.30601205778792095,0.760695235771986,0.9095370952411599
hsa-miR-133a-5p,-0.024018103818082295,-0.305855044501169,0.7608691541673637,0.9095370952411599
hsa-miR-3145-3p,-0.020883645048239613,-0.3054307038755723,0.761134145767377,0.9095370952411599
hsa-miR-3912-5p,0.023899860950970048,0.3021202801940333,0.7637080512422978,0.9105648433098363
hsa-miR-374c-5p,0.039895736764059664,0.2993866871826918,0.7657290217480899,0.9105648433098363
hsa-let-7i-3p,0.047029649600366596,0.2993629227676208,0.7657707968603547,0.9105648433098363
hsa-miR-2114-5p,0.024620877874451927,0.2990942785314113,0.7660832884457525,0.9105648433098363
hsa-miR-6866-3p,0.035521631928364716,0.2983190401969854,0.7665515848083807,0.9105648433098363
hsa-miR-4747-5p,0.05163010442835536,0.2875079842291559,0.7747703458742271,0.9188701565216001
hsa-miR-1538,-0.03541135215272262,-0.28644005387127713,0.775651223913492,0.9188701565216001
hsa-miR-642a-3p,0.06755823562397789,0.2839456593831088,0.777470442812139,0.9188701565216001
hsa-miR-6765-5p,-0.025550934132250597,-0.2821478606150562,0.7788536919534733,0.9188701565216001
hsa-miR-579-3p,0.05008917227179621,0.28146044940899634,0.7793599362542778,0.9188701565216001
hsa-miR-6516-5p,-0.03841220175762167,-0.2803446079947143,0.7802179992804292,0.9188701565216001
hsa-miR-338-3p,0.06846393995720446,0.27988503783927704,0.7805651986844249,0.9188701565216001
hsa-miR-424-5p,-0.04355875835621337,-0.27863608273915297,0.7815194171316523,0.9188701565216001
hsa-miR-7849-3p,0.03656919542021733,0.2772758379217572,0.7825729554488821,0.9188701565216001
hsa-miR-382-5p,0.08573718185796064,0.27703366629893694,0.782741244444326,0.9188701565216001
hsa-miR-543,0.05546105264803913,0.27513801046554726,0.7841886077976976,0.919488754917723
hsa-miR-548j-3p,0.02450339505659435,0.27283500817814105,0.7859829908307775,0.9197089964252783
hsa-miR-561-5p,-0.04084874155447682,-0.27277607051403485,0.7862177006478355,0.9197089964252783
hsa-miR-379-5p,-0.08843927927309192,-0.2703018544968859,0.7878948900039879,0.9205929767415018
hsa-miR-4748,-0.03804492149787442,-0.2651715393737341,0.7918220628493162,0.9236270086380748
hsa-miR-137-3p,0.02297321276080541,0.2645173947931384,0.79234068708992,0.9236270086380748
hsa-miR-1228-3p,0.048965422066274966,0.26134035869377187,0.7947835138809393,0.9253947906375971
hsa-miR-5697,-0.030403744166024316,-0.25852321502726283,0.7969291884259042,0.9258237205192683
hsa-miR-592,0.028611119577980987,0.2576890832501385,0.7975593775496691,0.9258237205192683
hsa-miR-411-5p,0.07701439178439395,0.2572167017010854,0.7979321555226127,0.9258237205192683
hsa-miR-99b-3p,0.06391963672461731,0.2545766104893955,0.8000366204966782,0.9271886123853613
hsa-miR-363-5p,0.029818695803103534,0.24936692510242373,0.8039753318566885,0.9301443132269441
hsa-miR-6130,-0.021169019798330135,-0.2475198468118157,0.8053802111524592,0.9301443132269441
hsa-miR-613,-0.021169019798330135,-0.2475198468118157,0.8053802111524592,0.9301443132269441
hsa-miR-4797-3p,-0.014067257391593174,-0.24580116138026337,0.8067486267216939,0.9306488199710996
hsa-miR-301b-3p,0.04498355192873804,0.24309340720046815,0.8088038589754163,0.931943546847106
hsa-miR-582-5p,-0.05425087288630748,-0.2406288281950214,0.8106996348011061,0.932172370967057
hsa-miR-6739-3p,0.024360885803536764,0.24040390835656777,0.8108686590294019,0.932172370967057
hsa-miR-1197,-0.015666830527601816,-0.23662316413319928,0.8138397428762716,0.9337464132082421
hsa-miR-183-5p,0.03611913713820236,0.23437529080524286,0.8155499864803968,0.9337464132082421
hsa-miR-502-3p,0.03401604112118939,0.23313750832422855,0.8165363884198621,0.9337464132082421
hsa-miR-34b-3p,-0.02872085752136949,-0.23313734715738962,0.8165467883365136,0.9337464132082421
hsa-miR-4667-5p,0.01729721471612275,0.23248420780342965,0.8169910022765607,0.9337464132082421
hsa-miR-449c-5p,0.01937062963490986,0.23019588883631098,0.8187585308253315,0.9337464132082421
hsa-miR-33a-3p,-0.01979208430855056,-0.2293346408968137,0.8194326862304888,0.9337464132082421
hsa-miR-6798-3p,-0.02660969157096585,-0.22896267319432312,0.8197153197033317,0.9337464132082421
hsa-miR-581,0.022954567519420863,0.22678758593539014,0.8214802714184716,0.9346911060900377
hsa-miR-362-3p,0.04953575821090306,0.22475629235831845,0.8229765798966332,0.9353283314183579
hsa-miR-18a-5p,-0.02575933903810057,-0.22172181987973225,0.8253616921498786,0.9361943792111618
hsa-miR-6793-5p,0.034862166079628665,0.2213886829396797,0.8256128609459795,0.9361943792111618
hsa-miR-6813-5p,0.019926624188894265,0.21976618528860467,0.8268262646617504,0.9365072997699417
hsa-miR-548ag,-0.01656662861075385,-0.21789058946179854,0.8283835685825301,0.9372085900497708
hsa-miR-6729-5p,-0.020325630915877857,-0.21653941466250673,0.8293712230171971,0.9372645382287104
hsa-miR-432-5p,0.07434989410149662,0.21517089861099642,0.8303890600207618,0.9373544304641143
hsa-miR-362-5p,-0.04263743622875449,-0.21003251827553213,0.8343807035242669,0.940006076319264
hsa-miR-6799-3p,-0.01685763486087484,-0.2098847582108633,0.834620009704892,0.940006076319264
hsa-miR-7705,-0.03355191137260516,-0.20645663043683016,0.8371983773963565,0.9409755612220794
hsa-miR-1289,0.024796432688711345,0.20499339113001097,0.8382951630112951,0.9409755612220794
hsa-miR-4489,0.026868516288275468,0.20396591378387824,0.8391771858269454,0.9409755612220794
hsa-miR-205-5p,0.04911888855369462,0.20392588517937932,0.8392484735223951,0.9409755612220794
hsa-miR-101-2-5p,0.025216727080528023,0.20036792749699317,0.8418949349565593,0.9428845740152497
hsa-miR-7855-5p,-0.013181052855508343,-0.19785991945668763,0.8438590946307623,0.9432736896941045
hsa-miR-495-3p,0.041938526794860764,0.19750038066727246,0.8441308093959253,0.9432736896941045
hsa-miR-5589-5p,0.02725486584241521,0.19369976630874777,0.8472072987986484,0.9440810344508641
hsa-miR-365b-5p,0.02220541700639672,0.19306417753758362,0.847590129465142,0.9440810344508641
hsa-miR-6732-3p,0.013814633009568242,0.19302152357268756,0.8476883762787037,0.9440810344508641
hsa-miR-1225-5p,-0.013569096725003962,-0.19038700361721395,0.84971235321322,0.9452813372605866
hsa-miR-3173-5p,0.04061180669463216,0.18797959012032195,0.8515789465517983,0.9463040796498848
hsa-miR-6515-5p,-0.017406871448749972,-0.1851436544429109,0.8537767105165044,0.9476921486733199
hsa-miR-4669,0.039513465764633326,0.18018658780341945,0.8576350660694643,0.9500108329592284
hsa-miR-504-5p,0.0335665569401683,0.179833851330886,0.857956994817295,0.9500108329592284
hsa-miR-370-3p,0.06825425048412237,0.17880058306207736,0.858718500662846,0.9500108329592284
hsa-miR-6850-5p,0.02356695254731117,0.1750977878330762,0.8616222724114533,0.9521688607732763
hsa-miR-7706,0.030372924309883587,0.17389583803912662,0.8626533962596559,0.9522549644899405
hsa-miR-130b-3p,0.018332255997568936,0.1691082021685994,0.8663112750440555,0.9538610221727926
hsa-miR-2116-3p,-0.017808785401189964,-0.1690620771787937,0.8663362196505944,0.9538610221727926
hsa-miR-320c,-0.03284749538650944,-0.1682512797301482,0.8669727809138095,0.9538610221727926
hsa-miR-940,0.015562233151996507,0.16591762114828593,0.8688020700237319,0.9547581343421919
hsa-miR-548bc,0.019495949641951282,0.16477622582242216,0.8696996018532479,0.9547581343421919
hsa-miR-548k,-0.03724158048347803,-0.16247989397247395,0.8715978071502821,0.9551062262902552
hsa-miR-4717-3p,0.015162201610267101,0.1615425023637075,0.8722307883986941,0.9551062262902552
hsa-miR-6758-5p,-0.013093867750742505,-0.15946279298670835,0.8738687403664699,0.9551062262902552
hsa-miR-548i,-0.009743061596309513,-0.15929972858032332,0.873991941212761,0.9551062262902552
hsa-miR-6763-5p,-0.014357760013344212,-0.15826720586537252,0.8747969940496332,0.9551062262902552
hsa-miR-605-3p,-0.010705482346612033,-0.15408029364747017,0.8781352048897514,0.9577042245467923
hsa-miR-3934-5p,-0.013959591673609884,-0.15019031042786818,0.8811754369908191,0.9593933353351111
hsa-miR-193b-3p,0.029768244814725064,0.14897264444574368,0.8821179089359267,0.9593933353351111
hsa-miR-3200-5p,-0.035306641548828566,-0.14838155643195053,0.8825650402131803,0.9593933353351111
hsa-miR-4797-5p,-0.01121960656315657,-0.14423401226732063,0.8858184933902561,0.9612877759612019
hsa-miR-487a-3p,-0.020579869770740805,-0.14344925660685093,0.8865799982901374,0.9612877759612019
hsa-miR-222-3p,0.018471698819560345,0.14186188690742219,0.887689256841166,0.9612877759612019
hsa-miR-5698,-0.026630508515633033,-0.141265142272432,0.8881567739861754,0.9612877759612019
hsa-miR-6750-5p,-0.02341580963106349,-0.1382803594921861,0.8905007189593147,0.9627816214722461
hsa-miR-6815-3p,-0.010452428273694886,-0.13651464213895378,0.8918893631661827,0.963102109448418
hsa-miR-1301-3p,0.03653735056556284,0.13536745410330145,0.8927946911239901,0.963102109448418
hsa-miR-548a-3p,0.034955075085526754,0.1342298822129749,0.893689344803487,0.963102109448418
hsa-miR-4482-3p,-0.014461641146241655,-0.13268963701445907,0.8948999944856578,0.9633675587189355
hsa-miR-486-3p,0.012526572168544803,0.13107650313341593,0.8961953551850629,0.9637235304950246
hsa-miR-377-5p,0.00824227179064721,0.12871364594862741,0.8980296704345164,0.9646576782409483
hsa-miR-6755-3p,-0.013810565389585694,-0.12624899244374835,0.8999760128240355,0.9656930569592632
hsa-miR-4672,0.016782141070334933,0.12459460751436345,0.9012813359627035,0.9656930569592632
hsa-miR-499a-5p,0.029038334530445464,0.12324524128021057,0.9023955591095295,0.9656930569592632
hsa-miR-4725-3p,0.01419631733371296,0.12118511046011876,0.9039834397925511,0.9656930569592632
hsa-miR-5010-3p,0.023856830505662785,0.11886581753390343,0.9058833436866898,0.9656930569592632
hsa-miR-148b-5p,-0.025057138266502577,-0.11855190087116303,0.9062370257723739,0.9656930569592632
hsa-miR-6818-3p,-0.020307865737422492,-0.11729147623774308,0.907096449505665,0.9656930569592632
hsa-miR-423-3p,-0.01880639078494717,-0.11663321028360818,0.9075606471932738,0.9656930569592632
hsa-miR-2277-5p,-0.010718623644554282,-0.11507140737333116,0.908798720184593,0.9656930569592632
hsa-miR-616-5p,0.008457341434809612,0.11160363481352303,0.9115442306118828,0.9656930569592632
hsa-miR-636,-0.019511874062636547,-0.11038445964953544,0.9124883038772768,0.9656930569592632
hsa-miR-142-3p,0.022653656099448582,0.11015643935171175,0.9126946246566966,0.9656930569592632
hsa-miR-7155-3p,0.01353698608891285,0.11001599275135257,0.9127788795765793,0.9656930569592632
hsa-miR-6882-5p,0.008841393215256704,0.10964193414244923,0.913073616439542,0.9656930569592632
hsa-miR-548az-5p,-0.01382462566907744,-0.10584396848090523,0.9160926169957413,0.9656930569592632
hsa-miR-499b-5p,-0.009260452163016908,-0.10362208218185881,0.9178423508463913,0.9656930569592632
hsa-miR-499a-3p,-0.009260452163016908,-0.10362208218185881,0.9178423508463913,0.9656930569592632
hsa-miR-4804-5p,-0.016999513702023017,-0.10359522052000948,0.9178487334850421,0.9656930569592632
hsa-let-7d-5p,0.00820000372344687,0.10349727056711631,0.917925377638439,0.9656930569592632
hsa-miR-4777-3p,0.006777404674420021,0.1021121706400709,0.9190383751583046,0.9656930569592632
hsa-miR-8485,-0.015317882769862401,-0.10176604103078031,0.9192933905588182,0.9656930569592632
hsa-miR-4521,-0.011321084731230169,-0.09947306651203629,0.9211071583850694,0.9660187314188922
hsa-miR-3127-5p,0.021847356004729646,0.09893955909008877,0.9215373884306348,0.9660187314188922
hsa-miR-3605-3p,0.015793104473919684,0.09713861100423049,0.923088147713721,0.9666300414738023
hsa-miR-643,0.016235463439445375,0.09461963315449126,0.9249505555650315,0.9675660785439438
hsa-miR-454-3p,0.013318358272057296,0.08925152626129719,0.929190372008463,0.9688929551206772
hsa-miR-3164,0.016838827480382124,0.08819247613231157,0.9300362476094084,0.9688929551206772
hsa-miR-6775-3p,0.008382127921241017,0.08785064777383186,0.9303062492701187,0.9688929551206772
hsa-miR-574-5p,0.01942587352433023,0.08672394485791608,0.9312096489177852,0.9688929551206772
hsa-miR-3661,-0.007312580131492705,-0.08576552661568494,0.9320076144826136,0.9688929551206772
hsa-miR-6514-5p,0.011401191366621877,0.08542195935426682,0.9322206648338527,0.9688929551206772
hsa-miR-376a-2-5p,0.007801745543588229,0.08445125079119303,0.9330080308569484,0.9688929551206772
hsa-miR-550a-3p,0.015144993880744195,0.07926916996224005,0.9371643643910096,0.9713304243001082
hsa-miR-3180-3p,-0.01117269736534296,-0.07913141420100349,0.9372998288541584,0.9713304243001082
hsa-miR-4754,0.005707244636898923,0.07605712003106818,0.9397049521836711,0.9720924086366841
hsa-miR-125b-1-3p,0.009252191407478183,0.07393070194334757,0.9413496678464169,0.9720924086366841
hsa-miR-933,-0.006040021163589593,-0.0729558482865782,0.9420926250759675,0.9720924086366841
hsa-miR-155-5p,0.01104204863857916,0.07237109380108703,0.942572144740447,0.9720924086366841
hsa-miR-607,-0.010591882981834444,-0.07198285201983064,0.9429004444133603,0.9720924086366841
hsa-miR-6807-5p,0.008945858259707284,0.06886216377520951,0.9453560293862309,0.973619250883345
hsa-miR-3137,0.004311141178134442,0.06410664897446855,0.9491406037253549,0.9765102606813899
hsa-miR-451b,0.008045836560825859,0.05802602714677551,0.9539308533472669,0.9799019673910544
hsa-miR-539-3p,0.011519946851238472,0.05362310023800706,0.9574203370195149,0.9799019673910544
hsa-miR-26a-5p,-0.0061059226224084995,-0.053418088895071,0.9575850412243513,0.9799019673910544
hsa-let-7e-5p,0.01019665645166068,0.05135691774460127,0.9592179727736266,0.9799019673910544
hsa-miR-577,-0.005793012242187867,-0.050205752084732894,0.9601322973496965,0.9799019673910544
hsa-miR-3657,0.004542975135705202,0.04954600662248839,0.9606550085547273,0.9799019673910544
hsa-miR-3617-5p,0.004537705387906127,0.048861508452803744,0.9611988088785245,0.9799019673910544
hsa-miR-548u,-0.004571116417835419,-0.04869335741291133,0.9613736824524521,0.9799019673910544
hsa-miR-6735-5p,-0.009082072106164074,-0.047281194922933596,0.9624520349989167,0.9799019673910544
hsa-miR-4503,-0.007790515117001351,-0.04517477068322922,0.9641232842196834,0.9799019673910544
hsa-miR-3198,-0.00580239335594529,-0.04511167017649504,0.96418661461909,0.9799019673910544
hsa-miR-2115-5p,-0.003397692209500508,-0.04506837691665925,0.9642078417871937,0.9799019673910544
hsa-miR-2355-3p,0.011733086753541011,0.04222508367143125,0.9664713122125589,0.9812041066060431
hsa-miR-128-1-5p,0.005233410299641861,0.038847278091916626,0.9691462276867603,0.982641841946851
hsa-miR-1277-5p,-0.009474324657828603,-0.037614141884674955,0.970137051026531,0.982641841946851
hsa-miR-548b-3p,0.003930661906805022,0.03644399609164373,0.9710539314674774,0.982641841946851
hsa-miR-597-3p,-0.0054375475612401525,-0.03548366202586677,0.9718219618052941,0.982641841946851
hsa-miR-5001-3p,0.006781245103280487,0.02957801199518749,0.9765140014970223,0.9863877527760619
hsa-miR-3146,0.0025625566811985634,0.02529768796223182,0.9799158584818606,0.9883749698213975
hsa-miR-7977,0.0015643083710117495,0.02459887066364416,0.980460055148153,0.9883749698213975
hsa-miR-182-3p,-0.0017992771605615243,-0.020910975326279894,0.9833909892957284,0.989591258497412
hsa-miR-6817-3p,-0.0017030815412280853,-0.020587499194423733,0.9836477674553855,0.989591258497412
hsa-miR-6782-3p,-0.002361966748367028,-0.019093074549001405,0.9848389358703237,0.9897928540588061
hsa-miR-582-3p,0.003247767085149844,0.015974526919463803,0.9873118413314121,0.9912809341608851
hsa-let-7i-5p,0.0009111882734806898,0.013854220832283711,0.988994789631822,0.9919736896005926
hsa-miR-208a-3p,0.0016476630507470946,0.012472330285959772,0.9900930495543291,0.9920791940870358
hsa-miR-136-3p,-0.0008011801660576801,-0.0028488806008435297,0.997736767056516,0.9979873227528262
hsa-miR-4479,0.00019130991888757776,0.002533933896130029,0.9979873227528262,0.9979873227528262
