miRNA,targets,max_score,rho_pain,p_pain,FDR_pain,LSSDS_log2FC,LSSDS_FDR
hsa-miR-146a-3p,TFE3,85.817,0.3666249282121099,0.0054496299158954,0.7777400408542186,0.1561989921753301,0.8067679211319901
hsa-miR-2115-5p,RUBCN,84.6475998890486,-0.3223326646707175,0.0154029462090474,0.9164471256099552,-0.0033976922095005,0.9799019673910544
hsa-miR-199b-5p,FLRT3;SERPINE1,85.6203,0.2874297929760293,0.0317163564510741,0.9164471256099552,0.3852027688432251,0.4081039155524428
hsa-miR-204-5p,RUBCN,85.9203,0.2804510167599962,0.0362969238689857,0.9164471256099552,0.2265431588631332,0.5888707349852248
hsa-miR-3164,SRRM4,88.8110072668631,0.2780958176665408,0.037961310274115,0.9164471256099552,0.0168388274803821,0.9688929551206772
hsa-miR-548aq-5p,FLRT3,93.8567995486,-0.2741327066795989,0.040904117638586,0.9164471256099552,0.072121310681232,0.8235186014604785
hsa-miR-143-3p,PTPN23,88.6835,0.2697091749372786,0.044408085961599,0.9164471256099552,0.1026036395022345,0.8067679211319901
hsa-miR-9-5p,ITPKC,91.54821,0.2672624857001375,0.0464495427801877,0.9164471256099552,0.6050323899537391,0.3783687978254808
hsa-miR-5003-3p,VASH2,80.3309396916,-0.2622350087636399,0.0508855080162106,0.9164471256099552,0.0870918588913851,0.8007945400009061
hsa-miR-4719,TNIK,80.4839218448061,-0.2564859342511236,0.0563744900625417,0.9164471256099552,-0.0921247888120079,0.6522371927855796
hsa-miR-760,ITPKC,86.1709,0.2558320398671048,0.0570280389865122,0.9164471256099552,0.4970199774748975,0.4011768550330624
hsa-miR-22-3p,MAPK14,89.1909,-0.251304363151858,0.0617231151209007,0.9291946625359812,0.0846167201128142,0.7929582202876635
hsa-miR-548j-3p,ACVR1,92.4606301681,-0.2473807426754678,0.0660388598999546,0.9291946625359812,0.0245033950565943,0.9197089964252784
hsa-miR-5683,MEGF11,82.1714,0.2417947303272569,0.0725964565419158,0.9322503825977866,0.06083005130036,0.7219561259946982
hsa-miR-5193,TFE3,90.2816331932145,0.225008639484347,0.095456923142768,0.9863362615743116,0.1787949552889196,0.493336130496294
hsa-miR-200c-3p,VASH2,99.7287094845661,0.224176081096396,0.0967219636321912,0.9863362615743116,0.1116706620115968,0.7875134065036582
hsa-miR-142-3p,CTTN;PTPN23,93.60784,0.2165815305083601,0.1088713033235875,0.9863362615743116,0.0226536560994485,0.9656930569592632
hsa-miR-223-5p,SLC2A1,83.6842,0.2152815623896872,0.1110636151206035,0.9863362615743116,0.3049204407988366,0.4170254744044856
hsa-miR-129-5p,MEGF11;VASH2,96.5457759858484,0.2152050984434726,0.1111936135042507,0.9863362615743116,0.2546473156592675,0.4293010993208049
hsa-miR-1179,RNF19B,81.4763,0.2137457790161616,0.1136970748545068,0.9863362615743116,0.1430994946736867,0.7620405931518583
hsa-miR-101-3p,FLRT3,97.9296105796,-0.2106974642869988,0.1190653754500275,0.9863362615743116,0.0936421865818726,0.6362851833112186
hsa-miR-223-3p,WBP1L,80.8105,0.2063186243083114,0.1271118720649766,0.9863362615743116,0.2458312873891692,0.5569849913888053
hsa-miR-3191-5p,FLRT3,90.7724329279,0.2058610371501339,0.1279758985340777,0.9863362615743116,-0.1041289914200569,0.6362851833112186
hsa-miR-589-3p,VASH2,81.7113723008,0.2057311276243461,0.1282220036731939,0.9863362615743116,0.4555897940036765,0.2105486879912184
hsa-miR-148a-5p,FLRT3,83.6279,-0.2033956466494531,0.1327076521429911,0.9863362615743116,0.4163152154238787,0.3725346050742
hsa-miR-6735-5p,RNF19B,91.00245,0.201630461943633,0.136175563691816,0.9863362615743116,-0.009082072106164,0.9799019673910544
hsa-miR-4433b-5p,SERPINE1,88.0587,0.2011187518336201,0.1371934783229652,0.9863362615743116,0.404391536577382,0.606293886487451
hsa-miR-4632-5p,RNF19B,91.00245,-0.1999690462909339,0.139501308242522,0.9863362615743116,0.0817420878686045,0.4990443750605259
hsa-miR-3163,ANKRD1;CHL1;SLC2A1;VASH2,93.4799950967339,-0.197485418267468,0.1445856997317315,0.9863362615743116,-0.1242077018483129,0.8007945400009061
hsa-miR-342-5p,WBP1L,80.918,0.1959564376127679,0.147783663490649,0.9863362615743116,-0.2794639173600859,0.569284932662627
hsa-miR-664b-3p,MEGF11,89.5237830746241,0.1948796346357405,0.1500671913735067,0.9863362615743116,0.2111909923007704,0.6641189160952681
hsa-miR-4742-5p,CHL1,94.67725360072,0.1891023306807689,0.1627670840867031,0.9863362615743116,-0.0470989016327023,0.8067679211319901
hsa-miR-6820-3p,SRRM4,86.9988425970065,0.1872592798435833,0.1669797261493064,0.9863362615743116,0.3826509131323794,0.3412837103663962
hsa-miR-4659a-3p,CHL1,87.2226863704,0.1863490239581997,0.1690894228866949,0.9863362615743116,0.0949110540059166,0.8487475386865915
hsa-miR-1271-5p,CTTN;TNS3,98.09775804286,-0.1831240462240485,0.1767203047535861,0.9863362615743116,0.2767148245533477,0.493336130496294
hsa-miR-4677-5p,ANKRD13B;CRISP3,87.5272738225,-0.1830196852451286,0.176971339627126,0.9863362615743116,-0.0764151604066631,0.8067679211319901
hsa-miR-494-3p,SERPINE1;VASH2,85.8203678325,0.1825710887244236,0.1780533556652433,0.9863362615743116,0.6211733305455509,0.3046402196755158
hsa-miR-106b-5p,VASH2,97.3091024622258,-0.1796008585008514,0.1853384952579284,0.9863362615743116,-0.065867707802159,0.8123355271542684
hsa-miR-4435,SRRM4,80.6473689832709,0.1783074743591207,0.1885768724486922,0.9863362615743116,0.2801549131755975,0.4640716424261425
hsa-let-7g-3p,FLRT3;MEGF11,94.0309834201913,-0.1729906658571269,0.2023150602605143,0.9863362615743116,0.064618722894383,0.8867308695275335
hsa-miR-3614-3p,SRRM4,81.6986487942249,0.1729804186677886,0.2023422047065578,0.9863362615743116,0.1188248353171073,0.4640716424261425
hsa-miR-29b-3p,ANKRD13B,89.5876,0.1708431785434765,0.2080601721671484,0.9863362615743116,0.1499910125101777,0.5097340186877568
hsa-miR-326,CHL1,80.9926,0.1706873322696016,0.2084815319539343,0.9863362615743116,0.3828416265815665,0.3669818556720646
hsa-miR-548t-5p,FLRT3,81.3287826014625,-0.1701877090693947,0.20983640903799,0.9863362615743116,0.0775705300517067,0.7316264427136127
hsa-miR-152-3p,ACVR1;SLC2A1,87.8906,0.1700221460474727,0.2102867460485417,0.9863362615743116,0.5547075948407825,0.3046402196755158
hsa-miR-148a-3p,ACVR1;SLC2A1,87.8906,-0.1693721619881363,0.2120612962538158,0.9863362615743116,0.2148103966504422,0.3386590199250889
hsa-miR-4659b-3p,CHL1,87.2226863704,0.1691875684125059,0.2125671750129092,0.9863362615743116,0.512492074575438,0.1514367746487208
hsa-miR-543,VIP,86.929005294,-0.1624768831446097,0.231535867532683,0.9863362615743116,0.0554610526480391,0.919488754917723
hsa-miR-2355-3p,SERPINE1,85.7748,-0.159731311180017,0.2396235052196395,0.9863362615743116,0.011733086753541,0.9812041066060432
hsa-miR-570-3p,ACVR1;CHL1,97.8306922579171,0.1573401360584508,0.2468231712290867,0.9863362615743116,0.300803074549729,0.4640368575084659
hsa-let-7b-3p,ACVR1;NPY;TNS3,91.88601,-0.1570908842354114,0.2475820372062828,0.9863362615743116,0.1273225811254699,0.6669165286369291
hsa-miR-548aq-3p,ACVR1,92.4606301681,-0.1519731155701837,0.2635149288946963,0.9863362615743116,0.3443350500908025,0.3741056483727998
hsa-miR-4766-5p,WBP1L,83.6599605252,0.1519415794693613,0.2636151919411784,0.9863362615743116,-0.103348129551816,0.5999117272985924
hsa-miR-425-5p,ANKRD1,85.3006,0.1515831245747186,0.2647566289796182,0.9863362615743116,0.3137989756182087,0.2105486879912184
hsa-miR-3074-5p,TNIK,81.187369877175,0.1513778664507176,0.2654117259695747,0.9863362615743116,0.1685146341549472,0.5865693080638114
hsa-miR-29a-3p,ANKRD13B,89.5876,0.1503173661433793,0.268813670715571,0.9863362615743116,0.2326419727158661,0.4956117590663332
hsa-miR-1276,TNIK,94.8600436406066,0.1495036384823996,0.2714436454762123,0.9863362615743116,0.1588080221937337,0.2461585830840701
hsa-miR-6862-5p,PTPN23,85.6882,0.1486290830104219,0.2742892515698203,0.9863362615743116,0.1104073559993056,0.7149792609949616
hsa-miR-4755-3p,RUBCN,80.0424282283,-0.1469577104616304,0.2797824343631725,0.9863362615743116,-0.0712440387756158,0.8007945400009061
hsa-miR-33a-5p,NPY,81.0148,0.1462141542684515,0.2822494213038016,0.9863362615743116,0.316527697660647,0.6085287423279804
hsa-miR-6825-5p,SRRM4,90.0616929321245,-0.1451479139488127,0.285811960793528,0.9863362615743116,-0.1456250457216826,0.5690441469810125
hsa-miR-6764-5p,TFE3,99.74831834115,0.1430291227215131,0.2929785964399574,0.9863362615743116,0.1007907523362698,0.7620405931518583
hsa-miR-10b-3p,VASH2,82.224480118,0.1417307346226719,0.2974277155203361,0.9863362615743116,0.5040499898962518,0.3338247764228218
hsa-miR-660-3p,VASH2,85.662415037,-0.1415936357857319,0.2979000532409911,0.9863362615743116,-0.2753154691742767,0.3386590199250889
hsa-miR-20a-5p,VASH2,97.3091024622258,-0.140499185878666,0.3016881454932572,0.9863362615743116,0.0961317894017419,0.6522371927855796
hsa-miR-580-3p,MEGF11,89.4430250092,-0.1403074246767595,0.3023550604969285,0.9863362615743116,0.3945370133831467,0.2063900869289648
hsa-miR-3157-5p,FLRT3,88.0454070838,0.1402152609693446,0.3026759301333573,0.9863362615743116,0.2707375511007024,0.4640716424261425
hsa-miR-548b-5p,FLRT3,94.6594865022,0.1401684491499455,0.3028389905969842,0.9863362615743116,0.1425799100049371,0.569284932662627
hsa-miR-486-3p,ATF3,82.6482,0.1401228793179976,0.3029977793452529,0.9863362615743116,0.0125265721685448,0.9637235304950246
hsa-miR-20b-5p,VASH2,96.2954158462644,-0.1399176211939966,0.3037136710771633,0.9863362615743116,0.2601302545549009,0.3046402196755158
hsa-miR-5189-5p,CHL1,91.82529,0.1362190478786115,0.3168003926890695,0.9863362615743116,0.1930147659512919,0.6905364478829702
hsa-miR-4729,ANKRD1;TNS3,86.1111,0.1347821107106226,0.321980250260896,0.9863362615743116,-0.1105593660628952,0.6576588183039908
hsa-miR-206,TNS3,80.9374217819379,-0.1338625065359679,0.3253232587706059,0.9863362615743116,-0.3957803832784421,0.6508281130031153
hsa-miR-499b-5p,AGRN,91.37255,-0.1334482031950963,0.3268365066426953,0.9863362615743116,-0.0092604521630169,0.9656930569592632
hsa-miR-495-3p,WBP1L,98.1853790999882,0.1316685317529808,0.3333872136979779,0.9863362615743116,0.0419385267948607,0.9432736896941044
hsa-miR-582-5p,MAPK14,80.7975,-0.1311400616102757,0.3353481788127389,0.9863362615743116,-0.0542508728863074,0.932172370967057
hsa-miR-455-5p,ANKRD13B,81.0,0.1310837458094644,0.3355575715558346,0.9863362615743116,0.4141412153142092,0.4213322313514603
hsa-miR-338-5p,CTTN,94.2750623686,0.1299881193089858,0.3396475878630529,0.9863362615743116,0.2019309522514243,0.4990443750605259
hsa-miR-769-3p,WBP1L,85.2168564895,0.1297842828536592,0.3404119304693246,0.9863362615743116,0.1354523134408851,0.7646711294707476
hsa-miR-2116-5p,FLRT3;VASH2,93.7892714537406,-0.1296973733220518,0.3407381478584271,0.9863362615743116,0.0634051334871974,0.8415771400885105
hsa-miR-330-5p,CHL1,82.1229,-0.1276853340691854,0.3483447384076182,0.9863362615743116,0.2070267832435002,0.569284932662627
hsa-miR-19b-3p,MAPK14;SERPINE1,90.1544837687,-0.1261995365732649,0.3540286274904954,0.9863362615743116,0.3552326910493306,0.1438241786327136
hsa-miR-7110-3p,WBP1L,92.5587819858507,0.1252468909715308,0.357702739770381,0.9863362615743116,0.0892498858386763,0.5495366035797294
hsa-miR-335-3p,FLRT3,98.2987397726395,0.125141174718489,0.3581118932769741,0.9863362615743116,0.3894359331319648,0.563612127308509
hsa-miR-4738-3p,CHL1,91.6647315946,0.1244231208832293,0.3608985436086147,0.9863362615743116,0.0832737649418668,0.7014951432760396
hsa-miR-6868-3p,WBP1L,80.577890482,-0.1228467344333814,0.3670624517746518,0.9863362615743116,0.0890875380984478,0.8117669707197184
hsa-miR-19a-3p,MAPK14;SERPINE1,90.1544837687,-0.1197681153545678,0.3792827869133087,0.9863362615743116,0.3269029176969606,0.273112180730003
hsa-miR-301b-3p,ACVR1,94.83525937447,0.1192240304655152,0.3814674963530921,0.9863362615743116,0.044983551928738,0.931943546847106
hsa-miR-33a-3p,CTTN,83.5797,-0.1189601076411944,0.3825299454992177,0.9863362615743116,-0.0197920843085505,0.933746413208242
hsa-miR-4799-5p,ACVR1,84.6299,-0.1185987237658812,0.3839875905444945,0.9863362615743116,0.0845252526470989,0.752592799657589
hsa-miR-466,VIP,89.1949,0.1169084898668982,0.3908489107951107,0.9863362615743116,-0.0940113729395857,0.8423818493223462
hsa-miR-182-5p,CRISP3;CTTN;MEGF11;TNS3,99.481939493915,-0.1168602919312206,0.3910456202409758,0.9863362615743116,0.0658314364344843,0.8673652608218816
hsa-let-7a-3p,ACVR1;NPY;TNS3,91.88601,-0.1145340331925429,0.4006090531641897,0.9863362615743116,0.1056054046641077,0.8473174473802644
hsa-miR-6721-5p,GALNS;SRRM4,92.8788605492147,0.1141181469222442,0.4023330674936458,0.9863362615743116,0.3772901455297893,0.3468963179043728
hsa-miR-27b-3p,CHL1;FLRT3,80.8526058274,0.1140208878825405,0.402736867901215,0.9863362615743116,0.2784934291128884,0.4638111379139225
hsa-miR-450a-1-3p,WBP1L,82.1383496199029,-0.1129628199155715,0.4071449916192286,0.9863362615743116,0.1583701826768999,0.6669165286369291
hsa-miR-655-3p,FLRT3,85.9928076176,0.1115708139400541,0.4129867577659333,0.9863362615743116,0.0680015403053869,0.7620405931518583
hsa-miR-2115-3p,TNS3,86.9090729307291,0.1112056871536478,0.4145270185044078,0.9863362615743116,0.1095923456012865,0.606293886487451
hsa-miR-558,FLNC,80.9523,-0.1105683914582827,0.4172232994161071,0.9863362615743116,0.1541526027365193,0.7416516541659428
hsa-miR-449a,AXL,80.8316,-0.1104714772424601,0.4176342039652093,0.9863362615743116,0.1692062700196643,0.6508281130031153
hsa-miR-1285-3p,CHL1,91.82529,-0.1090262735318502,0.4237891334747197,0.9863362615743116,-0.1622746716916152,0.6508281130031153
hsa-miR-361-3p,TFE3,86.7866574263814,0.1088552250951827,0.4245210028919048,0.9863362615743116,0.3078822848119253,0.3692096824752203
hsa-miR-199a-5p,FLRT3;SERPINE1,85.6203,0.1073499988525089,0.4309923391980737,0.9863362615743116,0.2852672878893054,0.6522371927855796
hsa-miR-6516-5p,FLRT3,91.92927,0.1067901856230134,0.4334132241386478,0.9863362615743116,-0.0384122017576216,0.9188701565216
hsa-miR-495-5p,CTTN,97.61753,0.1064992077852626,0.434674556138796,0.9863362615743116,0.0837995154044656,0.6347814966715106
hsa-miR-320c,FLRT3,82.025,0.1054000466744996,0.4394577502449543,0.9863362615743116,-0.0328474953865094,0.9538610221727926
hsa-miR-548i,FLRT3,93.8567995486,-0.1049030546453208,0.4416301025639382,0.9863362615743116,-0.0097430615963095,0.9551062262902552
hsa-miR-4804-3p,FLRT3,83.5298,-0.1037448026783376,0.4467159429105379,0.9863362615743116,0.1620141238982603,0.4213322313514603
hsa-miR-27a-3p,CHL1;FLRT3,80.8526058274,0.1035185138711574,0.4477133366365706,0.9863362615743116,0.2617525709818302,0.4905833015888433
hsa-miR-33b-5p,NPY,81.0148,-0.1032411525094278,0.4489375145080089,0.9863362615743116,0.3059552888100811,0.4640368575084659
hsa-miR-500a-5p,VASH2,94.966155352,-0.1027766943884819,0.4509916011663097,0.9863362615743116,0.3880274156557886,0.4213322313514603
hsa-miR-24-3p,RUBCN,90.6998043976,0.1012948841944802,0.4575794088252886,0.9863362615743116,0.1598635273154798,0.5569849913888053
hsa-miR-4429,FLRT3,82.025,-0.1010025785851277,0.4588851070837497,0.9863362615743116,-0.1198591928176743,0.6637334986947021
hsa-miR-3139,TNS3,96.67687555481,-0.0994977934657939,0.4656388337931232,0.9863362615743116,-0.0280393774368043,0.8524700529910417
hsa-miR-323a-3p,FLRT3,99.1778882049818,0.0985084780212928,0.4701081207615599,0.9863362615743116,0.251635032250622,0.6522371927855796
hsa-miR-219b-5p,RNF19B,85.4066347418,0.0982021211607779,0.4714967598579617,0.9863362615743116,0.1067660163503504,0.7350346944857991
hsa-miR-3140-3p,SLC2A1,80.0424,0.0979370728394071,0.4726999290330795,0.9863362615743116,0.2875028709439116,0.478110965896714
hsa-miR-628-5p,VASH2,92.74984,0.0971897217144607,0.476101308597951,0.9863362615743116,0.2856408320630743,0.5745999901433693
hsa-miR-486-5p,SERPINE1,84.8752032914791,0.0971555120271272,0.4762573167505189,0.9863362615743116,0.1336744110205252,0.4873925481209095
hsa-miR-5581-3p,CHL1,83.7659098486794,-0.0962452327147851,0.4804184925707477,0.9863362615743116,0.0521877585013524,0.6905364478829702
hsa-miR-3613-3p,ANKRD13B;CTTN;SERPINE1;VASH2,97.9971130289036,-0.0956324193287746,0.4832306647108211,0.9863362615743116,0.4253099093417709,0.3864504781956731
hsa-miR-6875-5p,VASH2,88.6331,-0.0951737710964256,0.4853410494608896,0.9863362615743116,0.0526569734985372,0.8975328912015458
hsa-miR-6513-5p,WBP1L,84.3106327344,-0.0931462088659947,0.4947283132961212,0.9863362615743116,0.1139064146777983,0.714342875341043
hsa-miR-17-5p,VASH2,96.2954158462644,-0.0924345751751048,0.4980452707205455,0.9863362615743116,-0.1549442812317369,0.4990443750605259
hsa-miR-6511b-5p,VIP,81.4071,-0.0924319318141965,0.498057612947896,0.9863362615743116,0.2576631949225463,0.35324242539455
hsa-miR-4797-5p,RUBCN,87.9505397063274,0.0913326209598368,0.5032041306139723,0.9863362615743116,-0.0112196065631565,0.961287775961202
hsa-miR-4762-3p,MEGF11,88.231985065,0.0904943657379608,0.507146760116961,0.9863362615743116,0.0635412143209703,0.8260486236509925
hsa-miR-3682-3p,PTPN23;RUBCN,93.55037,-0.0893221189192361,0.5126866074130649,0.9863362615743116,0.2428239536885432,0.4990443750605259
hsa-miR-320b,FLRT3,82.025,0.0883294126950854,0.5174018270957647,0.9863362615743116,0.119401181797941,0.5276741463517692
hsa-miR-28-5p,TNS3,96.16358977004,0.087337331762414,0.5221357747351474,0.9863362615743116,-0.100246539372399,0.8684553443958558
hsa-miR-339-5p,WDR81,95.935524434,0.0860715733310747,0.528206894176105,0.9863362615743116,0.4728796837644067,0.3864504781956731
hsa-miR-128-3p,ITPKC;MAPK14;MEGF11,89.7505,0.0857294764577397,0.5298537157086045,0.9863362615743116,0.3053586851517149,0.1869692090621433
hsa-miR-376a-2-5p,ACVR1,86.4716,0.0834615492369308,0.5408350288724247,0.9863362615743116,0.0078017455435882,0.9688929551206772
hsa-miR-576-5p,MEGF11,83.3044269925,0.0831979595950611,0.5421184633233389,0.9863362615743116,0.1014450258316195,0.7445442419207502
hsa-miR-218-1-3p,ATF3,88.7034,-0.0831166069384152,0.5425148724316132,0.9863362615743116,0.0378526853360143,0.8524475842938036
hsa-miR-4422,ATF3,80.8865,-0.081460009176515,0.5506174241452035,0.9863362615743116,0.0742094569778679,0.5427562074216463
hsa-miR-6805-5p,MEGF11,86.1822,-0.0811939538627571,0.5519240954473559,0.9863362615743116,0.1370174950130804,0.7929582202876635
hsa-miR-6833-3p,VIP,90.05042,-0.0807614777368413,0.5540512586843642,0.9863362615743116,0.2425337109502459,0.4213322313514603
hsa-miR-9-3p,VASH2,82.401,0.0792770645641422,0.5613819667969515,0.9863362615743116,0.4329408226340727,0.400357952547611
hsa-miR-374c-5p,FLRT3,85.9928076176,0.078591068932455,0.5647850592184749,0.9863362615743116,0.0398957367640596,0.9105648433098364
hsa-miR-362-3p,CHL1,81.8137,0.0782843897487881,0.5663095486475019,0.9863362615743116,0.049535758210903,0.935328331418358
hsa-miR-6791-3p,MAPK14,84.3968630927157,-0.0777741417266026,0.5688502138838294,0.9863362615743116,0.0695198542644366,0.7854714735223167
hsa-miR-153-3p,VASH2,81.9223621087776,-0.0777488177934258,0.5689764464445473,0.9863362615743116,0.4374687294535068,0.2817013113999685
hsa-miR-30d-5p,CHL1;TNIK,94.3559146262272,-0.0767665383763639,0.5738828338255051,0.9863362615743116,0.2711146613455533,0.1438241786327136
hsa-miR-548l,MEGF11,81.7971512323264,0.0760056959806832,0.5776965010027835,0.9863362615743116,0.3342619271604909,0.4761896261339843
hsa-miR-92a-1-5p,SLC2A1,91.14953,0.0759956256877283,0.5777470552565234,0.9863362615743116,0.3265782606779065,0.3468963179043728
hsa-miR-10399-5p,MEGF11;VASH2,83.8776592809514,0.0755826129154951,0.5798221772838864,0.9863362615743116,0.2288627891122441,0.5427562074216463
hsa-miR-214-3p,RUBCN,94.7183737440564,0.0754427695197665,0.5805255689239243,0.9863362615743116,0.2222584122112947,0.6797046163857445
hsa-miR-106a-5p,VASH2,96.2954158462644,0.0744744893250197,0.5854064970870995,0.9863362615743116,-0.6623442538753217,0.1284909020973099
hsa-miR-3680-3p,CHL1;VASH2,94.3307740007,-0.0744008045473681,0.5857786861187008,0.9863362615743116,0.1226565470518196,0.54947098311646
hsa-miR-30e-5p,CHL1;TNIK,94.3559146262272,-0.0729350533950124,0.5932044118490707,0.9863362615743116,0.1870157541600487,0.3338247764228218
hsa-miR-3143,CHL1,86.6997288704,-0.0725587468343439,0.5951175782299314,0.9863362615743116,0.291468682787884,0.4872982288667046
hsa-miR-190a-3p,MEGF11;SERPINE1,99.7296502406156,-0.0699561796985264,0.6084234317192159,0.9863362615743116,-0.1534370546973749,0.7348980028460556
hsa-miR-4773,AXL;FLRT3,93.5545262886,0.0686661823089838,0.61506602690202,0.9863362615743116,-0.0928993357439095,0.6576588183039908
hsa-miR-548n,FLRT3;MEGF11,86.088344924,0.0683670192834371,0.6166109273882523,0.9863362615743116,0.5416343871035173,0.2105486879912184
hsa-miR-454-3p,ACVR1,95.23518548302,0.0671194065483182,0.6230714374591347,0.9863362615743116,0.0133183582720572,0.9688929551206772
hsa-miR-218-5p,VASH2,92.5430003027,0.0670054717380358,0.623662843224474,0.9863362615743116,-0.5195043553324503,0.4737866994618393
hsa-miR-450b-5p,ACVR1,82.638100725,0.0657510190549783,0.6301899059524795,0.9863362615743116,0.3755702914122873,0.2825012919808271
hsa-miR-5010-3p,FLRT3,88.2638134775764,0.0654442502013312,0.6317903637552563,0.9863362615743116,0.0238568305056627,0.9656930569592632
hsa-miR-3121-3p,AGRN,90.74538,-0.0639409094981003,0.6396576680560959,0.9863362615743116,-0.0296659021944941,0.8932507678059568
hsa-miR-10527-5p,CHL1,82.9657646542561,0.0625353084456298,0.6470493026463807,0.9863362615743116,0.1852707589614461,0.6198612861713512
hsa-miR-200b-3p,VASH2,99.7287094845661,0.0625353084456298,0.6470493026463807,0.9863362615743116,0.6546630575798238,0.2155499406140281
hsa-miR-30c-5p,CHL1;TNIK,94.3559146262272,0.0616458565749589,0.6517442648829602,0.9863362615743116,0.2487534252456029,0.3783687978254808
hsa-miR-642a-3p,SERPINE1,82.053013703,-0.0613655613832405,0.653226595994373,0.9863362615743116,0.0675582356239778,0.9188701565216
hsa-miR-708-5p,TNS3,96.16358977004,0.0589065607275973,0.6662874584104803,0.9863362615743116,-0.1509105113273241,0.7231850257308529
hsa-miR-296-5p,SRRM4,90.2485593677677,-0.0585327750276108,0.6682815637935792,0.9863362615743116,0.3934543271338326,0.1438241786327136
hsa-miR-4676-3p,GALNS,88.016,-0.0582873954026555,0.6695918761712827,0.9863362615743116,0.1951770867472971,0.4990443750605259
hsa-miR-6729-5p,GALNS,84.3407445064,0.0567438648341225,0.6778565274596069,0.9863362615743116,-0.0203256309158778,0.9372645382287104
hsa-miR-320d,FLRT3,82.025,-0.0563101075961271,0.6801858789164891,0.9863362615743116,-0.0934442558702,0.8480351688879936
hsa-miR-96-5p,CTTN;TNS3,98.4047929403,-0.0560012581649321,0.6818462650821342,0.9863362615743116,0.4816854401996426,0.273112180730003
hsa-miR-6734-3p,TFE3,81.6239657013843,0.0556378792552426,0.6838017222285698,0.9863362615743116,0.2540121708606552,0.4653767594543075
hsa-miR-130b-3p,ACVR1,94.83525937447,-0.0555565322295967,0.6842397594189459,0.9863362615743116,0.0183322559975689,0.9538610221727926
hsa-miR-545-5p,CRISP3,82.6721,-0.0543093379204611,0.6909684999495317,0.9863362615743116,0.2817460309394788,0.5021028787523188
hsa-miR-30c-2-3p,SRRM4,87.2881559770844,0.0487186041159358,0.7214169581481167,0.9863362615743116,0.193593222341702,0.5280291927080509
hsa-miR-138-2-3p,VASH2,84.0603425065023,-0.0485238566777128,0.7224856999736249,0.9863362615743116,0.0313388502822269,0.8007945400009061
hsa-miR-141-3p,TNS3,85.4206,-0.0480304010162277,0.725196056354237,0.9863362615743116,0.1308165798848923,0.8235186014604785
hsa-miR-320a-3p,FLRT3,82.025,0.0469699007088893,0.7310322614449648,0.9863362615743116,0.1688248526537048,0.4069794758222787
hsa-miR-29c-3p,ANKRD13B,89.5876,-0.0465935941482208,0.7331068351701859,0.9863362615743116,0.0651087513800252,0.8055252882420008
hsa-miR-3145-3p,TNIK;TNS3,87.50222248,-0.0460232407507631,0.7362547978752294,0.9863362615743116,-0.0208836450482396,0.90953709524116
hsa-miR-877-3p,TFE3,83.048654528063,0.0442819591126104,0.7458919439362999,0.9863362615743116,-0.0366522242019755,0.8968084411209534
hsa-miR-30b-5p,CHL1;TNIK,94.3559146262272,0.0441989160348762,0.7463525270317946,0.9863362615743116,0.3839505634648006,0.3783687978254808
hsa-miR-6754-3p,MAPK14,90.7167722912,-0.0441070717973771,0.746862026715083,0.9863362615743116,-0.1913179076327585,0.427803847158429
hsa-miR-4653-3p,SLC2A1,86.7726,-0.043998932619423,0.7474620593221525,0.9863362615743116,0.0295586004485539,0.8684553443958558
hsa-miR-6853-3p,FLRT3,91.232171308,0.0429729700461985,0.753162179344632,0.9863362615743116,0.1813557351766776,0.2204530515161893
hsa-miR-429,VASH2,99.7287094845661,0.0428793953461486,0.7536827252381227,0.9863362615743116,0.5398195054873427,0.4005488574189431
hsa-miR-642b-3p,SERPINE1,82.053013703,-0.0417333470517636,0.7600668296744737,0.9863362615743116,-0.1053957745975757,0.8081364098739512
hsa-miR-579-3p,MEGF11,89.5237830746241,-0.0402997003330727,0.7680753859184006,0.9863362615743116,0.0500891722717962,0.9188701565216
hsa-miR-183-5p,FLRT3,80.1831,-0.0396832373068548,0.7715265033466007,0.9863362615743116,0.0361191371382023,0.933746413208242
hsa-miR-211-5p,RUBCN,85.9203,0.0394319917470475,0.7729343057301759,0.9863362615743116,-0.3346988425545005,0.4794790852539231
hsa-miR-30c-1-3p,SRRM4,87.2881559770844,0.0392582675123896,0.7739081585889608,0.9863362615743116,0.2720096949068203,0.4998481631598579
hsa-miR-4742-3p,SLC2A1,85.8844,-0.0388279951235174,0.7763216402284656,0.9863362615743116,-0.4111274889151177,0.4640368575084659
hsa-miR-124-3p,MAPK14,84.341,-0.0385949925422017,0.7776294752989911,0.9863362615743116,-0.0328494840439259,0.90953709524116
hsa-miR-212-5p,GALNS,87.8496,0.0384424437547484,0.7784860581907896,0.9863362615743116,-0.048779871018151,0.8524700529910417
hsa-miR-1284,SLC2A1;TNS3,95.18464,0.0379480193129954,0.7812641142209829,0.9863362615743116,0.3683387565280678,0.3783687978254808
hsa-miR-6817-3p,WBP1L,95.7888330248073,-0.0377451261676231,0.7824049113678629,0.9863362615743116,-0.001703081541228,0.989591258497412
hsa-miR-5696,MEGF11;TNS3;VASH2,96.8124920966112,0.0373551031425793,0.7845991504719814,0.9863362615743116,-0.1010710785947169,0.623967132623097
hsa-let-7c-3p,CHL1;MEGF11,98.6258797131266,-0.0367201294801418,0.7881750180901327,0.9863362615743116,0.4929993048429431,0.1438241786327136
hsa-miR-6881-3p,MEGF11,89.4354357563793,-0.0361914721870759,0.7911554797266561,0.9863362615743116,-0.2538760370056754,0.4990443750605259
hsa-miR-548az-5p,FLRT3,81.3287826014625,0.0340600324421302,0.8032018170864139,0.9863362615743116,-0.0138246256690774,0.9656930569592632
hsa-miR-381-3p,AXL;NPY;TNS3;VASH2,88.407086104341,0.0329439289021561,0.809528107636571,0.9863362615743116,0.2148098244246696,0.8007945400009061
hsa-miR-448,VASH2,99.5615498569287,-0.0327957885654848,0.8103687152684634,0.9863362615743116,-0.0621608941524373,0.7745004062053542
hsa-miR-19a-5p,CHL1,93.2489374754,-0.0321045982541483,0.8142936017493535,0.9863362615743116,0.0366962724707902,0.8830988165602702
hsa-miR-548c-3p,ANKRD1;MEGF11;TNIK;VASH2,89.9277397038255,-0.031825791618044,0.8158780791703756,0.9863362615743116,0.1246100342683732,0.3864504781956731
hsa-miR-4775,CTTN;MEGF11,83.6450935552,0.0299793292849373,0.8263898407784773,0.9863362615743116,-0.0986520586226333,0.8588227784862624
hsa-miR-376c-3p,TNS3,80.5387237449,-0.0274967041662024,0.8405707043973051,0.9897854488682928,0.1521541406384075,0.8512050965642738
hsa-miR-942-5p,TNIK,90.6866745023025,0.0270940723681284,0.8428754261779607,0.9897854488682928,0.1826820256562218,0.3386590199250889
hsa-miR-4645-3p,FLRT3,89.3417,0.0261611555294774,0.8482205726949694,0.9897854488682928,-0.0376251539133233,0.8673652608218816
hsa-miR-548e-5p,CTTN,98.25644,0.0257628335401723,0.8505048411630819,0.9897854488682928,0.466936849541672,0.2824175008261322
hsa-miR-4725-3p,TFE3,97.3808039312968,-0.0250237744484238,0.8547463626041868,0.9897854488682928,0.0141963173337129,0.9656930569592632
hsa-miR-20a-3p,ANKRD1,91.2191930209,0.024289039586652,0.858967114930058,0.9897854488682928,0.2467688577022577,0.6058938809165457
hsa-miR-19b-1-5p,CHL1,93.2489374754,0.02289777743394,0.866969996580938,0.9897854488682928,0.4464613206996687,0.243139295462844
hsa-miR-5589-5p,VASH2,91.98458,-0.0226515745237166,0.8683876211066696,0.9897854488682928,0.0272548658424152,0.944081034450864
hsa-miR-1277-5p,ACVR1;CHL1;SERPINE1;SLC2A1,90.4516150255295,-0.0212784255214342,0.8763015704500701,0.9924943353572916,-0.0094743246578286,0.982641841946851
hsa-miR-6130,MAPK14,92.29534561,0.0203673717367238,0.8815589900476425,0.9924943353572916,-0.0211690197983301,0.930144313226944
hsa-miR-6516-3p,CHL1;MEGF11,98.4399747596234,-0.0197765954056624,0.8849709116907927,0.9924943353572916,0.1257259045225941,0.573176588838624
hsa-miR-6847-5p,RUBCN,93.4430552806524,-0.0196514803605652,0.8856937591793892,0.9924943353572916,0.0709351993663062,0.71199711533141
hsa-miR-193a-5p,ACVR1,91.60862,-0.0192600539687579,0.8879558049696256,0.9924943353572916,0.2799100789897171,0.505743726291063
hsa-miR-34c-5p,AXL,83.0213,-0.019049735032433,0.8891716017465223,0.9924943353572916,0.1394490500850537,0.7466189155609535
hsa-miR-6873-3p,MAPK14;VIP;WBP1L,86.7307240967677,-0.0184929372005063,0.8923915153488242,0.993212837304818,-0.1372909120410104,0.6997977284161865
hsa-miR-210-5p,ANKRD13B,92.819892546391,0.0181974822538767,0.8941008095088455,0.993555849498706,-0.1514129349344923,0.3864504781956731
hsa-miR-148b-3p,ACVR1;SLC2A1,87.8906,0.0172758921034152,0.8994355177119899,0.9936870877753254,0.1621062649072548,0.4990443750605259
hsa-miR-130a-3p,ACVR1,94.83525937447,-0.0172416824160817,0.8996336301027026,0.9936870877753254,0.211025265530254,0.4213322313514603
hsa-let-7f-1-3p,ACVR1;NPY;TNS3,91.88601,0.0168027000119385,0.9021763649771974,0.9936870877753254,0.7398482055201152,0.1376241096656372
hsa-miR-4646-3p,SERPINE1,95.29826,0.0154851204003179,0.9098139912921832,0.996735304972094,0.0256496639163689,0.8674673596166872
hsa-miR-590-3p,TNS3,80.1468,0.0153943593000729,0.9103404133628412,0.996735304972094,0.3513392944893203,0.3614092459002696
hsa-miR-340-5p,MAPK14,81.1949,0.015257520550739,0.911134161952359,0.996735304972094,0.3345448509471076,0.3864504781956731
hsa-miR-542-3p,FLRT3,91.01029,-0.015120681801405,0.911927996741235,0.996735304972094,0.2674811224696563,0.4905833015888433
hsa-miR-93-5p,VASH2,96.2954158462644,-0.0137180846207316,0.9200695932133772,0.9969749971843236,0.173222365204916,0.3772777468035299
hsa-miR-15b-3p,CHL1,83.1730365808,-0.0137180846207316,0.9200695932133772,0.9969749971843236,0.3229082016789304,0.1664874256106718
hsa-miR-8485,ACVR1;RNF19B;SRRM4,99.9066540695665,-0.0130651669540646,0.9238623874110068,0.9969749971843236,-0.0153178827698624,0.9656930569592632
hsa-miR-329-3p,CHL1,81.8137,0.0128069192684862,0.925363015570818,0.9969749971843236,0.1981010968946892,0.7258053955203201
hsa-miR-605-3p,TNIK,86.171894201,0.0127412335325528,0.92574474426826,0.9969749971843236,-0.010705482346612,0.9577042245467924
hsa-miR-1-3p,TNS3,80.9374217819379,0.0124865358767258,0.9272250607056004,0.9970913193163562,0.4152291212430006,0.5569849913888053
hsa-miR-6885-3p,CHL1,81.239817004368,0.0119759231315042,0.9301935018956248,0.9977805422918912,0.1104065506902563,0.4640368575084659
hsa-miR-137-3p,VASH2;WBP1L,96.211849424,0.0110828791300511,0.9353874484802804,0.997816703133905,0.0229732127608054,0.9236270086380748
hsa-miR-375-3p,WBP1L,84.6262531932979,0.0107418418227175,0.9373716397269868,0.997816703133905,0.3935558062776927,0.4213322313514603
hsa-miR-140-5p,SLC2A1,80.3986878734686,-0.0074235021513685,0.9566960126774808,0.997816703133905,-0.1988003960142297,0.505743726291063
hsa-miR-130a-5p,CHL1,85.9279748812903,0.0073827708319464,0.956933388257164,0.997816703133905,0.0924200063295306,0.5888707349852248
hsa-miR-545-3p,CTTN,87.6443,0.0068334659724119,0.960135002934642,0.997816703133905,0.4355418341458201,0.3654967664931242
hsa-miR-548j-5p,FLRT3,93.8567995486,0.0063289003069766,0.963076407854792,0.997816703133905,0.4431361767001083,0.3864504781956731
hsa-miR-301a-3p,ACVR1,94.83525937447,0.0062945824693631,0.9632764845478436,0.997816703133905,0.1568172052349234,0.569284932662627
hsa-miR-6882-5p,FLRT3,96.1924115511225,0.0061960374502763,0.9638510250839628,0.997816703133905,0.0088413932152567,0.9656930569592632
hsa-miR-34a-5p,AXL,85.9454,-0.0059866952833617,0.965071599115874,0.997816703133905,0.402036936988412,0.506248319235586
hsa-miR-337-3p,SERPINE1,90.59484,0.0058380357755769,0.9659384100573168,0.997816703133905,0.1269373707525225,0.7636042823759301
hsa-miR-629-3p,MAPK14,86.972156267,0.0052686519882553,0.9692587533654032,0.997816703133905,-0.2046994818379472,0.6065408836131104
hsa-miR-140-3p,CHL1,87.6254009762,0.0051998724746913,0.9696598750696492,0.997816703133905,0.1505034038005721,0.4990443750605259
hsa-miR-30a-5p,CHL1;TNIK,94.3559146262272,-0.0047209368520223,0.9724532261111144,0.997816703133905,0.3106839394719927,0.4213322313514603
hsa-miR-4795-3p,SERPINE1;TFE3,86.577498598,0.0046623579842364,0.9727949055570346,0.997816703133905,-0.0788036825311242,0.5569043041702418
hsa-miR-493-5p,CRISP3;MEGF11;VASH2,94.8481423256076,0.0042080791854247,0.9754447878689002,0.997816703133905,0.1642709427265036,0.8487475386865915
hsa-miR-6749-3p,TFE3;VASH2,82.4176726882,-0.0022553632827199,0.98683794218273,0.9992002398787652,0.0486928047495267,0.8724071713623728
hsa-miR-200a-3p,TNS3,85.4206,0.0003078871860014,0.9982031257248004,0.9992002398787652,0.4198669610048355,0.3783687978254808
hsa-miR-98-3p,ACVR1;NPY;TNS3,91.88601,0.0001381673120378,0.9991936349973216,0.9992002398787652,0.2050188315246706,0.5427562074216463
hsa-miR-183-3p,VIP,89.5056,0.0001370355925179,0.9992002398787652,0.9992002398787652,0.0926662674469087,0.8282678276712498
