celltype,sample,SPRR1A,ATF3,TFE3,CDHR5,GALNS,CHL1,FLNC,RNF19B,SRRM4,ECEL1,FLRT3,PTPN23,MAPK14,VASH2,TNIK,WDR81,CCDC160,SLC2A1,ANKRD13B,NPY,AXL,SERPINE1,WBP1L,ITPKC,ACVR1,LNP1,AGRN,VIP,REG3B,TNS3,ANKRD1,CTTN,RUBCN,MEGF11,condition,n_cells
Endothelial,GSM6656593_Sham-Female,0.0,0.91132814,0.22173034,0.0,0.0,0.31744564,0.115336634,0.0,0.09192613,0.0,0.0,0.0,0.19059224,0.0,0.12448077,0.0,0.19296488,0.3059619,0.115336634,0.0,0.0,0.0,0.0,0.0,0.093334936,0.0,0.20867157,0.0,0.0,0.1499383,0.0,0.09192613,0.0,0.0,Sham,11
Erythrocyte,GSM6656592_Sham-Male,0.019785896,0.84386486,0.14642102,0.0,0.009283905,0.36970383,0.0018364378,0.33133018,0.16240363,0.0068797395,0.1432727,0.14485596,0.3242221,0.050784886,0.20196958,0.050736833,0.05563122,0.13138485,0.19149007,0.0,0.004967356,0.00039711408,0.088589,0.040703066,0.11271451,0.0,0.10187968,0.0,0.0,0.02387686,0.0,0.4180309,0.20713903,0.00065740093,Sham,489
Erythrocyte,GSM6656593_Sham-Female,0.051507447,0.9940104,0.14691131,0.0,0.0063927397,0.35108384,0.0019602792,0.33048788,0.17328228,0.01255467,0.1541482,0.15724516,0.30646756,0.050628167,0.17892885,0.058600128,0.045010775,0.12676725,0.19525097,0.0014184581,0.0016987792,0.00097517343,0.08454729,0.038635906,0.11376745,0.0,0.11374877,0.0,0.0,0.019176254,0.0,0.41578898,0.16863175,0.0,Sham,860
Erythrocyte,GSM6656594_CCI-7d-Male,0.31097934,0.939021,0.18645968,0.0,0.010016962,0.5030924,0.0040946105,0.39347902,0.17207177,0.035146218,0.29916418,0.16352136,0.31393507,0.06049638,0.20691998,0.064936414,0.04639155,0.1521042,0.2302487,0.03759564,0.0047432017,0.0026736755,0.1178494,0.04076998,0.15120633,0.0,0.08837055,0.0,0.0053365096,0.02349107,0.0,0.4949128,0.18023396,0.0012998176,CCI,286
Erythrocyte,GSM6656595_CCI-7d-Female,0.3062602,1.0230385,0.18768875,0.0,0.009415273,0.49071804,0.01733452,0.37519264,0.19388467,0.04804651,0.3114639,0.14540072,0.32643783,0.05099938,0.20052828,0.07100365,0.046617966,0.13440524,0.20559973,0.0116197765,0.0061978945,0.0006610057,0.10557007,0.038446233,0.1555236,0.0,0.10059827,0.0,0.00038172273,0.019108428,0.0010478159,0.46174347,0.20072536,0.00029170082,CCI,423
Immune,GSM6656592_Sham-Male,0.0,0.5582841,0.5938474,0.0,0.0,0.23179281,0.0,0.0,0.014927999,0.0,0.061112404,0.03540741,0.19556645,0.0,0.050300445,0.0,0.03540741,0.1243336,0.036738563,0.0,0.45504847,0.0,0.09811169,0.050300445,0.026544081,0.0,0.050335407,0.0,0.0,0.28137994,0.0,0.14531663,0.18313012,0.0,Sham,19
Immune,GSM6656593_Sham-Female,0.03410485,0.2789677,0.03410485,0.0,0.0,0.03410485,0.0,0.19353011,0.0,0.0,0.110898554,0.0,0.578514,0.0,0.1621873,0.12608573,0.0,0.1940482,0.0,0.0,0.2703238,0.0,0.10902822,0.0,0.03410485,0.0,0.0,0.0,0.0,0.0,0.0,0.31925184,0.12608573,0.0,Sham,10
Immune,GSM6656594_CCI-7d-Male,0.8578859,0.74597454,0.22416069,0.0,0.052503143,0.24769649,0.09721112,0.266051,0.0155953765,0.20776555,0.3156607,0.10763835,0.2611802,0.026190592,0.27421334,0.13313358,0.0,0.061312236,0.06969788,0.093590744,0.6630057,0.0969257,0.11847569,0.021365603,0.1391834,0.0,0.051492445,0.0,0.0,0.31517306,0.0,0.30490246,0.11573579,0.0,CCI,28
Immune,GSM6656595_CCI-7d-Female,0.5650258,0.9271463,0.11642475,0.0,0.01510692,0.29952943,0.05385486,0.37356317,0.056060243,0.16260314,0.39555955,0.08198765,0.21000588,0.049742855,0.19574356,0.18066736,0.02465373,0.18495041,0.11023091,0.13365455,0.38957036,0.0452407,0.0,0.06688073,0.031949937,0.0,0.019643888,0.0,0.01510692,0.14098836,0.0,0.16933423,0.10095744,0.0,CCI,16
Neuron,GSM6656592_Sham-Male,0.12322224,0.53062266,0.12589917,0.0,0.010182824,0.24501933,0.025735347,0.27562365,0.124940455,0.040465493,0.15194829,0.13692722,0.27235878,0.019986764,0.24426466,0.07137801,0.039551597,0.12007136,0.24719971,0.016016927,0.005937798,0.0010207926,0.091554716,0.034445323,0.08566983,6.105089e-05,0.0754163,0.0005900082,0.0010173942,0.04280944,0.0002289759,0.35325846,0.17234717,0.0011448155,Sham,3577
Neuron,GSM6656593_Sham-Female,0.17193252,0.5796784,0.12587917,5.4204575e-05,0.009323502,0.2853183,0.03281379,0.2631282,0.12266254,0.059903726,0.18207236,0.1335044,0.26213792,0.02445414,0.23556675,0.07083684,0.031643286,0.11841651,0.23861277,0.01949347,0.007747272,0.0010761352,0.08595004,0.033465724,0.09706532,0.0,0.07556996,0.00019213268,0.0013369577,0.04627453,0.00047790396,0.37787962,0.16475311,0.0010068889,Sham,5619
Neuron,GSM6656594_CCI-7d-Male,2.0647192,1.6783713,0.20905428,0.0,0.030492375,0.94686675,0.24909246,0.5010089,0.31910852,0.6271911,0.8835818,0.21214801,0.36828136,0.09521459,0.7592859,0.110823296,0.02343837,0.3575623,0.39787608,0.2525352,0.02487069,0.013814268,0.12712826,0.10583339,0.2031944,2.8884422e-05,0.063742004,0.0007804054,0.008535187,0.060925536,0.019066822,0.7239098,0.20058733,0.0010816663,CCI,3124
Neuron,GSM6656595_CCI-7d-Female,1.6035942,1.4624711,0.16381262,0.0,0.023816762,0.7420275,0.17770706,0.4068129,0.24104041,0.48924664,0.7042018,0.17249604,0.28548428,0.071171604,0.5637632,0.086015254,0.020062653,0.2652521,0.31173906,0.1953226,0.018527364,0.009987214,0.10709072,0.07923785,0.14994326,1.744221e-05,0.05760677,0.00012445249,0.0043030675,0.048751317,0.014598433,0.5686173,0.15627395,0.0013625164,CCI,5242
SatelliteGlia,GSM6656592_Sham-Male,0.010616752,0.29974717,0.093528755,0.0,0.014621081,0.68941295,0.0,0.059559017,0.0,0.0,0.103338845,0.039943144,0.10063893,0.0,0.1572755,0.07173502,0.057044122,0.35352212,0.061900515,0.0,0.29489294,0.0,0.13661082,0.029396536,0.0827268,0.0,0.16715,0.0,0.0,0.59470505,0.0,0.18885033,0.07086933,0.033572767,Sham,213
SatelliteGlia,GSM6656593_Sham-Female,0.010369449,0.6147649,0.086811304,0.0042657517,0.004122503,0.50845027,0.009770884,0.030795537,0.0,0.0,0.08455891,0.09288753,0.038226355,0.0,0.1315836,0.042920567,0.026853442,0.2528882,0.030630331,0.0037046496,0.24229954,0.0,0.08331184,0.03156945,0.07567822,0.0,0.14378059,0.0,0.0,0.57531166,0.0,0.16720143,0.0668558,0.036321253,Sham,286
SatelliteGlia,GSM6656594_CCI-7d-Male,0.23035567,0.26998454,0.1772649,0.0,0.01133868,1.0118959,0.009387393,0.058356248,0.01776569,0.022803452,0.12542795,0.09388962,0.12606917,0.0,0.289947,0.039256778,0.011797282,0.2441973,0.061419476,0.07343514,0.37383986,0.0,0.1339977,0.007468975,0.09991535,0.0,0.27099153,0.0,0.0063900645,0.68113357,0.0,0.3139649,0.070441216,0.089925066,CCI,154
SatelliteGlia,GSM6656595_CCI-7d-Female,0.35104516,0.6765395,0.09731665,0.0,0.0155072855,0.9360921,0.005049386,0.0680799,0.007024556,0.019197555,0.17492558,0.039527375,0.09959863,0.0,0.25759766,0.062237144,0.030620962,0.22360593,0.08654966,0.041524906,0.24505438,0.0075809862,0.11504589,0.013789789,0.08275423,0.0,0.26121062,0.0,0.0,0.4888272,0.0,0.24423382,0.091246635,0.029741812,CCI,194
Schwann,GSM6656592_Sham-Male,0.0034822405,0.9810491,0.14665458,0.0,0.0074167694,0.39800772,0.001921456,0.2728759,0.11393718,0.002889135,0.16915329,0.1268037,0.3117398,0.034133177,0.14608057,0.073237956,0.052388214,0.1513084,0.16328539,0.00058318797,0.044665966,0.00034814913,0.0919533,0.032977737,0.10840382,0.0,0.1517355,0.0,0.0,0.17857248,0.0,0.3778581,0.14140712,0.0100229215,Sham,399
Schwann,GSM6656593_Sham-Female,0.013561723,1.0207206,0.14299262,0.0004939567,0.0040544053,0.38415167,0.0014949071,0.29910165,0.13632804,0.0047019892,0.2068851,0.12975904,0.29282892,0.04118172,0.14456134,0.06900325,0.041313384,0.15239845,0.17608127,0.0044354405,0.040049274,0.0,0.07639177,0.036226824,0.10594824,0.0,0.15406135,0.0,0.0,0.15778852,0.0,0.37014627,0.17156345,0.0053643687,Sham,770
Schwann,GSM6656594_CCI-7d-Male,0.34773937,1.1156411,0.17636794,0.0,0.0092246635,0.55837506,0.031712506,0.35803497,0.15972477,0.110713154,0.39211854,0.13658455,0.34091944,0.040145844,0.28174102,0.09182059,0.033844326,0.20346007,0.20880263,0.020882087,0.076382615,0.002614496,0.08677831,0.037034422,0.12590666,0.0,0.1369674,0.0,0.0,0.18675414,0.0,0.45730767,0.17406483,0.0045496486,CCI,132
Schwann,GSM6656595_CCI-7d-Female,0.3644933,1.1080483,0.16537383,0.0,0.011027451,0.48466855,0.012969072,0.29249892,0.14232104,0.058773287,0.30930948,0.14015965,0.3511664,0.025455438,0.18187132,0.066728495,0.056605645,0.1454082,0.17219022,0.04023715,0.063218825,0.006947619,0.102306284,0.04945946,0.11446796,0.0,0.16000713,0.0,0.0,0.21366073,0.002098021,0.3552651,0.16172007,0.005539659,CCI,191
