cluster,n_cells,current_celltype,assigned_subtype,symbol,mean_lognorm,pct_expressing
0,702,Neuron,NonPeptidergic_Noci,SPRR1A,0.09853733330965042,0.2094017094017094
0,702,Neuron,NonPeptidergic_Noci,ATF3,0.2664823532104492,0.452991452991453
0,702,Neuron,NonPeptidergic_Noci,TFE3,0.11130725592374802,0.47293447293447294
0,702,Neuron,NonPeptidergic_Noci,CDHR5,0.0,0.0
0,702,Neuron,NonPeptidergic_Noci,GALNS,0.01719127967953682,0.09971509971509972
0,702,Neuron,NonPeptidergic_Noci,CHL1,0.049834445118904114,0.16524216524216523
0,702,Neuron,NonPeptidergic_Noci,FLNC,0.0048081884160637856,0.021367521367521368
0,702,Neuron,NonPeptidergic_Noci,RNF19B,0.2661769986152649,0.7706552706552706
0,702,Neuron,NonPeptidergic_Noci,SRRM4,0.078414186835289,0.3803418803418803
0,702,Neuron,NonPeptidergic_Noci,ECEL1,0.015171528793871403,0.05982905982905983
0,702,Neuron,NonPeptidergic_Noci,FLRT3,0.06713695824146271,0.20085470085470086
0,702,Neuron,NonPeptidergic_Noci,PTPN23,0.12147490680217743,0.5014245014245015
0,702,Neuron,NonPeptidergic_Noci,MAPK14,0.3398440480232239,0.8162393162393162
0,702,Neuron,NonPeptidergic_Noci,VASH2,0.0035841648932546377,0.019943019943019943
0,702,Neuron,NonPeptidergic_Noci,TNIK,0.3166670501232147,0.7977207977207977
0,702,Neuron,NonPeptidergic_Noci,WDR81,0.07317002862691879,0.34045584045584043
0,702,Neuron,NonPeptidergic_Noci,CCDC160,0.05161195248365402,0.2606837606837607
0,702,Neuron,NonPeptidergic_Noci,SLC2A1,0.08567685633897781,0.3646723646723647
0,702,Neuron,NonPeptidergic_Noci,ANKRD13B,0.43319085240364075,0.8774928774928775
0,702,Neuron,NonPeptidergic_Noci,NPY,0.009088225662708282,0.024216524216524215
0,702,Neuron,NonPeptidergic_Noci,AXL,0.0052353390492498875,0.022792022792022793
0,702,Neuron,NonPeptidergic_Noci,SERPINE1,0.0007505880203098059,0.005698005698005698
0,702,Neuron,NonPeptidergic_Noci,WBP1L,0.10642305761575699,0.443019943019943
0,702,Neuron,NonPeptidergic_Noci,ITPKC,0.019050752744078636,0.11965811965811966
0,702,Neuron,NonPeptidergic_Noci,ACVR1,0.06798441708087921,0.35327635327635326
0,702,Neuron,NonPeptidergic_Noci,LNP1,0.0,0.0
0,702,Neuron,NonPeptidergic_Noci,AGRN,0.04982134699821472,0.21652421652421652
0,702,Neuron,NonPeptidergic_Noci,VIP,0.0,0.0
0,702,Neuron,NonPeptidergic_Noci,REG3B,0.0005710804252885282,0.004273504273504274
0,702,Neuron,NonPeptidergic_Noci,TNS3,0.12840455770492554,0.48575498575498577
0,702,Neuron,NonPeptidergic_Noci,ANKRD1,0.0006820098496973515,0.005698005698005698
0,702,Neuron,NonPeptidergic_Noci,CTTN,0.43209952116012573,0.8817663817663818
0,702,Neuron,NonPeptidergic_Noci,RUBCN,0.19188471138477325,0.6467236467236467
0,702,Neuron,NonPeptidergic_Noci,MEGF11,0.00042729152482934296,0.002849002849002849
1,1309,Neuron,Injured_RegenNeuron,SPRR1A,3.1196558475494385,0.9816653934300993
1,1309,Neuron,Injured_RegenNeuron,ATF3,2.3327462673187256,0.9977081741787625
1,1309,Neuron,Injured_RegenNeuron,TFE3,0.237729012966156,0.7035905271199389
1,1309,Neuron,Injured_RegenNeuron,CDHR5,0.0,0.0
1,1309,Neuron,Injured_RegenNeuron,GALNS,0.03539758920669556,0.15584415584415584
1,1309,Neuron,Injured_RegenNeuron,CHL1,1.6872628927230835,0.9915966386554622
1,1309,Neuron,Injured_RegenNeuron,FLNC,0.11271659284830093,0.2711993888464477
1,1309,Neuron,Injured_RegenNeuron,RNF19B,0.8412671685218811,0.9663865546218487
1,1309,Neuron,Injured_RegenNeuron,SRRM4,0.40392571687698364,0.839572192513369
1,1309,Neuron,Injured_RegenNeuron,ECEL1,0.7025274038314819,0.851031321619557
1,1309,Neuron,Injured_RegenNeuron,FLRT3,1.403104543685913,0.9908326967150497
1,1309,Neuron,Injured_RegenNeuron,PTPN23,0.2621116042137146,0.7288006111535523
1,1309,Neuron,Injured_RegenNeuron,MAPK14,0.5170405507087708,0.9106187929717342
1,1309,Neuron,Injured_RegenNeuron,VASH2,0.18289096653461456,0.5668449197860963
1,1309,Neuron,Injured_RegenNeuron,TNIK,1.039624810218811,0.9702062643239114
1,1309,Neuron,Injured_RegenNeuron,WDR81,0.12056229263544083,0.45454545454545453
1,1309,Neuron,Injured_RegenNeuron,CCDC160,0.016059963032603264,0.08403361344537816
1,1309,Neuron,Injured_RegenNeuron,SLC2A1,0.47544634342193604,0.8640183346065698
1,1309,Neuron,Injured_RegenNeuron,ANKRD13B,0.48960426449775696,0.8884644766997708
1,1309,Neuron,Injured_RegenNeuron,NPY,0.18036489188671112,0.23376623376623376
1,1309,Neuron,Injured_RegenNeuron,AXL,0.03105025365948677,0.12757830404889228
1,1309,Neuron,Injured_RegenNeuron,SERPINE1,0.05060867220163345,0.15889992360580596
1,1309,Neuron,Injured_RegenNeuron,WBP1L,0.15318354964256287,0.5393430099312452
1,1309,Neuron,Injured_RegenNeuron,ITPKC,0.15947282314300537,0.5255920550038197
1,1309,Neuron,Injured_RegenNeuron,ACVR1,0.41514840722084045,0.8472116119174943
1,1309,Neuron,Injured_RegenNeuron,LNP1,0.0,0.0
1,1309,Neuron,Injured_RegenNeuron,AGRN,0.1090874969959259,0.413292589763178
1,1309,Neuron,Injured_RegenNeuron,VIP,0.0,0.0
1,1309,Neuron,Injured_RegenNeuron,REG3B,0.0020053463522344828,0.006111535523300229
1,1309,Neuron,Injured_RegenNeuron,TNS3,0.07309762388467789,0.28189457601222306
1,1309,Neuron,Injured_RegenNeuron,ANKRD1,0.02183843031525612,0.06569900687547746
1,1309,Neuron,Injured_RegenNeuron,CTTN,0.9148094654083252,0.9824293353705118
1,1309,Neuron,Injured_RegenNeuron,RUBCN,0.21786431968212128,0.6822001527883881
1,1309,Neuron,Injured_RegenNeuron,MEGF11,0.0011595138348639011,0.0053475935828877
2,254,SatelliteGlia,non-neuronal,SPRR1A,0.2158026546239853,0.15748031496062992
2,254,SatelliteGlia,non-neuronal,ATF3,0.46110010147094727,0.2755905511811024
2,254,SatelliteGlia,non-neuronal,TFE3,0.14032207429409027,0.11811023622047244
2,254,SatelliteGlia,non-neuronal,CDHR5,0.0,0.0
2,254,SatelliteGlia,non-neuronal,GALNS,0.013482741080224514,0.011811023622047244
2,254,SatelliteGlia,non-neuronal,CHL1,1.240027904510498,0.7244094488188977
2,254,SatelliteGlia,non-neuronal,FLNC,0.011698565445840359,0.007874015748031496
2,254,SatelliteGlia,non-neuronal,RNF19B,0.06173403188586235,0.05905511811023622
2,254,SatelliteGlia,non-neuronal,SRRM4,0.0,0.0
2,254,SatelliteGlia,non-neuronal,ECEL1,0.01585855707526207,0.011811023622047244
2,254,SatelliteGlia,non-neuronal,FLRT3,0.14807696640491486,0.11023622047244094
2,254,SatelliteGlia,non-neuronal,PTPN23,0.07497988641262054,0.07086614173228346
2,254,SatelliteGlia,non-neuronal,MAPK14,0.10779476910829544,0.09448818897637795
2,254,SatelliteGlia,non-neuronal,VASH2,0.0,0.0
2,254,SatelliteGlia,non-neuronal,TNIK,0.3227751851081848,0.25196850393700787
2,254,SatelliteGlia,non-neuronal,WDR81,0.06550271064043045,0.05511811023622047
2,254,SatelliteGlia,non-neuronal,CCDC160,0.027479788288474083,0.027559055118110236
2,254,SatelliteGlia,non-neuronal,SLC2A1,0.20399610698223114,0.16929133858267717
2,254,SatelliteGlia,non-neuronal,ANKRD13B,0.08654552698135376,0.07480314960629922
2,254,SatelliteGlia,non-neuronal,NPY,0.04598436877131462,0.03543307086614173
2,254,SatelliteGlia,non-neuronal,AXL,0.35455673933029175,0.28346456692913385
2,254,SatelliteGlia,non-neuronal,SERPINE1,0.00579020194709301,0.003937007874015748
2,254,SatelliteGlia,non-neuronal,WBP1L,0.14079785346984863,0.11811023622047244
2,254,SatelliteGlia,non-neuronal,ITPKC,0.01048087514936924,0.007874015748031496
2,254,SatelliteGlia,non-neuronal,ACVR1,0.0991760641336441,0.08661417322834646
2,254,SatelliteGlia,non-neuronal,LNP1,0.0,0.0
2,254,SatelliteGlia,non-neuronal,AGRN,0.25879475474357605,0.1968503937007874
2,254,SatelliteGlia,non-neuronal,VIP,0.0,0.0
2,254,SatelliteGlia,non-neuronal,REG3B,0.0,0.0
2,254,SatelliteGlia,non-neuronal,TNS3,0.6458230018615723,0.484251968503937
2,254,SatelliteGlia,non-neuronal,ANKRD1,0.0,0.0
2,254,SatelliteGlia,non-neuronal,CTTN,0.30716753005981445,0.2440944881889764
2,254,SatelliteGlia,non-neuronal,RUBCN,0.10740362852811813,0.09055118110236221
2,254,SatelliteGlia,non-neuronal,MEGF11,0.05035784840583801,0.04330708661417323
3,311,Neuron,Peptidergic_Nociceptor,SPRR1A,0.06701613962650299,0.1414790996784566
3,311,Neuron,Peptidergic_Nociceptor,ATF3,0.24420933425426483,0.3054662379421222
3,311,Neuron,Peptidergic_Nociceptor,TFE3,0.11895258724689484,0.2797427652733119
3,311,Neuron,Peptidergic_Nociceptor,CDHR5,0.0,0.0
3,311,Neuron,Peptidergic_Nociceptor,GALNS,0.006846128962934017,0.01929260450160772
3,311,Neuron,Peptidergic_Nociceptor,CHL1,0.26455265283584595,0.4694533762057878
3,311,Neuron,Peptidergic_Nociceptor,FLNC,0.013329625129699707,0.04180064308681672
3,311,Neuron,Peptidergic_Nociceptor,RNF19B,0.19703935086727142,0.4405144694533762
3,311,Neuron,Peptidergic_Nociceptor,SRRM4,0.2304747849702835,0.4790996784565916
3,311,Neuron,Peptidergic_Nociceptor,ECEL1,0.005801660008728504,0.012861736334405145
3,311,Neuron,Peptidergic_Nociceptor,FLRT3,0.07420873641967773,0.15755627009646303
3,311,Neuron,Peptidergic_Nociceptor,PTPN23,0.12643828988075256,0.3086816720257235
3,311,Neuron,Peptidergic_Nociceptor,MAPK14,0.16605417430400848,0.38263665594855306
3,311,Neuron,Peptidergic_Nociceptor,VASH2,0.005850501358509064,0.012861736334405145
3,311,Neuron,Peptidergic_Nociceptor,TNIK,0.35382869839668274,0.6141479099678456
3,311,Neuron,Peptidergic_Nociceptor,WDR81,0.058333203196525574,0.14469453376205788
3,311,Neuron,Peptidergic_Nociceptor,CCDC160,0.009640747681260109,0.03215434083601286
3,311,Neuron,Peptidergic_Nociceptor,SLC2A1,0.10990319401025772,0.2861736334405145
3,311,Neuron,Peptidergic_Nociceptor,ANKRD13B,0.1823679655790329,0.4212218649517685
3,311,Neuron,Peptidergic_Nociceptor,NPY,0.0006822432624176145,0.003215434083601286
3,311,Neuron,Peptidergic_Nociceptor,AXL,0.007786731701344252,0.022508038585209004
3,311,Neuron,Peptidergic_Nociceptor,SERPINE1,0.001397593878209591,0.003215434083601286
3,311,Neuron,Peptidergic_Nociceptor,WBP1L,0.07193537801504135,0.1864951768488746
3,311,Neuron,Peptidergic_Nociceptor,ITPKC,0.02631928026676178,0.07395498392282958
3,311,Neuron,Peptidergic_Nociceptor,ACVR1,0.06600360572338104,0.17041800643086816
3,311,Neuron,Peptidergic_Nociceptor,LNP1,0.0,0.0
3,311,Neuron,Peptidergic_Nociceptor,AGRN,0.17089605331420898,0.37942122186495175
3,311,Neuron,Peptidergic_Nociceptor,VIP,0.0,0.0
3,311,Neuron,Peptidergic_Nociceptor,REG3B,0.0,0.0
3,311,Neuron,Peptidergic_Nociceptor,TNS3,0.04409680515527725,0.1157556270096463
3,311,Neuron,Peptidergic_Nociceptor,ANKRD1,0.0,0.0
3,311,Neuron,Peptidergic_Nociceptor,CTTN,0.3485582768917084,0.6366559485530546
3,311,Neuron,Peptidergic_Nociceptor,RUBCN,0.23048575222492218,0.4630225080385852
3,311,Neuron,Peptidergic_Nociceptor,MEGF11,0.0018534075934439898,0.006430868167202572
4,1214,Schwann,non-neuronal,SPRR1A,0.055085983127355576,0.12685337726523888
4,1214,Schwann,non-neuronal,ATF3,1.096930980682373,0.8739703459637562
4,1214,Schwann,non-neuronal,TFE3,0.16249865293502808,0.443163097199341
4,1214,Schwann,non-neuronal,CDHR5,0.00031330034835264087,0.0008237232289950577
4,1214,Schwann,non-neuronal,GALNS,0.00559181859716773,0.022240527182866558
4,1214,Schwann,non-neuronal,CHL1,0.41824284195899963,0.728995057660626
4,1214,Schwann,non-neuronal,FLNC,0.002430129097774625,0.007413509060955519
4,1214,Schwann,non-neuronal,RNF19B,0.32803118228912354,0.700164744645799
4,1214,Schwann,non-neuronal,SRRM4,0.15224523842334747,0.4184514003294893
4,1214,Schwann,non-neuronal,ECEL1,0.010204903781414032,0.03212520593080725
4,1214,Schwann,non-neuronal,FLRT3,0.23903727531433105,0.4925864909390445
4,1214,Schwann,non-neuronal,PTPN23,0.14389216899871826,0.400329489291598
4,1214,Schwann,non-neuronal,MAPK14,0.3394559621810913,0.7108731466227347
4,1214,Schwann,non-neuronal,VASH2,0.04220779612660408,0.13920922570016475
4,1214,Schwann,non-neuronal,TNIK,0.13905949890613556,0.38797364085667213
4,1214,Schwann,non-neuronal,WDR81,0.08003100007772446,0.24052718286655683
4,1214,Schwann,non-neuronal,CCDC160,0.05238187685608864,0.17215815485996705
4,1214,Schwann,non-neuronal,SLC2A1,0.15846870839595795,0.4464579901153213
4,1214,Schwann,non-neuronal,ANKRD13B,0.18449562788009644,0.48352553542009885
4,1214,Schwann,non-neuronal,NPY,0.006541493348777294,0.023064250411861616
4,1214,Schwann,non-neuronal,AXL,0.03665129840373993,0.12602965403624383
4,1214,Schwann,non-neuronal,SERPINE1,0.00039870262844488025,0.0016474464579901153
4,1214,Schwann,non-neuronal,WBP1L,0.08775327354669571,0.27100494233937394
4,1214,Schwann,non-neuronal,ITPKC,0.03327992185950279,0.11532125205930807
4,1214,Schwann,non-neuronal,ACVR1,0.11660955101251602,0.34102141680395387
4,1214,Schwann,non-neuronal,LNP1,0.0,0.0
4,1214,Schwann,non-neuronal,AGRN,0.15586374700069427,0.44069192751235586
4,1214,Schwann,non-neuronal,VIP,0.0,0.0
4,1214,Schwann,non-neuronal,REG3B,0.0,0.0
4,1214,Schwann,non-neuronal,TNS3,0.1441897451877594,0.39621087314662273
4,1214,Schwann,non-neuronal,ANKRD1,0.0,0.0
4,1214,Schwann,non-neuronal,CTTN,0.4084593951702118,0.7883031301482701
4,1214,Schwann,non-neuronal,RUBCN,0.1772180050611496,0.4785831960461285
4,1214,Schwann,non-neuronal,MEGF11,0.00513414666056633,0.016474464579901153
5,1869,Neuron,Injured_RegenNeuron,SPRR1A,3.1331260204315186,0.9860888175494917
5,1869,Neuron,Injured_RegenNeuron,ATF3,2.6794309616088867,0.9973247726056714
5,1869,Neuron,Injured_RegenNeuron,TFE3,0.274435430765152,0.7490636704119851
5,1869,Neuron,Injured_RegenNeuron,CDHR5,0.0,0.0
5,1869,Neuron,Injured_RegenNeuron,GALNS,0.05217732861638069,0.21829855537720708
5,1869,Neuron,Injured_RegenNeuron,CHL1,1.1937750577926636,0.9036918138041734
5,1869,Neuron,Injured_RegenNeuron,FLNC,0.7724546790122986,0.8657035848047084
5,1869,Neuron,Injured_RegenNeuron,RNF19B,0.5710395574569702,0.8822899946495452
5,1869,Neuron,Injured_RegenNeuron,SRRM4,0.47598499059677124,0.8694489031567684
5,1869,Neuron,Injured_RegenNeuron,ECEL1,1.4435831308364868,0.980203317281969
5,1869,Neuron,Injured_RegenNeuron,FLRT3,1.4465010166168213,0.9705724986623863
5,1869,Neuron,Injured_RegenNeuron,PTPN23,0.28700920939445496,0.7479935794542536
5,1869,Neuron,Injured_RegenNeuron,MAPK14,0.3913571238517761,0.8362760834670947
5,1869,Neuron,Injured_RegenNeuron,VASH2,0.14485479891300201,0.49063670411985016
5,1869,Neuron,Injured_RegenNeuron,TNIK,1.2276127338409424,0.9684323167469235
5,1869,Neuron,Injured_RegenNeuron,WDR81,0.17618657648563385,0.584804708400214
5,1869,Neuron,Injured_RegenNeuron,CCDC160,0.01745707541704178,0.08721241305510968
5,1869,Neuron,Injured_RegenNeuron,SLC2A1,0.5493803024291992,0.8919208132691279
5,1869,Neuron,Injured_RegenNeuron,ANKRD13B,0.5244701504707336,0.8940609951845907
5,1869,Neuron,Injured_RegenNeuron,NPY,0.4882539212703705,0.608346709470305
5,1869,Neuron,Injured_RegenNeuron,AXL,0.03727290406823158,0.15730337078651685
5,1869,Neuron,Injured_RegenNeuron,SERPINE1,0.005546818021684885,0.029427501337613696
5,1869,Neuron,Injured_RegenNeuron,WBP1L,0.15433689951896667,0.5377207062600321
5,1869,Neuron,Injured_RegenNeuron,ITPKC,0.16153328120708466,0.530765115034778
5,1869,Neuron,Injured_RegenNeuron,ACVR1,0.16800697147846222,0.5644729802033173
5,1869,Neuron,Injured_RegenNeuron,LNP1,0.0,0.0
5,1869,Neuron,Injured_RegenNeuron,AGRN,0.03538563475012779,0.164258962011771
5,1869,Neuron,Injured_RegenNeuron,VIP,0.0,0.0
5,1869,Neuron,Injured_RegenNeuron,REG3B,0.0021488890051841736,0.010700909577314071
5,1869,Neuron,Injured_RegenNeuron,TNS3,0.09317632019519806,0.3590155163188871
5,1869,Neuron,Injured_RegenNeuron,ANKRD1,0.025813719257712364,0.07972177635098983
5,1869,Neuron,Injured_RegenNeuron,CTTN,0.9933614134788513,0.9614767255216693
5,1869,Neuron,Injured_RegenNeuron,RUBCN,0.19738192856311798,0.6548956661316212
5,1869,Neuron,Injured_RegenNeuron,MEGF11,0.001290604704990983,0.005350454788657036
6,1657,Neuron,NonPeptidergic_Noci,SPRR1A,0.072837695479393,0.18406759203379602
6,1657,Neuron,NonPeptidergic_Noci,ATF3,0.22274844348430634,0.48702474351237174
6,1657,Neuron,NonPeptidergic_Noci,TFE3,0.14298021793365479,0.5171997585998793
6,1657,Neuron,NonPeptidergic_Noci,CDHR5,0.00018381141126155853,0.0006035003017501509
6,1657,Neuron,NonPeptidergic_Noci,GALNS,0.005458085797727108,0.025347012673506336
6,1657,Neuron,NonPeptidergic_Noci,CHL1,0.22432026267051697,0.5697042848521424
6,1657,Neuron,NonPeptidergic_Noci,FLNC,0.07984613627195358,0.3138201569100785
6,1657,Neuron,NonPeptidergic_Noci,RNF19B,0.20103757083415985,0.627640313820157
6,1657,Neuron,NonPeptidergic_Noci,SRRM4,0.06187918409705162,0.24743512371756185
6,1657,Neuron,NonPeptidergic_Noci,ECEL1,0.013988208957016468,0.04646952323476162
6,1657,Neuron,NonPeptidergic_Noci,FLRT3,0.05600801110267639,0.2015691007845504
6,1657,Neuron,NonPeptidergic_Noci,PTPN23,0.1342429667711258,0.49064574532287264
6,1657,Neuron,NonPeptidergic_Noci,MAPK14,0.18799486756324768,0.5980687990343995
6,1657,Neuron,NonPeptidergic_Noci,VASH2,0.004622161854058504,0.02051901025950513
6,1657,Neuron,NonPeptidergic_Noci,TNIK,0.14968691766262054,0.496077248038624
6,1657,Neuron,NonPeptidergic_Noci,WDR81,0.07009857147932053,0.29511164755582375
6,1657,Neuron,NonPeptidergic_Noci,CCDC160,0.013414418324828148,0.06457453228726615
6,1657,Neuron,NonPeptidergic_Noci,SLC2A1,0.11148390918970108,0.41098370549185276
6,1657,Neuron,NonPeptidergic_Noci,ANKRD13B,0.2497418224811554,0.6819553409776705
6,1657,Neuron,NonPeptidergic_Noci,NPY,0.005965725984424353,0.024140012070006035
6,1657,Neuron,NonPeptidergic_Noci,AXL,0.005792385432869196,0.02172601086300543
6,1657,Neuron,NonPeptidergic_Noci,SERPINE1,0.00039582542376592755,0.0018105009052504525
6,1657,Neuron,NonPeptidergic_Noci,WBP1L,0.09496790170669556,0.3904646952323476
6,1657,Neuron,NonPeptidergic_Noci,ITPKC,0.028686190024018288,0.12432106216053108
6,1657,Neuron,NonPeptidergic_Noci,ACVR1,0.1008230447769165,0.38141219070609533
6,1657,Neuron,NonPeptidergic_Noci,LNP1,7.076915790094063e-05,0.0006035003017501509
6,1657,Neuron,NonPeptidergic_Noci,AGRN,0.019806571304798126,0.09414604707302354
6,1657,Neuron,NonPeptidergic_Noci,VIP,0.0,0.0
6,1657,Neuron,NonPeptidergic_Noci,REG3B,0.0065256208181381226,0.038020519010259504
6,1657,Neuron,NonPeptidergic_Noci,TNS3,0.023379823192954063,0.07966203983101991
6,1657,Neuron,NonPeptidergic_Noci,ANKRD1,0.00020612603111658245,0.0012070006035003018
6,1657,Neuron,NonPeptidergic_Noci,CTTN,0.2926570177078247,0.7501508750754375
6,1657,Neuron,NonPeptidergic_Noci,RUBCN,0.1632908135652542,0.5528062764031382
6,1657,Neuron,NonPeptidergic_Noci,MEGF11,0.0012943651527166367,0.005431502715751358
7,274,Neuron,Myelinated_Proprio,SPRR1A,0.1783507764339447,0.3284671532846715
7,274,Neuron,Myelinated_Proprio,ATF3,0.6356363892555237,0.7992700729927007
7,274,Neuron,Myelinated_Proprio,TFE3,0.11928785592317581,0.5182481751824818
7,274,Neuron,Myelinated_Proprio,CDHR5,0.0,0.0
7,274,Neuron,Myelinated_Proprio,GALNS,0.03811677545309067,0.21532846715328466
7,274,Neuron,Myelinated_Proprio,CHL1,0.08429799973964691,0.2116788321167883
7,274,Neuron,Myelinated_Proprio,FLNC,0.007772032171487808,0.032846715328467155
7,274,Neuron,Myelinated_Proprio,RNF19B,0.38465040922164917,0.8613138686131386
7,274,Neuron,Myelinated_Proprio,SRRM4,0.1767423003911972,0.6386861313868614
7,274,Neuron,Myelinated_Proprio,ECEL1,0.017089078202843666,0.06569343065693431
7,274,Neuron,Myelinated_Proprio,FLRT3,0.19480043649673462,0.4416058394160584
7,274,Neuron,Myelinated_Proprio,PTPN23,0.19912098348140717,0.708029197080292
7,274,Neuron,Myelinated_Proprio,MAPK14,0.21668721735477448,0.7262773722627737
7,274,Neuron,Myelinated_Proprio,VASH2,0.024997146800160408,0.16058394160583941
7,274,Neuron,Myelinated_Proprio,TNIK,0.39849963784217834,0.8868613138686131
7,274,Neuron,Myelinated_Proprio,WDR81,0.06887495517730713,0.33211678832116787
7,274,Neuron,Myelinated_Proprio,CCDC160,0.04557427391409874,0.2737226277372263
7,274,Neuron,Myelinated_Proprio,SLC2A1,0.09951366484165192,0.45985401459854014
7,274,Neuron,Myelinated_Proprio,ANKRD13B,0.22622215747833252,0.7445255474452555
7,274,Neuron,Myelinated_Proprio,NPY,0.013728296384215355,0.06204379562043796
7,274,Neuron,Myelinated_Proprio,AXL,0.0024250922724604607,0.01824817518248175
7,274,Neuron,Myelinated_Proprio,SERPINE1,0.0028805346228182316,0.01824817518248175
7,274,Neuron,Myelinated_Proprio,WBP1L,0.19150345027446747,0.6715328467153284
7,274,Neuron,Myelinated_Proprio,ITPKC,0.03230235353112221,0.2116788321167883
7,274,Neuron,Myelinated_Proprio,ACVR1,0.14265260100364685,0.572992700729927
7,274,Neuron,Myelinated_Proprio,LNP1,0.0007027247920632362,0.0072992700729927005
7,274,Neuron,Myelinated_Proprio,AGRN,0.11229930073022842,0.4927007299270073
7,274,Neuron,Myelinated_Proprio,VIP,0.01887482963502407,0.043795620437956206
7,274,Neuron,Myelinated_Proprio,REG3B,0.0008701321203261614,0.0072992700729927005
7,274,Neuron,Myelinated_Proprio,TNS3,0.06882030516862869,0.34306569343065696
7,274,Neuron,Myelinated_Proprio,ANKRD1,0.003595625050365925,0.014598540145985401
7,274,Neuron,Myelinated_Proprio,CTTN,0.3823579251766205,0.8868613138686131
7,274,Neuron,Myelinated_Proprio,RUBCN,0.24231675267219543,0.7664233576642335
7,274,Neuron,Myelinated_Proprio,MEGF11,0.004481280688196421,0.014598540145985401
8,2266,Neuron,Myelinated_Proprio,SPRR1A,0.6584605574607849,0.20520741394527803
8,2266,Neuron,Myelinated_Proprio,ATF3,0.592236340045929,0.20476610767872905
8,2266,Neuron,Myelinated_Proprio,TFE3,0.04242692142724991,0.01676963812886143
8,2266,Neuron,Myelinated_Proprio,CDHR5,0.0,0.0
8,2266,Neuron,Myelinated_Proprio,GALNS,0.005633364897221327,0.002206531332744925
8,2266,Neuron,Myelinated_Proprio,CHL1,0.24297095835208893,0.08693733451015004
8,2266,Neuron,Myelinated_Proprio,FLNC,0.028714189305901527,0.010150044130626656
8,2266,Neuron,Myelinated_Proprio,RNF19B,0.11507114768028259,0.04236540158870256
8,2266,Neuron,Myelinated_Proprio,SRRM4,0.05818759277462959,0.023389232127096204
8,2266,Neuron,Myelinated_Proprio,ECEL1,0.11836489289999008,0.04457193292144748
8,2266,Neuron,Myelinated_Proprio,FLRT3,0.15623442828655243,0.05825242718446602
8,2266,Neuron,Myelinated_Proprio,PTPN23,0.05768405273556709,0.021624007060900265
8,2266,Neuron,Myelinated_Proprio,MAPK14,0.08499985933303833,0.03265666372462489
8,2266,Neuron,Myelinated_Proprio,VASH2,0.009711340069770813,0.003971756398940865
8,2266,Neuron,Myelinated_Proprio,TNIK,0.13336960971355438,0.050750220653133275
8,2266,Neuron,Myelinated_Proprio,WDR81,0.016662411391735077,0.006619593998234775
8,2266,Neuron,Myelinated_Proprio,CCDC160,0.013968714512884617,0.005736981465136805
8,2266,Neuron,Myelinated_Proprio,SLC2A1,0.06723944842815399,0.025154457193292144
8,2266,Neuron,Myelinated_Proprio,ANKRD13B,0.07760008424520493,0.03000882612533098
8,2266,Neuron,Myelinated_Proprio,NPY,0.08628638088703156,0.028684907325684024
8,2266,Neuron,Myelinated_Proprio,AXL,0.001130626886151731,0.000441306266548985
8,2266,Neuron,Myelinated_Proprio,SERPINE1,0.0,0.0
8,2266,Neuron,Myelinated_Proprio,WBP1L,0.03125215694308281,0.011915269196822596
8,2266,Neuron,Myelinated_Proprio,ITPKC,0.015341796912252903,0.00617828773168579
8,2266,Neuron,Myelinated_Proprio,ACVR1,0.03862264007329941,0.014563106796116505
8,2266,Neuron,Myelinated_Proprio,LNP1,0.0,0.0
8,2266,Neuron,Myelinated_Proprio,AGRN,0.02368287555873394,0.010150044130626656
8,2266,Neuron,Myelinated_Proprio,VIP,0.0,0.0
8,2266,Neuron,Myelinated_Proprio,REG3B,0.0030947583727538586,0.00088261253309797
8,2266,Neuron,Myelinated_Proprio,TNS3,0.020916715264320374,0.00794351279788173
8,2266,Neuron,Myelinated_Proprio,ANKRD1,0.0,0.0
8,2266,Neuron,Myelinated_Proprio,CTTN,0.1825278252363205,0.0706090026478376
8,2266,Neuron,Myelinated_Proprio,RUBCN,0.05063048005104065,0.019417475728155338
8,2266,Neuron,Myelinated_Proprio,MEGF11,0.0,0.0
9,2268,Neuron,Peptidergic_Nociceptor,SPRR1A,0.09117254614830017,0.20943562610229277
9,2268,Neuron,Peptidergic_Nociceptor,ATF3,0.722517192363739,0.6997354497354498
9,2268,Neuron,Peptidergic_Nociceptor,TFE3,0.1452067494392395,0.5057319223985891
9,2268,Neuron,Peptidergic_Nociceptor,CDHR5,0.0,0.0
9,2268,Neuron,Peptidergic_Nociceptor,GALNS,0.011824628338217735,0.06084656084656084
9,2268,Neuron,Peptidergic_Nociceptor,CHL1,0.5104978084564209,0.8267195767195767
9,2268,Neuron,Peptidergic_Nociceptor,FLNC,0.003782425308600068,0.013227513227513227
9,2268,Neuron,Peptidergic_Nociceptor,RNF19B,0.30732277035713196,0.7658730158730159
9,2268,Neuron,Peptidergic_Nociceptor,SRRM4,0.1300356388092041,0.4559082892416226
9,2268,Neuron,Peptidergic_Nociceptor,ECEL1,0.08379194885492325,0.22001763668430335
9,2268,Neuron,Peptidergic_Nociceptor,FLRT3,0.1349354386329651,0.3712522045855379
9,2268,Neuron,Peptidergic_Nociceptor,PTPN23,0.15030381083488464,0.5242504409171076
9,2268,Neuron,Peptidergic_Nociceptor,MAPK14,0.32173165678977966,0.7716049382716049
9,2268,Neuron,Peptidergic_Nociceptor,VASH2,0.04340947046875954,0.18165784832451498
9,2268,Neuron,Peptidergic_Nociceptor,TNIK,0.17143751680850983,0.5511463844797179
9,2268,Neuron,Peptidergic_Nociceptor,WDR81,0.0636623427271843,0.2760141093474427
9,2268,Neuron,Peptidergic_Nociceptor,CCDC160,0.033598002046346664,0.1662257495590829
9,2268,Neuron,Peptidergic_Nociceptor,SLC2A1,0.09888750314712524,0.3655202821869489
9,2268,Neuron,Peptidergic_Nociceptor,ANKRD13B,0.2748863995075226,0.7305996472663139
9,2268,Neuron,Peptidergic_Nociceptor,NPY,0.006338778417557478,0.031746031746031744
9,2268,Neuron,Peptidergic_Nociceptor,AXL,0.008356701582670212,0.037037037037037035
9,2268,Neuron,Peptidergic_Nociceptor,SERPINE1,0.0007347650825977325,0.001763668430335097
9,2268,Neuron,Peptidergic_Nociceptor,WBP1L,0.11426863074302673,0.44400352733686066
9,2268,Neuron,Peptidergic_Nociceptor,ITPKC,0.03594941273331642,0.16137566137566137
9,2268,Neuron,Peptidergic_Nociceptor,ACVR1,0.14454005658626556,0.49426807760141095
9,2268,Neuron,Peptidergic_Nociceptor,LNP1,0.0,0.0
9,2268,Neuron,Peptidergic_Nociceptor,AGRN,0.09360648691654205,0.36331569664902996
9,2268,Neuron,Peptidergic_Nociceptor,VIP,6.33754170848988e-05,0.0004409171075837742
9,2268,Neuron,Peptidergic_Nociceptor,REG3B,0.0004018848412670195,0.0008818342151675485
9,2268,Neuron,Peptidergic_Nociceptor,TNS3,0.042348507791757584,0.17019400352733685
9,2268,Neuron,Peptidergic_Nociceptor,ANKRD1,4.712064401246607e-05,0.0004409171075837742
9,2268,Neuron,Peptidergic_Nociceptor,CTTN,0.4511173665523529,0.8628747795414462
9,2268,Neuron,Peptidergic_Nociceptor,RUBCN,0.19188331067562103,0.61331569664903
9,2268,Neuron,Peptidergic_Nociceptor,MEGF11,0.0009069180814549327,0.0030864197530864196
10,1378,Neuron,Peptidergic_Nociceptor,SPRR1A,0.053837958723306656,0.14223512336719885
10,1378,Neuron,Peptidergic_Nociceptor,ATF3,1.0529839992523193,0.8222060957910015
10,1378,Neuron,Peptidergic_Nociceptor,TFE3,0.15523864328861237,0.41509433962264153
10,1378,Neuron,Peptidergic_Nociceptor,CDHR5,0.0,0.0
10,1378,Neuron,Peptidergic_Nociceptor,GALNS,0.0030908314511179924,0.011611030478955007
10,1378,Neuron,Peptidergic_Nociceptor,CHL1,0.3909762501716614,0.7031930333817126
10,1378,Neuron,Peptidergic_Nociceptor,FLNC,0.002383387414738536,0.00725689404934688
10,1378,Neuron,Peptidergic_Nociceptor,RNF19B,0.29696765542030334,0.6552975326560232
10,1378,Neuron,Peptidergic_Nociceptor,SRRM4,0.17483872175216675,0.4426705370101596
10,1378,Neuron,Peptidergic_Nociceptor,ECEL1,0.01054837740957737,0.03265602322206096
10,1378,Neuron,Peptidergic_Nociceptor,FLRT3,0.31368473172187805,0.5718432510885341
10,1378,Neuron,Peptidergic_Nociceptor,PTPN23,0.13944359123706818,0.3925979680696662
10,1378,Neuron,Peptidergic_Nociceptor,MAPK14,0.36617520451545715,0.7300435413642961
10,1378,Neuron,Peptidergic_Nociceptor,VASH2,0.03171951323747635,0.102322206095791
10,1378,Neuron,Peptidergic_Nociceptor,TNIK,0.08685482293367386,0.25181422351233673
10,1378,Neuron,Peptidergic_Nociceptor,WDR81,0.08395630121231079,0.2351233671988389
10,1378,Neuron,Peptidergic_Nociceptor,CCDC160,0.07333096861839294,0.23947750362844702
10,1378,Neuron,Peptidergic_Nociceptor,SLC2A1,0.1264958530664444,0.3432510885341074
10,1378,Neuron,Peptidergic_Nociceptor,ANKRD13B,0.16874636709690094,0.4528301886792453
10,1378,Neuron,Peptidergic_Nociceptor,NPY,0.0053146169520914555,0.020319303338171262
10,1378,Neuron,Peptidergic_Nociceptor,AXL,0.0009837840916588902,0.002902757619738752
10,1378,Neuron,Peptidergic_Nociceptor,SERPINE1,0.0012145936489105225,0.0043541364296081275
10,1378,Neuron,Peptidergic_Nociceptor,WBP1L,0.07729135453701019,0.23367198838896952
10,1378,Neuron,Peptidergic_Nociceptor,ITPKC,0.03579551726579666,0.10957910014513789
10,1378,Neuron,Peptidergic_Nociceptor,ACVR1,0.0794781967997551,0.2409288824383164
10,1378,Neuron,Peptidergic_Nociceptor,LNP1,0.0,0.0
10,1378,Neuron,Peptidergic_Nociceptor,AGRN,0.12426456809043884,0.3563134978229318
10,1378,Neuron,Peptidergic_Nociceptor,VIP,0.0,0.0
10,1378,Neuron,Peptidergic_Nociceptor,REG3B,0.00018811834161169827,0.000725689404934688
10,1378,Neuron,Peptidergic_Nociceptor,TNS3,0.008174130693078041,0.02539912917271408
10,1378,Neuron,Peptidergic_Nociceptor,ANKRD1,0.0009022249723784626,0.002902757619738752
10,1378,Neuron,Peptidergic_Nociceptor,CTTN,0.36425134539604187,0.7213352685050798
10,1378,Neuron,Peptidergic_Nociceptor,RUBCN,0.16818243265151978,0.4462989840348331
10,1378,Neuron,Peptidergic_Nociceptor,MEGF11,0.0,0.0
11,1271,Neuron,NonPeptidergic_Noci,SPRR1A,0.042711127549409866,0.17151848937844216
11,1271,Neuron,NonPeptidergic_Noci,ATF3,0.22892414033412933,0.4964594807238395
11,1271,Neuron,NonPeptidergic_Noci,TFE3,0.13332581520080566,0.5507474429583006
11,1271,Neuron,NonPeptidergic_Noci,CDHR5,0.0,0.0
11,1271,Neuron,NonPeptidergic_Noci,GALNS,0.00847303681075573,0.05114083398898505
11,1271,Neuron,NonPeptidergic_Noci,CHL1,0.04975735768675804,0.1919748229740362
11,1271,Neuron,NonPeptidergic_Noci,FLNC,0.012488535605370998,0.07159716758457907
11,1271,Neuron,NonPeptidergic_Noci,RNF19B,0.331392377614975,0.8237608182533438
11,1271,Neuron,NonPeptidergic_Noci,SRRM4,0.0984044149518013,0.4555468135326515
11,1271,Neuron,NonPeptidergic_Noci,ECEL1,0.0052903336472809315,0.03304484657749803
11,1271,Neuron,NonPeptidergic_Noci,FLRT3,0.19179782271385193,0.6089693154996066
11,1271,Neuron,NonPeptidergic_Noci,PTPN23,0.14518551528453827,0.5688434303697876
11,1271,Neuron,NonPeptidergic_Noci,MAPK14,0.3084889352321625,0.8127458693941778
11,1271,Neuron,NonPeptidergic_Noci,VASH2,0.0016019053291529417,0.007867820613690008
11,1271,Neuron,NonPeptidergic_Noci,TNIK,0.299054890871048,0.7907159716758458
11,1271,Neuron,NonPeptidergic_Noci,WDR81,0.10875088721513748,0.47442958300550747
11,1271,Neuron,NonPeptidergic_Noci,CCDC160,0.03563060611486435,0.2037765538945712
11,1271,Neuron,NonPeptidergic_Noci,SLC2A1,0.11033625900745392,0.4634146341463415
11,1271,Neuron,NonPeptidergic_Noci,ANKRD13B,0.4111921787261963,0.8733280881195908
11,1271,Neuron,NonPeptidergic_Noci,NPY,0.003011274617165327,0.01966955153422502
11,1271,Neuron,NonPeptidergic_Noci,AXL,0.005044866818934679,0.024390243902439025
11,1271,Neuron,NonPeptidergic_Noci,SERPINE1,8.608322241343558e-05,0.0007867820613690008
11,1271,Neuron,NonPeptidergic_Noci,WBP1L,0.09858646243810654,0.43509047993705746
11,1271,Neuron,NonPeptidergic_Noci,ITPKC,0.02559000439941883,0.14162077104642015
11,1271,Neuron,NonPeptidergic_Noci,ACVR1,0.08506584912538528,0.3894571203776554
11,1271,Neuron,NonPeptidergic_Noci,LNP1,0.0,0.0
11,1271,Neuron,NonPeptidergic_Noci,AGRN,0.012143720872700214,0.07317073170731707
11,1271,Neuron,NonPeptidergic_Noci,VIP,0.0,0.0
11,1271,Neuron,NonPeptidergic_Noci,REG3B,0.00048136297846212983,0.003933910306845004
11,1271,Neuron,NonPeptidergic_Noci,TNS3,0.06498932838439941,0.2895357985837923
11,1271,Neuron,NonPeptidergic_Noci,ANKRD1,0.0,0.0
11,1271,Neuron,NonPeptidergic_Noci,CTTN,0.40566691756248474,0.8780487804878049
11,1271,Neuron,NonPeptidergic_Noci,RUBCN,0.17128236591815948,0.6160503540519277
11,1271,Neuron,NonPeptidergic_Noci,MEGF11,0.0006183432997204363,0.003147128245476003
12,357,Neuron,Myelinated_Proprio,SPRR1A,0.1392800658941269,0.24089635854341737
12,357,Neuron,Myelinated_Proprio,ATF3,0.23018206655979156,0.49019607843137253
12,357,Neuron,Myelinated_Proprio,TFE3,0.13746826350688934,0.6190476190476191
12,357,Neuron,Myelinated_Proprio,CDHR5,0.0,0.0
12,357,Neuron,Myelinated_Proprio,GALNS,0.023636527359485626,0.16806722689075632
12,357,Neuron,Myelinated_Proprio,CHL1,0.08190930634737015,0.1876750700280112
12,357,Neuron,Myelinated_Proprio,FLNC,0.008832995779812336,0.056022408963585436
12,357,Neuron,Myelinated_Proprio,RNF19B,0.2697470188140869,0.7843137254901961
12,357,Neuron,Myelinated_Proprio,SRRM4,0.15832200646400452,0.6190476190476191
12,357,Neuron,Myelinated_Proprio,ECEL1,0.016217172145843506,0.06722689075630252
12,357,Neuron,Myelinated_Proprio,FLRT3,0.07037955522537231,0.24089635854341737
12,357,Neuron,Myelinated_Proprio,PTPN23,0.14705905318260193,0.6330532212885154
12,357,Neuron,Myelinated_Proprio,MAPK14,0.2021467238664627,0.7507002801120448
12,357,Neuron,Myelinated_Proprio,VASH2,0.03797945752739906,0.23529411764705882
12,357,Neuron,Myelinated_Proprio,TNIK,0.22746016085147858,0.7282913165266106
12,357,Neuron,Myelinated_Proprio,WDR81,0.07182872295379639,0.38935574229691877
12,357,Neuron,Myelinated_Proprio,CCDC160,0.035459551960229874,0.25770308123249297
12,357,Neuron,Myelinated_Proprio,SLC2A1,0.08377687633037567,0.41456582633053224
12,357,Neuron,Myelinated_Proprio,ANKRD13B,0.24461737275123596,0.773109243697479
12,357,Neuron,Myelinated_Proprio,NPY,0.052533622831106186,0.04481792717086835
12,357,Neuron,Myelinated_Proprio,AXL,0.0012164978543296456,0.008403361344537815
12,357,Neuron,Myelinated_Proprio,SERPINE1,0.00107301224488765,0.008403361344537815
12,357,Neuron,Myelinated_Proprio,WBP1L,0.12404605746269226,0.5826330532212886
12,357,Neuron,Myelinated_Proprio,ITPKC,0.03757116571068764,0.21008403361344538
12,357,Neuron,Myelinated_Proprio,ACVR1,0.07071016728878021,0.39775910364145656
12,357,Neuron,Myelinated_Proprio,LNP1,0.0,0.0
12,357,Neuron,Myelinated_Proprio,AGRN,0.06244079768657684,0.3445378151260504
12,357,Neuron,Myelinated_Proprio,VIP,0.002368548419326544,0.01680672268907563
12,357,Neuron,Myelinated_Proprio,REG3B,0.0007290128851309419,0.008403361344537815
12,357,Neuron,Myelinated_Proprio,TNS3,0.020089857280254364,0.09803921568627451
12,357,Neuron,Myelinated_Proprio,ANKRD1,0.0021863835863769054,0.011204481792717087
12,357,Neuron,Myelinated_Proprio,CTTN,0.3829139173030853,0.8739495798319328
12,357,Neuron,Myelinated_Proprio,RUBCN,0.23059578239917755,0.7450980392156863
12,357,Neuron,Myelinated_Proprio,MEGF11,0.00310368905775249,0.008403361344537815
13,73,Immune,non-neuronal,SPRR1A,0.4575653076171875,0.273972602739726
13,73,Immune,non-neuronal,ATF3,0.6728589534759521,0.3287671232876712
13,73,Immune,non-neuronal,TFE3,0.2707321047782898,0.2602739726027397
13,73,Immune,non-neuronal,CDHR5,0.0,0.0
13,73,Immune,non-neuronal,GALNS,0.02344929799437523,0.0410958904109589
13,73,Immune,non-neuronal,CHL1,0.22565868496894836,0.2328767123287671
13,73,Immune,non-neuronal,FLNC,0.04909026250243187,0.0684931506849315
13,73,Immune,non-neuronal,RNF19B,0.21043479442596436,0.2328767123287671
13,73,Immune,non-neuronal,SRRM4,0.02215433493256569,0.0684931506849315
13,73,Immune,non-neuronal,ECEL1,0.11532995104789734,0.0958904109589041
13,73,Immune,non-neuronal,FLRT3,0.23887085914611816,0.1917808219178082
13,73,Immune,non-neuronal,PTPN23,0.06847146153450012,0.136986301369863
13,73,Immune,non-neuronal,MAPK14,0.2763567268848419,0.273972602739726
13,73,Immune,non-neuronal,VASH2,0.020948249846696854,0.0684931506849315
13,73,Immune,non-neuronal,TNIK,0.18338975310325623,0.1643835616438356
13,73,Immune,non-neuronal,WDR81,0.10793527960777283,0.1643835616438356
13,73,Immune,non-neuronal,CCDC160,0.014619183726608753,0.0273972602739726
13,73,Immune,non-neuronal,SLC2A1,0.12299683690071106,0.1917808219178082
13,73,Immune,non-neuronal,ANKRD13B,0.06045572832226753,0.1095890410958904
13,73,Immune,non-neuronal,NPY,0.06519196927547455,0.0821917808219178
13,73,Immune,non-neuronal,AXL,0.49515679478645325,0.410958904109589
13,73,Immune,non-neuronal,SERPINE1,0.047092750668525696,0.0410958904109589
13,73,Immune,non-neuronal,WBP1L,0.08591402322053909,0.0958904109589041
13,73,Immune,non-neuronal,ITPKC,0.03594571724534035,0.0958904109589041
13,73,Immune,non-neuronal,ACVR1,0.07196877151727676,0.136986301369863
13,73,Immune,non-neuronal,LNP1,0.0,0.0
13,73,Immune,non-neuronal,AGRN,0.037157028913497925,0.0821917808219178
13,73,Immune,non-neuronal,VIP,0.0,0.0
13,73,Immune,non-neuronal,REG3B,0.0033111057709902525,0.0136986301369863
13,73,Immune,non-neuronal,TNS3,0.2250257283449173,0.2602739726027397
13,73,Immune,non-neuronal,ANKRD1,0.0,0.0
13,73,Immune,non-neuronal,CTTN,0.23561851680278778,0.2328767123287671
13,73,Immune,non-neuronal,RUBCN,0.13145548105239868,0.1643835616438356
13,73,Immune,non-neuronal,MEGF11,0.0,0.0
14,512,Neuron,NonPeptidergic_Noci,SPRR1A,0.0845380425453186,0.1796875
14,512,Neuron,NonPeptidergic_Noci,ATF3,0.7950990200042725,0.775390625
14,512,Neuron,NonPeptidergic_Noci,TFE3,0.15858280658721924,0.435546875
14,512,Neuron,NonPeptidergic_Noci,CDHR5,0.0,0.0
14,512,Neuron,NonPeptidergic_Noci,GALNS,0.007651046849787235,0.02734375
14,512,Neuron,NonPeptidergic_Noci,CHL1,0.08607643842697144,0.2109375
14,512,Neuron,NonPeptidergic_Noci,FLNC,0.0037787058390676975,0.015625
14,512,Neuron,NonPeptidergic_Noci,RNF19B,0.30503368377685547,0.634765625
14,512,Neuron,NonPeptidergic_Noci,SRRM4,0.15748673677444458,0.4296875
14,512,Neuron,NonPeptidergic_Noci,ECEL1,0.009274198673665524,0.03515625
14,512,Neuron,NonPeptidergic_Noci,FLRT3,0.14760947227478027,0.28125
14,512,Neuron,NonPeptidergic_Noci,PTPN23,0.1528470516204834,0.423828125
14,512,Neuron,NonPeptidergic_Noci,MAPK14,0.2902916669845581,0.650390625
14,512,Neuron,NonPeptidergic_Noci,VASH2,0.028505217283964157,0.08203125
14,512,Neuron,NonPeptidergic_Noci,TNIK,0.45867621898651123,0.78515625
14,512,Neuron,NonPeptidergic_Noci,WDR81,0.062321390956640244,0.19921875
14,512,Neuron,NonPeptidergic_Noci,CCDC160,0.043358996510505676,0.140625
14,512,Neuron,NonPeptidergic_Noci,SLC2A1,0.18263818323612213,0.45703125
14,512,Neuron,NonPeptidergic_Noci,ANKRD13B,0.17243820428848267,0.45703125
14,512,Neuron,NonPeptidergic_Noci,NPY,0.009207651019096375,0.021484375
14,512,Neuron,NonPeptidergic_Noci,AXL,0.021770421415567398,0.068359375
14,512,Neuron,NonPeptidergic_Noci,SERPINE1,0.0,0.0
14,512,Neuron,NonPeptidergic_Noci,WBP1L,0.09377707540988922,0.2890625
14,512,Neuron,NonPeptidergic_Noci,ITPKC,0.040016982704401016,0.126953125
14,512,Neuron,NonPeptidergic_Noci,ACVR1,0.13126492500305176,0.349609375
14,512,Neuron,NonPeptidergic_Noci,LNP1,0.0,0.0
14,512,Neuron,NonPeptidergic_Noci,AGRN,0.12931165099143982,0.3515625
14,512,Neuron,NonPeptidergic_Noci,VIP,0.0,0.0
14,512,Neuron,NonPeptidergic_Noci,REG3B,0.00041204012813977897,0.001953125
14,512,Neuron,NonPeptidergic_Noci,TNS3,0.051777780055999756,0.14453125
14,512,Neuron,NonPeptidergic_Noci,ANKRD1,0.00156437570694834,0.005859375
14,512,Neuron,NonPeptidergic_Noci,CTTN,0.33083558082580566,0.671875
14,512,Neuron,NonPeptidergic_Noci,RUBCN,0.19651472568511963,0.5078125
14,512,Neuron,NonPeptidergic_Noci,MEGF11,0.0006197342881932855,0.001953125
15,593,SatelliteGlia,non-neuronal,SPRR1A,0.09104667603969574,0.07082630691399663
15,593,SatelliteGlia,non-neuronal,ATF3,0.49810415506362915,0.2900505902192243
15,593,SatelliteGlia,non-neuronal,TFE3,0.09323116391897202,0.08600337268128162
15,593,SatelliteGlia,non-neuronal,CDHR5,0.002057344187051058,0.0016863406408094434
15,593,SatelliteGlia,non-neuronal,GALNS,0.009482765570282936,0.008431703204047217
15,593,SatelliteGlia,non-neuronal,CHL1,0.5307393670082092,0.3996627318718381
15,593,SatelliteGlia,non-neuronal,FLNC,0.003791360417380929,0.003372681281618887
15,593,SatelliteGlia,non-neuronal,RNF19B,0.04723021388053894,0.04384485666104553
15,593,SatelliteGlia,non-neuronal,SRRM4,0.006911770906299353,0.00505902192242833
15,593,SatelliteGlia,non-neuronal,ECEL1,0.0054097543470561504,0.00505902192242833
15,593,SatelliteGlia,non-neuronal,FLRT3,0.10427477210760117,0.0893760539629005
15,593,SatelliteGlia,non-neuronal,PTPN23,0.06434425711631775,0.05733558178752108
15,593,SatelliteGlia,non-neuronal,MAPK14,0.07373650372028351,0.0657672849915683
15,593,SatelliteGlia,non-neuronal,VASH2,0.0,0.0
15,593,SatelliteGlia,non-neuronal,TNIK,0.14127062261104584,0.11973018549747048
15,593,SatelliteGlia,non-neuronal,WDR81,0.04896577075123787,0.04047217537942664
15,593,SatelliteGlia,non-neuronal,CCDC160,0.034751880913972855,0.03372681281618887
15,593,SatelliteGlia,non-neuronal,SLC2A1,0.2981402575969696,0.23946037099494097
15,593,SatelliteGlia,non-neuronal,ANKRD13B,0.04420194402337074,0.0387858347386172
15,593,SatelliteGlia,non-neuronal,NPY,0.014745938591659069,0.013490725126475547
15,593,SatelliteGlia,non-neuronal,AXL,0.2481691986322403,0.21416526138279932
15,593,SatelliteGlia,non-neuronal,SERPINE1,0.0,0.0
15,593,SatelliteGlia,non-neuronal,WBP1L,0.10137805342674255,0.09443507588532883
15,593,SatelliteGlia,non-neuronal,ITPKC,0.02774641662836075,0.025295109612141653
15,593,SatelliteGlia,non-neuronal,ACVR1,0.0767543762922287,0.07082630691399663
15,593,SatelliteGlia,non-neuronal,LNP1,0.0,0.0
15,593,SatelliteGlia,non-neuronal,AGRN,0.17436403036117554,0.1399662731871838
15,593,SatelliteGlia,non-neuronal,VIP,0.0,0.0
15,593,SatelliteGlia,non-neuronal,REG3B,0.0016594771295785904,0.0016863406408094434
15,593,SatelliteGlia,non-neuronal,TNS3,0.5512635707855225,0.418212478920742
15,593,SatelliteGlia,non-neuronal,ANKRD1,0.0,0.0
15,593,SatelliteGlia,non-neuronal,CTTN,0.1783408671617508,0.1551433389544688
15,593,SatelliteGlia,non-neuronal,RUBCN,0.0598401315510273,0.05227655986509275
15,593,SatelliteGlia,non-neuronal,MEGF11,0.041089978069067,0.0387858347386172
16,670,Neuron,NonPeptidergic_Noci,SPRR1A,0.23755493760108948,0.2507462686567164
16,670,Neuron,NonPeptidergic_Noci,ATF3,0.37705427408218384,0.4955223880597015
16,670,Neuron,NonPeptidergic_Noci,TFE3,0.12422387301921844,0.42835820895522386
16,670,Neuron,NonPeptidergic_Noci,CDHR5,0.0,0.0
16,670,Neuron,NonPeptidergic_Noci,GALNS,0.008538838475942612,0.04328358208955224
16,670,Neuron,NonPeptidergic_Noci,CHL1,0.1325518786907196,0.2955223880597015
16,670,Neuron,NonPeptidergic_Noci,FLNC,0.016869375482201576,0.06716417910447761
16,670,Neuron,NonPeptidergic_Noci,RNF19B,0.2867024838924408,0.6880597014925374
16,670,Neuron,NonPeptidergic_Noci,SRRM4,0.11533870548009872,0.3537313432835821
16,670,Neuron,NonPeptidergic_Noci,ECEL1,0.0530073381960392,0.11492537313432835
16,670,Neuron,NonPeptidergic_Noci,FLRT3,0.17285101115703583,0.3611940298507463
16,670,Neuron,NonPeptidergic_Noci,PTPN23,0.11856009811162949,0.43582089552238806
16,670,Neuron,NonPeptidergic_Noci,MAPK14,0.26598313450813293,0.664179104477612
16,670,Neuron,NonPeptidergic_Noci,VASH2,0.010567177087068558,0.041791044776119404
16,670,Neuron,NonPeptidergic_Noci,TNIK,0.32461947202682495,0.6895522388059702
16,670,Neuron,NonPeptidergic_Noci,WDR81,0.07341265678405762,0.31343283582089554
16,670,Neuron,NonPeptidergic_Noci,CCDC160,0.03391324356198311,0.16567164179104477
16,670,Neuron,NonPeptidergic_Noci,SLC2A1,0.13428865373134613,0.4417910447761194
16,670,Neuron,NonPeptidergic_Noci,ANKRD13B,0.31171125173568726,0.6850746268656717
16,670,Neuron,NonPeptidergic_Noci,NPY,0.011806056834757328,0.028358208955223882
16,670,Neuron,NonPeptidergic_Noci,AXL,0.005264888517558575,0.029850746268656716
16,670,Neuron,NonPeptidergic_Noci,SERPINE1,0.0013589203590527177,0.005970149253731343
16,670,Neuron,NonPeptidergic_Noci,WBP1L,0.07820506393909454,0.34626865671641793
16,670,Neuron,NonPeptidergic_Noci,ITPKC,0.026568159461021423,0.11940298507462686
16,670,Neuron,NonPeptidergic_Noci,ACVR1,0.09088362753391266,0.3582089552238806
16,670,Neuron,NonPeptidergic_Noci,LNP1,0.0,0.0
16,670,Neuron,NonPeptidergic_Noci,AGRN,0.022086121141910553,0.09850746268656717
16,670,Neuron,NonPeptidergic_Noci,VIP,0.0,0.0
16,670,Neuron,NonPeptidergic_Noci,REG3B,0.00036760244984179735,0.0029850746268656717
16,670,Neuron,NonPeptidergic_Noci,TNS3,0.033931177109479904,0.1537313432835821
16,670,Neuron,NonPeptidergic_Noci,ANKRD1,0.00022519919730257243,0.0014925373134328358
16,670,Neuron,NonPeptidergic_Noci,CTTN,0.38947418332099915,0.7343283582089553
16,670,Neuron,NonPeptidergic_Noci,RUBCN,0.15416446328163147,0.517910447761194
16,670,Neuron,NonPeptidergic_Noci,MEGF11,0.002974314149469137,0.004477611940298508
17,771,Neuron,Myelinated_Proprio,SPRR1A,0.07185106724500656,0.14137483787289234
17,771,Neuron,Myelinated_Proprio,ATF3,0.34889841079711914,0.4396887159533074
17,771,Neuron,Myelinated_Proprio,TFE3,0.1495518535375595,0.3476005188067445
17,771,Neuron,Myelinated_Proprio,CDHR5,0.0,0.0
17,771,Neuron,Myelinated_Proprio,GALNS,0.010362005792558193,0.0311284046692607
17,771,Neuron,Myelinated_Proprio,CHL1,0.1923036128282547,0.35667963683527887
17,771,Neuron,Myelinated_Proprio,FLNC,0.01787790283560753,0.05317769130998703
17,771,Neuron,Myelinated_Proprio,RNF19B,0.2744531035423279,0.5408560311284046
17,771,Neuron,Myelinated_Proprio,SRRM4,0.18304550647735596,0.38780804150453957
17,771,Neuron,Myelinated_Proprio,ECEL1,0.009735049679875374,0.028534370946822308
17,771,Neuron,Myelinated_Proprio,FLRT3,0.14574690163135529,0.26329442282749677
17,771,Neuron,Myelinated_Proprio,PTPN23,0.14755332469940186,0.3631647211413748
17,771,Neuron,Myelinated_Proprio,MAPK14,0.2193915992975235,0.4578469520103761
17,771,Neuron,Myelinated_Proprio,VASH2,0.014183512888848782,0.03501945525291829
17,771,Neuron,Myelinated_Proprio,TNIK,0.4259999096393585,0.6744487678339819
17,771,Neuron,Myelinated_Proprio,WDR81,0.05002252757549286,0.125810635538262
17,771,Neuron,Myelinated_Proprio,CCDC160,0.022499222308397293,0.06874189364461739
17,771,Neuron,Myelinated_Proprio,SLC2A1,0.14567624032497406,0.33722438391699094
17,771,Neuron,Myelinated_Proprio,ANKRD13B,0.1458001285791397,0.3398184176394293
17,771,Neuron,Myelinated_Proprio,NPY,0.004764980636537075,0.016861219195849545
17,771,Neuron,Myelinated_Proprio,AXL,0.015898747369647026,0.040207522697795074
17,771,Neuron,Myelinated_Proprio,SERPINE1,0.0018648742698132992,0.005188067444876783
17,771,Neuron,Myelinated_Proprio,WBP1L,0.06608453392982483,0.17769130998702984
17,771,Neuron,Myelinated_Proprio,ITPKC,0.035274993628263474,0.0907911802853437
17,771,Neuron,Myelinated_Proprio,ACVR1,0.07073058187961578,0.17898832684824903
17,771,Neuron,Myelinated_Proprio,LNP1,0.0,0.0
17,771,Neuron,Myelinated_Proprio,AGRN,0.16390202939510345,0.37094682230869
17,771,Neuron,Myelinated_Proprio,VIP,0.0,0.0
17,771,Neuron,Myelinated_Proprio,REG3B,0.00041790780960582197,0.0012970168612191958
17,771,Neuron,Myelinated_Proprio,TNS3,0.05669630691409111,0.13878080415045396
17,771,Neuron,Myelinated_Proprio,ANKRD1,0.0,0.0
17,771,Neuron,Myelinated_Proprio,CTTN,0.3144538700580597,0.5927367055771725
17,771,Neuron,Myelinated_Proprio,RUBCN,0.19045236706733704,0.4046692607003891
17,771,Neuron,Myelinated_Proprio,MEGF11,0.0023821420036256313,0.00648508430609598
18,279,Erythrocyte,non-neuronal,SPRR1A,0.20903341472148895,0.22939068100358423
18,279,Erythrocyte,non-neuronal,ATF3,0.7221232056617737,0.7096774193548387
18,279,Erythrocyte,non-neuronal,TFE3,0.15123532712459564,0.5161290322580645
18,279,Erythrocyte,non-neuronal,CDHR5,0.0,0.0
18,279,Erythrocyte,non-neuronal,GALNS,0.013577582314610481,0.06093189964157706
18,279,Erythrocyte,non-neuronal,CHL1,0.2160637080669403,0.44802867383512546
18,279,Erythrocyte,non-neuronal,FLNC,0.005578759592026472,0.021505376344086023
18,279,Erythrocyte,non-neuronal,RNF19B,0.378789484500885,0.8637992831541219
18,279,Erythrocyte,non-neuronal,SRRM4,0.18767569959163666,0.6021505376344086
18,279,Erythrocyte,non-neuronal,ECEL1,0.05678011476993561,0.13978494623655913
18,279,Erythrocyte,non-neuronal,FLRT3,0.24595052003860474,0.43727598566308246
18,279,Erythrocyte,non-neuronal,PTPN23,0.13610844314098358,0.4874551971326165
18,279,Erythrocyte,non-neuronal,MAPK14,0.2926273047924042,0.7956989247311828
18,279,Erythrocyte,non-neuronal,VASH2,0.027522968128323555,0.13978494623655913
18,279,Erythrocyte,non-neuronal,TNIK,0.2778331935405731,0.7383512544802867
18,279,Erythrocyte,non-neuronal,WDR81,0.07571931928396225,0.30824372759856633
18,279,Erythrocyte,non-neuronal,CCDC160,0.04769245162606239,0.1971326164874552
18,279,Erythrocyte,non-neuronal,SLC2A1,0.16938665509223938,0.5842293906810035
18,279,Erythrocyte,non-neuronal,ANKRD13B,0.23719948530197144,0.6774193548387096
18,279,Erythrocyte,non-neuronal,NPY,0.008948227390646935,0.03942652329749104
18,279,Erythrocyte,non-neuronal,AXL,0.008355420082807541,0.043010752688172046
18,279,Erythrocyte,non-neuronal,SERPINE1,0.0005136720137670636,0.0035842293906810036
18,279,Erythrocyte,non-neuronal,WBP1L,0.06401649862527847,0.27956989247311825
18,279,Erythrocyte,non-neuronal,ITPKC,0.03510206565260887,0.17204301075268819
18,279,Erythrocyte,non-neuronal,ACVR1,0.07020052522420883,0.2867383512544803
18,279,Erythrocyte,non-neuronal,LNP1,0.0,0.0
18,279,Erythrocyte,non-neuronal,AGRN,0.02277836762368679,0.10752688172043011
18,279,Erythrocyte,non-neuronal,VIP,0.0,0.0
18,279,Erythrocyte,non-neuronal,REG3B,0.0,0.0
18,279,Erythrocyte,non-neuronal,TNS3,0.028591958805918694,0.11827956989247312
18,279,Erythrocyte,non-neuronal,ANKRD1,0.0,0.0
18,279,Erythrocyte,non-neuronal,CTTN,0.5976630449295044,0.942652329749104
18,279,Erythrocyte,non-neuronal,RUBCN,0.19810479879379272,0.6523297491039427
18,279,Erythrocyte,non-neuronal,MEGF11,0.0,0.0
19,1336,Erythrocyte,non-neuronal,SPRR1A,0.09264203161001205,0.23877245508982037
19,1336,Erythrocyte,non-neuronal,ATF3,1.1925687789916992,0.9049401197604791
19,1336,Erythrocyte,non-neuronal,TFE3,0.16010884940624237,0.4513473053892216
19,1336,Erythrocyte,non-neuronal,CDHR5,0.0,0.0
19,1336,Erythrocyte,non-neuronal,GALNS,0.004603364504873753,0.019461077844311378
19,1336,Erythrocyte,non-neuronal,CHL1,0.3270352780818939,0.6190119760479041
19,1336,Erythrocyte,non-neuronal,FLNC,0.0029525181744247675,0.008982035928143712
19,1336,Erythrocyte,non-neuronal,RNF19B,0.35258227586746216,0.7380239520958084
19,1336,Erythrocyte,non-neuronal,SRRM4,0.18780946731567383,0.5104790419161677
19,1336,Erythrocyte,non-neuronal,ECEL1,0.01266910508275032,0.04116766467065868
19,1336,Erythrocyte,non-neuronal,FLRT3,0.20398420095443726,0.4393712574850299
19,1336,Erythrocyte,non-neuronal,PTPN23,0.1549958735704422,0.45209580838323354
19,1336,Erythrocyte,non-neuronal,MAPK14,0.328310489654541,0.7103293413173652
19,1336,Erythrocyte,non-neuronal,VASH2,0.05117505043745041,0.17440119760479042
19,1336,Erythrocyte,non-neuronal,TNIK,0.15587671101093292,0.4296407185628742
19,1336,Erythrocyte,non-neuronal,WDR81,0.06477773189544678,0.2088323353293413
19,1336,Erythrocyte,non-neuronal,CCDC160,0.05188262462615967,0.17964071856287425
19,1336,Erythrocyte,non-neuronal,SLC2A1,0.13943986594676971,0.39820359281437123
19,1336,Erythrocyte,non-neuronal,ANKRD13B,0.17616470158100128,0.47979041916167664
19,1336,Erythrocyte,non-neuronal,NPY,0.0038284105248749256,0.014970059880239521
19,1336,Erythrocyte,non-neuronal,AXL,0.0023209895007312298,0.01122754491017964
19,1336,Erythrocyte,non-neuronal,SERPINE1,0.0008754808804951608,0.0037425149700598802
19,1336,Erythrocyte,non-neuronal,WBP1L,0.08818581700325012,0.28817365269461076
19,1336,Erythrocyte,non-neuronal,ITPKC,0.03797755390405655,0.13248502994011976
19,1336,Erythrocyte,non-neuronal,ACVR1,0.13614359498023987,0.3907185628742515
19,1336,Erythrocyte,non-neuronal,LNP1,0.0,0.0
19,1336,Erythrocyte,non-neuronal,AGRN,0.12158361822366714,0.35179640718562877
19,1336,Erythrocyte,non-neuronal,VIP,0.0,0.0
19,1336,Erythrocyte,non-neuronal,REG3B,0.0008074251236394048,0.002245508982035928
19,1336,Erythrocyte,non-neuronal,TNS3,0.012078900821506977,0.04416167664670659
19,1336,Erythrocyte,non-neuronal,ANKRD1,0.0003317560476716608,0.0007485029940119761
19,1336,Erythrocyte,non-neuronal,CTTN,0.40626394748687744,0.7761976047904192
19,1336,Erythrocyte,non-neuronal,RUBCN,0.17656616866588593,0.49101796407185627
19,1336,Erythrocyte,non-neuronal,MEGF11,0.0002782543597277254,0.0014970059880239522
20,655,Neuron,Peptidergic_Nociceptor,SPRR1A,0.07745712250471115,0.15114503816793892
20,655,Neuron,Peptidergic_Nociceptor,ATF3,0.738889753818512,0.5526717557251909
20,655,Neuron,Peptidergic_Nociceptor,TFE3,0.14217816293239594,0.33893129770992364
20,655,Neuron,Peptidergic_Nociceptor,CDHR5,0.0,0.0
20,655,Neuron,Peptidergic_Nociceptor,GALNS,0.01121604721993208,0.03206106870229008
20,655,Neuron,Peptidergic_Nociceptor,CHL1,0.44546112418174744,0.7099236641221374
20,655,Neuron,Peptidergic_Nociceptor,FLNC,0.00214762263931334,0.007633587786259542
20,655,Neuron,Peptidergic_Nociceptor,RNF19B,0.357096791267395,0.6946564885496184
20,655,Neuron,Peptidergic_Nociceptor,SRRM4,0.16482502222061157,0.39083969465648855
20,655,Neuron,Peptidergic_Nociceptor,ECEL1,0.016643101349473,0.042748091603053436
20,655,Neuron,Peptidergic_Nociceptor,FLRT3,0.12823911011219025,0.26564885496183205
20,655,Neuron,Peptidergic_Nociceptor,PTPN23,0.15340547263622284,0.3816793893129771
20,655,Neuron,Peptidergic_Nociceptor,MAPK14,0.2878381013870239,0.6198473282442748
20,655,Neuron,Peptidergic_Nociceptor,VASH2,0.038653142750263214,0.11450381679389313
20,655,Neuron,Peptidergic_Nociceptor,TNIK,0.15673436224460602,0.3847328244274809
20,655,Neuron,Peptidergic_Nociceptor,WDR81,0.07744594663381577,0.21221374045801528
20,655,Neuron,Peptidergic_Nociceptor,CCDC160,0.03249067813158035,0.09618320610687023
20,655,Neuron,Peptidergic_Nociceptor,SLC2A1,0.16193869709968567,0.40916030534351144
20,655,Neuron,Peptidergic_Nociceptor,ANKRD13B,0.07166015356779099,0.19236641221374046
20,655,Neuron,Peptidergic_Nociceptor,NPY,0.008615058846771717,0.02900763358778626
20,655,Neuron,Peptidergic_Nociceptor,AXL,0.018753981217741966,0.04885496183206107
20,655,Neuron,Peptidergic_Nociceptor,SERPINE1,0.00846947357058525,0.022900763358778626
20,655,Neuron,Peptidergic_Nociceptor,WBP1L,0.08297086507081985,0.23969465648854962
20,655,Neuron,Peptidergic_Nociceptor,ITPKC,0.03616653382778168,0.10229007633587786
20,655,Neuron,Peptidergic_Nociceptor,ACVR1,0.07346120476722717,0.1969465648854962
20,655,Neuron,Peptidergic_Nociceptor,LNP1,0.0,0.0
20,655,Neuron,Peptidergic_Nociceptor,AGRN,0.15267415344715118,0.3755725190839695
20,655,Neuron,Peptidergic_Nociceptor,VIP,0.0,0.0
20,655,Neuron,Peptidergic_Nociceptor,REG3B,0.0,0.0
20,655,Neuron,Peptidergic_Nociceptor,TNS3,0.044441234320402145,0.11603053435114503
20,655,Neuron,Peptidergic_Nociceptor,ANKRD1,0.0021782831754535437,0.004580152671755725
20,655,Neuron,Peptidergic_Nociceptor,CTTN,0.3980623483657837,0.7343511450381679
20,655,Neuron,Peptidergic_Nociceptor,RUBCN,0.18999740481376648,0.4732824427480916
20,655,Neuron,Peptidergic_Nociceptor,MEGF11,0.00402477802708745,0.012213740458015267
21,443,Erythrocyte,non-neuronal,SPRR1A,0.2039949893951416,0.3972911963882618
21,443,Erythrocyte,non-neuronal,ATF3,0.3929117023944855,0.6139954853273137
21,443,Erythrocyte,non-neuronal,TFE3,0.16831447184085846,0.6794582392776524
21,443,Erythrocyte,non-neuronal,CDHR5,0.0,0.0
21,443,Erythrocyte,non-neuronal,GALNS,0.015681393444538116,0.09480812641083522
21,443,Erythrocyte,non-neuronal,CHL1,0.7606648802757263,0.9029345372460497
21,443,Erythrocyte,non-neuronal,FLNC,0.012610340490937233,0.03611738148984198
21,443,Erythrocyte,non-neuronal,RNF19B,0.3177185356616974,0.8036117381489842
21,443,Erythrocyte,non-neuronal,SRRM4,0.12728869915008545,0.5372460496613995
21,443,Erythrocyte,non-neuronal,ECEL1,0.026566868647933006,0.11512415349887133
21,443,Erythrocyte,non-neuronal,FLRT3,0.17786657810211182,0.4785553047404063
21,443,Erythrocyte,non-neuronal,PTPN23,0.156406968832016,0.6297968397291196
21,443,Erythrocyte,non-neuronal,MAPK14,0.29279789328575134,0.8036117381489842
21,443,Erythrocyte,non-neuronal,VASH2,0.07042880356311798,0.3656884875846501
21,443,Erythrocyte,non-neuronal,TNIK,0.2502884268760681,0.7313769751693002
21,443,Erythrocyte,non-neuronal,WDR81,0.036442551761865616,0.22121896162528218
21,443,Erythrocyte,non-neuronal,CCDC160,0.0367470383644104,0.23476297968397292
21,443,Erythrocyte,non-neuronal,SLC2A1,0.0904553011059761,0.4288939051918736
21,443,Erythrocyte,non-neuronal,ANKRD13B,0.2547169029712677,0.7404063205417607
21,443,Erythrocyte,non-neuronal,NPY,0.020939230918884277,0.06772009029345373
21,443,Erythrocyte,non-neuronal,AXL,0.005499431863427162,0.022573363431151242
21,443,Erythrocyte,non-neuronal,SERPINE1,0.001724960864521563,0.011286681715575621
21,443,Erythrocyte,non-neuronal,WBP1L,0.1325393170118332,0.5891647855530474
21,443,Erythrocyte,non-neuronal,ITPKC,0.046325426548719406,0.25733634311512416
21,443,Erythrocyte,non-neuronal,ACVR1,0.1366029530763626,0.5620767494356659
21,443,Erythrocyte,non-neuronal,LNP1,0.0,0.0
21,443,Erythrocyte,non-neuronal,AGRN,0.10537080466747284,0.4672686230248307
21,443,Erythrocyte,non-neuronal,VIP,0.0,0.0
21,443,Erythrocyte,non-neuronal,REG3B,0.0013746963813900948,0.002257336343115124
21,443,Erythrocyte,non-neuronal,TNS3,0.04256005957722664,0.23024830699774265
21,443,Erythrocyte,non-neuronal,ANKRD1,0.0,0.0
21,443,Erythrocyte,non-neuronal,CTTN,0.42740753293037415,0.8826185101580135
21,443,Erythrocyte,non-neuronal,RUBCN,0.20678190886974335,0.7065462753950339
21,443,Erythrocyte,non-neuronal,MEGF11,0.0010041953064501286,0.006772009029345372
22,31,Endothelial,non-neuronal,SPRR1A,0.0,0.0
22,31,Endothelial,non-neuronal,ATF3,0.8562740087509155,0.41935483870967744
22,31,Endothelial,non-neuronal,TFE3,0.07867851108312607,0.06451612903225806
22,31,Endothelial,non-neuronal,CDHR5,0.0,0.0
22,31,Endothelial,non-neuronal,GALNS,0.0,0.0
22,31,Endothelial,non-neuronal,CHL1,0.11264200508594513,0.06451612903225806
22,31,Endothelial,non-neuronal,FLNC,0.17409470677375793,0.0967741935483871
22,31,Endothelial,non-neuronal,RNF19B,0.036039333790540695,0.03225806451612903
22,31,Endothelial,non-neuronal,SRRM4,0.03261895105242729,0.03225806451612903
22,31,Endothelial,non-neuronal,ECEL1,0.0,0.0
22,31,Endothelial,non-neuronal,FLRT3,0.0,0.0
22,31,Endothelial,non-neuronal,PTPN23,0.07401400059461594,0.06451612903225806
22,31,Endothelial,non-neuronal,MAPK14,0.1170559972524643,0.06451612903225806
22,31,Endothelial,non-neuronal,VASH2,0.0,0.0
22,31,Endothelial,non-neuronal,TNIK,0.12383928149938583,0.0967741935483871
22,31,Endothelial,non-neuronal,WDR81,0.07921472936868668,0.06451612903225806
22,31,Endothelial,non-neuronal,CCDC160,0.06847140938043594,0.03225806451612903
22,31,Endothelial,non-neuronal,SLC2A1,0.3895377516746521,0.22580645161290322
22,31,Endothelial,non-neuronal,ANKRD13B,0.040925901383161545,0.03225806451612903
22,31,Endothelial,non-neuronal,NPY,0.1225452572107315,0.06451612903225806
22,31,Endothelial,non-neuronal,AXL,0.04870513081550598,0.03225806451612903
22,31,Endothelial,non-neuronal,SERPINE1,0.05832893028855324,0.03225806451612903
22,31,Endothelial,non-neuronal,WBP1L,0.16728413105010986,0.12903225806451613
22,31,Endothelial,non-neuronal,ITPKC,0.08183667063713074,0.06451612903225806
22,31,Endothelial,non-neuronal,ACVR1,0.08623530715703964,0.06451612903225806
22,31,Endothelial,non-neuronal,LNP1,0.0,0.0
22,31,Endothelial,non-neuronal,AGRN,0.24392689764499664,0.16129032258064516
22,31,Endothelial,non-neuronal,VIP,0.0,0.0
22,31,Endothelial,non-neuronal,REG3B,0.0,0.0
22,31,Endothelial,non-neuronal,TNS3,0.09746643900871277,0.06451612903225806
22,31,Endothelial,non-neuronal,ANKRD1,0.0,0.0
22,31,Endothelial,non-neuronal,CTTN,0.35589689016342163,0.25806451612903225
22,31,Endothelial,non-neuronal,RUBCN,0.020875710994005203,0.03225806451612903
22,31,Endothelial,non-neuronal,MEGF11,0.0,0.0
23,1292,Neuron,Injured_RegenNeuron,SPRR1A,3.001885175704956,0.9736842105263158
23,1292,Neuron,Injured_RegenNeuron,ATF3,2.306145668029785,0.9860681114551083
23,1292,Neuron,Injured_RegenNeuron,TFE3,0.1778866946697235,0.6261609907120743
23,1292,Neuron,Injured_RegenNeuron,CDHR5,0.0,0.0
23,1292,Neuron,Injured_RegenNeuron,GALNS,0.033555690199136734,0.1826625386996904
23,1292,Neuron,Injured_RegenNeuron,CHL1,1.132318377494812,0.9318885448916409
23,1292,Neuron,Injured_RegenNeuron,FLNC,0.0994882732629776,0.29721362229102166
23,1292,Neuron,Injured_RegenNeuron,RNF19B,0.48660820722579956,0.8374613003095975
23,1292,Neuron,Injured_RegenNeuron,SRRM4,0.3438451290130615,0.7809597523219814
23,1292,Neuron,Injured_RegenNeuron,ECEL1,0.6217994093894958,0.7608359133126935
23,1292,Neuron,Injured_RegenNeuron,FLRT3,1.170884132385254,0.9535603715170279
23,1292,Neuron,Injured_RegenNeuron,PTPN23,0.1958826333284378,0.6277089783281734
23,1292,Neuron,Injured_RegenNeuron,MAPK14,0.3476693630218506,0.8080495356037152
23,1292,Neuron,Injured_RegenNeuron,VASH2,0.08727557212114334,0.38235294117647056
23,1292,Neuron,Injured_RegenNeuron,TNIK,0.7928281426429749,0.9055727554179567
23,1292,Neuron,Injured_RegenNeuron,WDR81,0.09808418899774551,0.41253869969040247
23,1292,Neuron,Injured_RegenNeuron,CCDC160,0.015229040756821632,0.09597523219814241
23,1292,Neuron,Injured_RegenNeuron,SLC2A1,0.4055056869983673,0.8243034055727554
23,1292,Neuron,Injured_RegenNeuron,ANKRD13B,0.4226740896701813,0.836687306501548
23,1292,Neuron,Injured_RegenNeuron,NPY,0.424919992685318,0.39241486068111453
23,1292,Neuron,Injured_RegenNeuron,AXL,0.0340464785695076,0.1369969040247678
23,1292,Neuron,Injured_RegenNeuron,SERPINE1,0.011190424673259258,0.05495356037151703
23,1292,Neuron,Injured_RegenNeuron,WBP1L,0.1248396560549736,0.5193498452012384
23,1292,Neuron,Injured_RegenNeuron,ITPKC,0.1299593150615692,0.4852941176470588
23,1292,Neuron,Injured_RegenNeuron,ACVR1,0.194912388920784,0.5851393188854489
23,1292,Neuron,Injured_RegenNeuron,LNP1,6.984128413023427e-05,0.0007739938080495357
23,1292,Neuron,Injured_RegenNeuron,AGRN,0.04067302867770195,0.1996904024767802
23,1292,Neuron,Injured_RegenNeuron,VIP,9.242212399840355e-05,0.0007739938080495357
23,1292,Neuron,Injured_RegenNeuron,REG3B,0.025111213326454163,0.03560371517027864
23,1292,Neuron,Injured_RegenNeuron,TNS3,0.047370024025440216,0.21284829721362228
23,1292,Neuron,Injured_RegenNeuron,ANKRD1,0.04368959739804268,0.13003095975232198
23,1292,Neuron,Injured_RegenNeuron,CTTN,0.8119897842407227,0.934984520123839
23,1292,Neuron,Injured_RegenNeuron,RUBCN,0.18089993298053741,0.6385448916408669
23,1292,Neuron,Injured_RegenNeuron,MEGF11,0.0010537361958995461,0.0030959752321981426
24,278,Schwann,non-neuronal,SPRR1A,0.2175445407629013,0.1366906474820144
24,278,Schwann,non-neuronal,ATF3,0.7360469698905945,0.4712230215827338
24,278,Schwann,non-neuronal,TFE3,0.09429171681404114,0.16906474820143885
24,278,Schwann,non-neuronal,CDHR5,0.0,0.0
24,278,Schwann,non-neuronal,GALNS,0.009412280283868313,0.02158273381294964
24,278,Schwann,non-neuronal,CHL1,0.4069505035877228,0.381294964028777
24,278,Schwann,non-neuronal,FLNC,0.020254340022802353,0.02877697841726619
24,278,Schwann,non-neuronal,RNF19B,0.1585748791694641,0.26258992805755393
24,278,Schwann,non-neuronal,SRRM4,0.04990928992629051,0.1079136690647482
24,278,Schwann,non-neuronal,ECEL1,0.06555531919002533,0.05755395683453238
24,278,Schwann,non-neuronal,FLRT3,0.17064815759658813,0.2014388489208633
24,278,Schwann,non-neuronal,PTPN23,0.07418600469827652,0.1510791366906475
24,278,Schwann,non-neuronal,MAPK14,0.17927004396915436,0.26618705035971224
24,278,Schwann,non-neuronal,VASH2,0.015287903137505054,0.039568345323741004
24,278,Schwann,non-neuronal,TNIK,0.2615373432636261,0.2841726618705036
24,278,Schwann,non-neuronal,WDR81,0.036195188760757446,0.0683453237410072
24,278,Schwann,non-neuronal,CCDC160,0.015833577141165733,0.03237410071942446
24,278,Schwann,non-neuronal,SLC2A1,0.14376816153526306,0.2158273381294964
24,278,Schwann,non-neuronal,ANKRD13B,0.13383470475673676,0.20503597122302158
24,278,Schwann,non-neuronal,NPY,0.02211633324623108,0.017985611510791366
24,278,Schwann,non-neuronal,AXL,0.09468447417020798,0.13309352517985612
24,278,Schwann,non-neuronal,SERPINE1,0.004773364402353764,0.0035971223021582736
24,278,Schwann,non-neuronal,WBP1L,0.07184818387031555,0.10431654676258993
24,278,Schwann,non-neuronal,ITPKC,0.053907353430986404,0.08992805755395683
24,278,Schwann,non-neuronal,ACVR1,0.07824582606554031,0.12949640287769784
24,278,Schwann,non-neuronal,LNP1,0.0,0.0
24,278,Schwann,non-neuronal,AGRN,0.13882069289684296,0.2158273381294964
24,278,Schwann,non-neuronal,VIP,0.0,0.0
24,278,Schwann,non-neuronal,REG3B,0.0,0.0
24,278,Schwann,non-neuronal,TNS3,0.29914379119873047,0.34172661870503596
24,278,Schwann,non-neuronal,ANKRD1,0.0014414461329579353,0.0035971223021582736
24,278,Schwann,non-neuronal,CTTN,0.24506671726703644,0.33093525179856115
24,278,Schwann,non-neuronal,RUBCN,0.09801339358091354,0.16906474820143885
24,278,Schwann,non-neuronal,MEGF11,0.012789510190486908,0.03237410071942446
