celltype,sample,SPRR1A,ATF3,TFE3,CDHR5,GALNS,CHL1,FLNC,RNF19B,SRRM4,ECEL1,FLRT3,PTPN23,MAPK14,VASH2,TNIK,WDR81,CCDC160,SLC2A1,ANKRD13B,NPY,AXL,SERPINE1,WBP1L,ITPKC,ACVR1,LNP1,AGRN,VIP,TNS3,ANKRD1,CTTN,RUBCN,MEGF11,condition,n_cells
Astrocyte,GSM9674452_Sham2,0.0,0.0,0.06725434,0.0,0.0032314677,1.918734,0.0,0.040061247,0.0831582,0.01171642,0.025099782,0.053567726,0.24977669,0.0,2.846228,0.020431602,0.0,0.38796103,0.035835862,0.0,0.18701611,0.0,0.21369132,0.03738143,0.45894706,0.0,0.32253462,0.0,0.39935464,0.0,0.18281221,0.21946009,0.071209416,Sham,93
Astrocyte,GSM9674453_Sham3,0.0,0.0073711607,0.070303634,0.0,0.033714,2.0698404,0.16726825,0.17444643,0.05987622,0.047005437,0.04849319,0.053369068,0.24662529,0.0132206585,2.3978434,0.0554144,0.01720791,0.46424416,0.11534791,0.05282921,0.28396782,0.0132206585,0.2601724,0.009226826,0.40020806,0.0,0.19611023,0.008222503,0.43131495,0.0,0.23236084,0.2494057,0.059589885,Sham,120
Astrocyte,GSM9674455_SNI2,0.0,0.0,0.07019096,0.0,0.014385541,1.8061928,0.032614864,0.032515034,0.12636487,0.023013802,0.045699093,0.061365273,0.26015535,0.0044011585,2.685704,0.028995506,0.0,0.22307535,0.016830215,0.0,0.13812341,0.0,0.27893275,0.021127237,0.44816673,0.0,0.29830584,0.0,0.37273416,0.0,0.17110462,0.21304055,0.09451336,SNI,128
Astrocyte,GSM9674456_SNI3,0.018142551,0.0072989087,0.04905282,0.0,0.054991487,1.7136769,0.07556829,0.08952344,0.026731716,0.012206593,0.06510431,0.046307076,0.2948915,0.0,2.5893755,0.05809112,0.0067725824,0.26280394,0.04796846,0.026955642,0.13484198,0.009890465,0.16932356,0.025439082,0.4013735,0.006757194,0.2075736,0.0,0.30023265,0.0,0.098169185,0.16851117,0.03651398,SNI,176
Endothelial,GSM9674453_Sham3,0.0,0.07368933,0.0303101,0.0,0.056069147,0.15211433,0.035158128,0.052685123,0.06320349,0.0,0.08605281,0.0,0.18587482,0.02091102,0.5232272,0.0,0.0,2.0377765,0.0651418,0.065172985,0.20639485,0.0,0.15553746,0.027811548,0.46438417,0.0,0.7288209,0.0,0.26172593,0.0,0.120779276,0.17530082,0.046480812,Sham,21
Endothelial,GSM9674456_SNI3,0.0,0.0,0.0,0.0,0.12099834,0.044519328,0.040431537,0.0,0.059991624,0.0,0.027505219,0.15317792,0.4408281,0.0,0.4041134,0.04966582,0.04966582,2.2114718,0.0,0.0,0.18626767,0.0,0.35200503,0.0,0.5989092,0.0,0.99103,0.08067625,0.19590205,0.0,0.25819263,0.25141785,0.06668667,SNI,22
Ependymal,GSM9674453_Sham3,0.0,0.04580833,0.0,0.0,0.0,0.22371712,0.098764285,0.0,0.026615843,0.025238637,0.0927493,0.0,0.22874156,0.0,0.8331605,0.0,0.18475023,0.5032672,0.0,0.0,0.0,0.0,0.10026295,0.0,0.49986845,0.0,0.045877468,0.0,0.2020444,0.0,0.012438617,0.3474286,0.0,Sham,42
Ependymal,GSM9674456_SNI3,0.10734075,0.0,0.0,0.0,0.068568,0.18967198,0.11833058,0.021059154,0.12927297,0.044999383,0.12578574,0.2178627,0.11278061,0.02312845,0.86709356,0.0,0.0,0.60510737,0.02100446,0.0,0.057237472,0.0,0.0,0.0,0.40142107,0.0,0.13651748,0.0,0.18867444,0.0,0.059625763,0.14581013,0.0,SNI,33
Fibroblast_Meninges,GSM9674452_Sham2,0.0,0.0,0.13198632,0.0,0.0,0.12865205,0.033160422,0.07031506,0.061713453,0.0,0.0,0.0,0.5864891,0.0,0.59166455,0.0,0.07600712,0.10292022,0.0,0.0,0.40639073,0.0,0.42890027,0.0,0.4968971,0.0,0.0,0.0,0.36383253,0.0,0.1660967,0.053807896,0.10147491,Sham,32
Fibroblast_Meninges,GSM9674453_Sham3,0.0,0.0,0.07137917,0.0,0.0,0.294609,0.16755654,0.11121635,0.031590123,0.012419165,0.031590123,0.069789685,0.25805503,0.019405128,0.9840513,0.0,0.07856771,0.32899648,0.030474456,0.0,0.27914482,0.0,0.23961729,0.0,0.32662398,0.0,0.20995025,0.0,0.44389609,0.0,0.41508737,0.2656322,0.27887782,Sham,30
Fibroblast_Meninges,GSM9674455_SNI2,0.0,0.038470007,0.02423441,0.0,0.0,0.22251154,0.0,0.063227355,0.0,0.0,0.08170993,0.16503772,0.31484216,0.0,0.8099206,0.0,0.08818082,0.035645954,0.035645954,0.0,0.19334847,0.04838293,0.3814365,0.0,0.47307685,0.0,0.1878388,0.0,0.39790958,0.0,0.13417017,0.29129526,0.075333394,SNI,41
Fibroblast_Meninges,GSM9674456_SNI3,0.0,0.0,0.089677446,0.0,0.07090965,0.49591407,0.025045002,0.07166641,0.16869198,0.0,0.104276344,0.0,0.35556003,0.0,0.6817762,0.0,0.11590651,0.08702369,0.04301448,0.0,0.40010297,0.14750628,0.105753444,0.15362018,0.21178994,0.0,0.158339,0.0,0.2933039,0.0,0.085490175,0.2718871,0.0,SNI,22
Microglia,GSM9674452_Sham2,0.0,0.011437074,0.24886045,0.0,0.1299614,0.20387217,0.0,0.2285338,0.16078968,0.018101772,0.06924291,0.044824623,1.2066965,0.0036734599,0.38433337,0.094211586,0.005515562,0.029855484,0.014537416,0.010481455,0.08500719,0.005766787,0.45871466,0.07799378,0.75397426,0.0,0.035245005,0.0,1.4664468,0.0,0.027194908,0.2769951,0.101627484,Sham,90
Microglia,GSM9674453_Sham3,0.0034201802,0.21981491,0.32717228,0.0,0.1860437,0.10202978,0.0,0.21317412,0.07807888,0.009126156,0.03915967,0.085797705,0.72874564,0.019246385,0.8891886,0.10927752,0.0026711544,0.13671988,0.02922949,0.016178688,0.8175421,0.04528945,0.40595707,0.045270666,0.5609927,0.0,0.08897177,0.0,1.9426266,0.0,0.022038039,0.240067,0.05728068,Sham,371
Microglia,GSM9674454_SNI1,0.0,0.0,0.40981117,0.0,0.0,0.46301687,0.0,0.28129712,0.18801899,0.0,0.0,0.0,1.224563,0.0,0.644113,0.16248862,0.0,0.0,0.0,0.0,0.0,0.0,0.15479988,0.0,0.5691595,0.0,0.27845243,0.0,1.737418,0.0,0.0,0.15370671,0.0,SNI,12
Microglia,GSM9674455_SNI2,0.0,0.01471145,0.31923068,0.0,0.061980125,0.26496455,0.0,0.24125218,0.1253435,0.022574238,0.018350141,0.05758631,1.1401061,0.0,0.70768845,0.09218411,0.019204006,0.061276432,0.00985689,0.0064930567,0.0618805,0.006750606,0.38602045,0.044172607,0.6045671,0.0,0.06850588,0.0,1.4273798,0.0,0.05767638,0.28619277,0.06479295,SNI,177
Microglia,GSM9674456_SNI3,0.0074628103,0.10963024,0.23274487,0.0,0.123686306,0.16946578,0.0048849154,0.20663357,0.072989196,0.025445469,0.056258094,0.06209368,0.78312624,0.018829213,0.91635233,0.120986596,0.0019117793,0.1189945,0.028422315,0.014193345,0.7506998,0.047326755,0.3645626,0.024712589,0.4736281,0.0,0.09096699,0.0,1.8302007,0.0,0.030456522,0.21814217,0.088346735,SNI,366
Neuron,GSM9674451_Sham1,0.0,0.00043487528,0.071323335,0.00014902749,0.27736244,0.67466164,0.0020136097,0.1233306,0.8696845,0.026690932,0.05422168,0.18829222,0.74285007,0.09370367,1.7613955,0.065883294,0.03572265,0.0195353,0.185493,0.026155649,0.0021459353,0.00048414685,0.20352836,0.05240646,0.4526722,0.00030355848,0.39769796,0.00077831896,0.14588381,0.00052978995,0.22943513,0.43064415,0.1515345,Sham,11477
Neuron,GSM9674452_Sham2,0.0,0.0006438911,0.096240215,0.00029935446,0.096633,0.91368985,0.0009714271,0.09850172,0.7034807,0.053658113,0.33277228,0.14468175,0.544538,0.08987047,1.7886658,0.034979045,0.03800752,0.035027668,0.14805605,0.027620897,0.010779678,0.0018781677,0.18150164,0.035249684,0.54233485,0.0010075256,0.44815817,0.0010815513,0.11749014,0.000975224,0.2949976,0.3844438,0.15868717,Sham,3317
Neuron,GSM9674453_Sham3,0.0042673815,0.0037314,0.08897101,0.00021675958,0.12550409,0.76674795,0.0027345498,0.09830206,0.6103246,0.042042118,0.34871233,0.113716885,0.4415275,0.06325524,1.6087946,0.029524786,0.06996898,0.04658727,0.10806411,0.044756833,0.0134845,0.0011323658,0.11708805,0.032074675,0.4390742,0.0037016566,0.3505077,0.0024743443,0.121448256,0.0010959455,0.22939074,0.36096328,0.12564595,Sham,5334
Neuron,GSM9674454_SNI1,0.0004948881,0.0006754039,0.113576494,0.00025083244,0.12553962,0.8524783,0.00086055003,0.1368958,0.853184,0.0428687,0.14943482,0.15121154,0.73618627,0.09660436,1.9683061,0.049604107,0.03464018,0.030884389,0.1725437,0.022285601,0.004972231,0.00088071334,0.22097355,0.04250356,0.6018858,0.00021461427,0.49534914,0.0009365529,0.15067331,0.00075230736,0.25488007,0.4645747,0.16416039,SNI,12047
Neuron,GSM9674455_SNI2,0.0002010499,0.0004350812,0.10131957,0.00023839594,0.08094058,0.92343736,0.00087133516,0.1037929,0.68259656,0.05778146,0.2638398,0.13893057,0.5721698,0.07050458,1.8167156,0.043595202,0.033372823,0.03349479,0.13373424,0.026820714,0.008901555,0.00042806932,0.19047621,0.03819153,0.537743,0.0007983592,0.42817506,0.00055009755,0.13342202,0.00059296243,0.26169902,0.4027636,0.14570384,SNI,5524
Neuron,GSM9674456_SNI3,0.00786206,0.0030439084,0.0926331,0.00018611949,0.10966654,0.765272,0.0025108182,0.08952557,0.617867,0.038717393,0.32322434,0.11389145,0.42546275,0.062054753,1.65348,0.025320316,0.057601646,0.04374153,0.10607327,0.036918182,0.013318911,0.0018693896,0.1263669,0.03070027,0.43021235,0.0031506643,0.37239674,0.0021402303,0.110414945,0.0015021297,0.22483659,0.34683314,0.120888166,SNI,8650
OPC,GSM9674452_Sham2,0.0,0.011499375,0.033875067,0.0,0.02392214,0.49258217,0.0,0.0980666,0.07493732,0.049073998,0.31615624,0.08720551,0.29222426,0.006682771,2.099381,0.037949998,0.0,0.1017854,0.059938334,0.014507433,0.12544303,0.0,0.13507539,0.07221849,0.38317278,0.0,0.36760035,0.0,1.4895113,0.0,0.120867,0.49234113,1.904719,Sham,60
OPC,GSM9674453_Sham3,0.012714497,0.0,0.059794106,0.0,0.02283662,0.3932193,0.0,0.10711878,0.061705418,0.0,0.24518597,0.09797307,0.22674066,0.047444064,2.0029652,0.020974264,0.012109324,0.010780613,0.018540217,0.05338243,0.019892322,0.0,0.21133132,0.041183423,0.608924,0.0,0.25975904,0.0,1.4019469,0.0,0.13693157,0.5070553,1.7812104,Sham,101
OPC,GSM9674455_SNI2,0.0,0.0,0.11274531,0.0,0.0070843906,0.5134274,0.0,0.041813813,0.13233575,0.029461313,0.15000111,0.110878244,0.26085916,0.03611722,1.8248029,0.020725373,0.0,0.055310037,0.054770704,0.0,0.033117607,0.0,0.16199215,0.026196437,0.478026,0.0,0.4530427,0.0,1.6371808,0.0,0.13643965,0.58584327,1.886718,SNI,120
OPC,GSM9674456_SNI3,0.0,0.0,0.047526248,0.0,0.065833524,0.34162506,0.0,0.077268675,0.08196689,0.03986336,0.17287764,0.11521977,0.24372855,0.0031826964,1.8689034,0.020887593,0.015761929,0.029182568,0.06409181,0.012472565,0.044520497,0.0,0.1533004,0.010213808,0.37475485,0.0,0.30097583,0.0,1.6302167,0.0,0.09550807,0.32824412,1.9141878,SNI,127
Oligodendrocyte,GSM9674451_Sham1,0.0,0.0,0.0,0.0,0.09506248,0.38891155,0.0,0.0,0.34080395,0.0,0.0,0.13953508,0.674295,0.0,1.3790672,0.0,0.0,0.0,0.1220061,0.0,0.0,0.0,0.09506248,0.07212452,0.13210204,0.0,0.0917665,0.0,0.13183038,0.0,0.0,0.571074,0.0,Sham,14
Oligodendrocyte,GSM9674452_Sham2,0.0,0.0,0.05245993,0.0,0.014551943,0.13634384,0.0016663605,0.03627713,0.09427883,0.013601903,0.1175437,0.12020529,0.31316936,0.013421884,0.8565811,0.06016073,0.015696764,0.17858788,0.093152426,0.0065763784,0.0010832729,0.00026143863,0.21424486,0.031061051,0.34586704,0.0,0.28111327,0.0,0.51898295,0.0,0.1577826,0.4050783,0.044758342,Sham,1044
Oligodendrocyte,GSM9674453_Sham3,0.009935671,0.003915394,0.037475586,0.0,0.03687373,0.13798021,0.014271754,0.053380467,0.06624023,0.02405649,0.08239644,0.08397908,0.273986,0.006262672,0.72048223,0.030001385,0.023466013,0.13404524,0.05788887,0.024171047,0.010282337,0.0,0.20809951,0.02186702,0.28285524,0.00061744696,0.17500918,0.0,0.49044734,0.0,0.116866685,0.46376038,0.027965989,Sham,1035
Oligodendrocyte,GSM9674454_SNI1,0.00897141,0.00624438,0.07171394,0.0,0.046994638,0.29560563,0.0,0.03276046,0.32503986,0.014093862,0.109795414,0.1229843,0.3934435,0.008587774,1.2557178,0.01288166,0.013739102,0.06364417,0.11866547,0.01289071,0.0,0.0,0.27469137,0.057151515,0.258996,0.0,0.3622037,0.0,0.6499581,0.0,0.14385875,0.30592382,0.05185958,SNI,117
Oligodendrocyte,GSM9674455_SNI2,0.00076971925,0.0013710982,0.054667454,0.0,0.026598504,0.25488088,0.00076965033,0.046990566,0.1330423,0.023925677,0.08752835,0.10260882,0.32416895,0.016325463,0.95715415,0.045960695,0.017183263,0.09097633,0.09053327,0.008821609,0.002401819,0.0002871827,0.24374142,0.023849087,0.34890872,0.00012269524,0.23190995,0.0008491921,0.4941344,0.00097255054,0.13422354,0.40405354,0.04927257,SNI,1963
Oligodendrocyte,GSM9674456_SNI3,0.0052679772,0.007033476,0.045634672,0.0,0.031572547,0.14728862,0.0077608055,0.052540585,0.084683314,0.020336635,0.081070915,0.086142115,0.24801262,0.011473971,0.7066929,0.044527296,0.011471502,0.08836692,0.057170913,0.014528473,0.014653569,0.002086329,0.22033267,0.020503908,0.27200264,0.00023997878,0.17832962,0.0,0.40738812,0.0003214269,0.09687669,0.43835014,0.032507367,SNI,1576
