celltype,contrast,symbol,mean_A,mean_B,delta_log,n_A,n_B,welch_p,note,bh_q
Erythrocyte,CCI_vs_Sham,SPRR1A,0.30861976742744446,0.03564666956663132,0.27297309041023254,2,2,0.03325232118368149,n=2v2 sample-level; descriptive only,
Erythrocyte,CCI_vs_Sham,ATF3,0.981029748916626,0.918937623500824,0.062092125415802,2,2,0.5625535249710083,n=2v2 sample-level; descriptive only,
Erythrocyte,CCI_vs_Sham,TFE3,0.187074214220047,0.14666616916656494,0.040408045053482056,2,2,0.003180696163326502,n=2v2 sample-level; descriptive only,
Erythrocyte,CCI_vs_Sham,CDHR5,0.0,0.0,0.0,2,2,,n=2v2 sample-level; descriptive only,
Erythrocyte,CCI_vs_Sham,GALNS,0.00971611775457859,0.007838321849703789,0.0018777959048748016,2,2,0.41130635142326355,n=2v2 sample-level; descriptive only,
Erythrocyte,CCI_vs_Sham,CHL1,0.49690520763397217,0.36039382219314575,0.13651138544082642,2,2,0.010906804352998734,n=2v2 sample-level; descriptive only,
Erythrocyte,CCI_vs_Sham,FLNC,0.01071456540375948,0.0018983585759997368,0.008816206827759743,2,2,0.4100109934806824,n=2v2 sample-level; descriptive only,
Erythrocyte,CCI_vs_Sham,RNF19B,0.38433581590652466,0.33090901374816895,0.05342680215835571,2,2,0.10728832334280014,n=2v2 sample-level; descriptive only,
Erythrocyte,CCI_vs_Sham,SRRM4,0.18297821283340454,0.16784295439720154,0.015135258436203003,2,2,0.37665626406669617,n=2v2 sample-level; descriptive only,
Erythrocyte,CCI_vs_Sham,ECEL1,0.041596364229917526,0.009717204608023167,0.031879160553216934,2,2,0.08703020215034485,n=2v2 sample-level; descriptive only,
Erythrocyte,CCI_vs_Sham,FLRT3,0.3053140342235565,0.1487104594707489,0.15660357475280762,2,2,0.002929345006123185,n=2v2 sample-level; descriptive only,
Erythrocyte,CCI_vs_Sham,PTPN23,0.15446104109287262,0.15105056762695312,0.0034104734659194946,2,2,0.7887621521949768,n=2v2 sample-level; descriptive only,
Erythrocyte,CCI_vs_Sham,MAPK14,0.32018643617630005,0.31534481048583984,0.004841625690460205,2,2,0.7035811543464661,n=2v2 sample-level; descriptive only,
Erythrocyte,CCI_vs_Sham,VASH2,0.05574788153171539,0.05070652812719345,0.005041353404521942,2,2,0.4809298813343048,n=2v2 sample-level; descriptive only,
Erythrocyte,CCI_vs_Sham,TNIK,0.20372413098812103,0.19044920802116394,0.013274922966957092,2,2,0.44685885310173035,n=2v2 sample-level; descriptive only,
Erythrocyte,CCI_vs_Sham,WDR81,0.06797003746032715,0.05466847866773605,0.013301558792591095,2,2,0.12345273792743683,n=2v2 sample-level; descriptive only,
Erythrocyte,CCI_vs_Sham,CCDC160,0.046504758298397064,0.05032099783420563,-0.0038162395358085632,2,2,0.6032769083976746,n=2v2 sample-level; descriptive only,
Erythrocyte,CCI_vs_Sham,SLC2A1,0.14325472712516785,0.1290760487318039,0.014178678393363953,2,2,0.34283149242401123,n=2v2 sample-level; descriptive only,
Erythrocyte,CCI_vs_Sham,ANKRD13B,0.21792420744895935,0.193370521068573,0.024553686380386353,2,2,0.29041603207588196,n=2v2 sample-level; descriptive only,
Erythrocyte,CCI_vs_Sham,NPY,0.024607708677649498,0.0007092290325090289,0.023898480460047722,2,2,0.3161912262439728,n=2v2 sample-level; descriptive only,
Erythrocyte,CCI_vs_Sham,AXL,0.005470547825098038,0.0033330675214529037,0.002137480303645134,2,2,0.3979818820953369,n=2v2 sample-level; descriptive only,
Erythrocyte,CCI_vs_Sham,SERPINE1,0.0016673406353220344,0.0006861437577754259,0.0009811968775466084,2,2,0.5022695660591125,n=2v2 sample-level; descriptive only,
Erythrocyte,CCI_vs_Sham,WBP1L,0.11170973628759384,0.08656814694404602,0.02514158934354782,2,2,0.1252589374780655,n=2v2 sample-level; descriptive only,
Erythrocyte,CCI_vs_Sham,ITPKC,0.03960810601711273,0.03966948390007019,-6.13778829574585e-05,2,2,0.972144603729248,n=2v2 sample-level; descriptive only,
Erythrocyte,CCI_vs_Sham,ACVR1,0.15336495637893677,0.11324097961187363,0.04012397676706314,2,2,0.025679942220449448,n=2v2 sample-level; descriptive only,
Erythrocyte,CCI_vs_Sham,LNP1,0.0,0.0,0.0,2,2,,n=2v2 sample-level; descriptive only,
Erythrocyte,CCI_vs_Sham,AGRN,0.09448440372943878,0.10781422257423401,-0.013329818844795227,2,2,0.2582787871360779,n=2v2 sample-level; descriptive only,
Erythrocyte,CCI_vs_Sham,VIP,0.0,0.0,0.0,2,2,,n=2v2 sample-level; descriptive only,
Erythrocyte,CCI_vs_Sham,REG3B,0.002859116066247225,0.0,0.002859116066247225,2,2,0.4545397162437439,n=2v2 sample-level; descriptive only,
Erythrocyte,CCI_vs_Sham,TNS3,0.021299749612808228,0.021526556462049484,-0.00022680684924125671,2,2,0.9501808285713196,n=2v2 sample-level; descriptive only,
Erythrocyte,CCI_vs_Sham,ANKRD1,0.0005239079473540187,0.0,0.0005239079473540187,2,2,0.4999999701976776,n=2v2 sample-level; descriptive only,
Erythrocyte,CCI_vs_Sham,CTTN,0.478328138589859,0.41690993309020996,0.06141820549964905,2,2,0.16649052500724792,n=2v2 sample-level; descriptive only,
Erythrocyte,CCI_vs_Sham,RUBCN,0.19047966599464417,0.18788538873195648,0.002594277262687683,2,2,0.9190688133239746,n=2v2 sample-level; descriptive only,
Erythrocyte,CCI_vs_Sham,MEGF11,0.0007957592024467885,0.00032870046561583877,0.0004670587368309498,2,2,0.5300450325012207,n=2v2 sample-level; descriptive only,
Immune,CCI_vs_Sham,SPRR1A,0.7114558219909668,0.0170524250715971,0.6944034099578857,2,2,0.12828470766544342,n=2v2 sample-level; descriptive only,
Immune,CCI_vs_Sham,ATF3,0.8365604281425476,0.4186258912086487,0.4179345369338989,2,2,0.14903375506401062,n=2v2 sample-level; descriptive only,
Immune,CCI_vs_Sham,TFE3,0.1702927201986313,0.31397610902786255,-0.14368338882923126,2,2,0.6980237364768982,n=2v2 sample-level; descriptive only,
Immune,CCI_vs_Sham,CDHR5,0.0,0.0,0.0,2,2,,n=2v2 sample-level; descriptive only,
Immune,CCI_vs_Sham,GALNS,0.03380503132939339,0.0,0.03380503132939339,2,2,0.3216409981250763,n=2v2 sample-level; descriptive only,
Immune,CCI_vs_Sham,CHL1,0.27361297607421875,0.1329488307237625,0.14066414535045624,2,2,0.37921589612960815,n=2v2 sample-level; descriptive only,
Immune,CCI_vs_Sham,FLNC,0.07553298771381378,0.0,0.07553298771381378,2,2,0.17792882025241852,n=2v2 sample-level; descriptive only,
Immune,CCI_vs_Sham,RNF19B,0.3198070824146271,0.09676505625247955,0.22304202616214752,2,2,0.21581879258155823,n=2v2 sample-level; descriptive only,
Immune,CCI_vs_Sham,SRRM4,0.03582780808210373,0.007463999558240175,0.02836380898952484,2,2,0.37745729088783264,n=2v2 sample-level; descriptive only,
Immune,CCI_vs_Sham,ECEL1,0.18518434464931488,0.0,0.18518434464931488,2,2,0.07724744826555252,n=2v2 sample-level; descriptive only,
Immune,CCI_vs_Sham,FLRT3,0.3556101322174072,0.08600547909736633,0.2696046531200409,2,2,0.042945943772792816,n=2v2 sample-level; descriptive only,
Immune,CCI_vs_Sham,PTPN23,0.09481300413608551,0.01770370453596115,0.07710929960012436,2,2,0.08200962096452713,n=2v2 sample-level; descriptive only,
Immune,CCI_vs_Sham,MAPK14,0.2355930358171463,0.3870401978492737,-0.15144716203212738,2,2,0.573016345500946,n=2v2 sample-level; descriptive only,
Immune,CCI_vs_Sham,VASH2,0.03796672448515892,0.0,0.03796672448515892,2,2,0.19147013127803802,n=2v2 sample-level; descriptive only,
Immune,CCI_vs_Sham,TNIK,0.23497845232486725,0.10624387115240097,0.12873458862304688,2,2,0.21473169326782227,n=2v2 sample-level; descriptive only,
Immune,CCI_vs_Sham,WDR81,0.15690046548843384,0.06304286420345306,0.09385760128498077,2,2,0.35737112164497375,n=2v2 sample-level; descriptive only,
Immune,CCI_vs_Sham,CCDC160,0.012326865456998348,0.01770370453596115,-0.005376839078962803,2,2,0.8288716077804565,n=2v2 sample-level; descriptive only,
Immune,CCI_vs_Sham,SLC2A1,0.12313131988048553,0.15919089317321777,-0.03605957329273224,2,2,0.6733483672142029,n=2v2 sample-level; descriptive only,
Immune,CCI_vs_Sham,ANKRD13B,0.08996438980102539,0.0183692816644907,0.07159510999917984,2,2,0.12137365341186523,n=2v2 sample-level; descriptive only,
Immune,CCI_vs_Sham,NPY,0.11362265050411224,0.0,0.11362265050411224,2,2,0.11109569668769836,n=2v2 sample-level; descriptive only,
Immune,CCI_vs_Sham,AXL,0.5262880325317383,0.3626861572265625,0.16360187530517578,2,2,0.4380863606929779,n=2v2 sample-level; descriptive only,
Immune,CCI_vs_Sham,SERPINE1,0.071083202958107,0.0,0.071083202958107,2,2,0.2219875156879425,n=2v2 sample-level; descriptive only,
Immune,CCI_vs_Sham,WBP1L,0.05923784524202347,0.10356995463371277,-0.0443321093916893,2,2,0.5905932784080505,n=2v2 sample-level; descriptive only,
Immune,CCI_vs_Sham,ITPKC,0.04412316903471947,0.025150222703814507,0.01897294633090496,2,2,0.6326788663864136,n=2v2 sample-level; descriptive only,
Immune,CCI_vs_Sham,ACVR1,0.08556666970252991,0.03032446652650833,0.055242203176021576,2,2,0.4899470806121826,n=2v2 sample-level; descriptive only,
Immune,CCI_vs_Sham,LNP1,0.0,0.0,0.0,2,2,,n=2v2 sample-level; descriptive only,
Immune,CCI_vs_Sham,AGRN,0.03556816652417183,0.02516770362854004,0.01040046289563179,2,2,0.7655429244041443,n=2v2 sample-level; descriptive only,
Immune,CCI_vs_Sham,VIP,0.0,0.0,0.0,2,2,,n=2v2 sample-level; descriptive only,
Immune,CCI_vs_Sham,REG3B,0.007553460076451302,0.0,0.007553460076451302,2,2,0.4999999701976776,n=2v2 sample-level; descriptive only,
Immune,CCI_vs_Sham,TNS3,0.22808071970939636,0.14068996906280518,0.08739075064659119,2,2,0.6591118574142456,n=2v2 sample-level; descriptive only,
Immune,CCI_vs_Sham,ANKRD1,0.0,0.0,0.0,2,2,,n=2v2 sample-level; descriptive only,
Immune,CCI_vs_Sham,CTTN,0.23711834847927094,0.23228423297405243,0.004834115505218506,2,2,0.9692229628562927,n=2v2 sample-level; descriptive only,
Immune,CCI_vs_Sham,RUBCN,0.1083466112613678,0.15460792183876038,-0.04626131057739258,2,2,0.33931222558021545,n=2v2 sample-level; descriptive only,
Immune,CCI_vs_Sham,MEGF11,0.0,0.0,0.0,2,2,,n=2v2 sample-level; descriptive only,
Neuron,CCI_vs_Sham,SPRR1A,1.8341567516326904,0.14757737517356873,1.6865793466567993,2,2,0.08354877680540085,n=2v2 sample-level; descriptive only,
Neuron,CCI_vs_Sham,ATF3,1.5704212188720703,0.5551505088806152,1.015270709991455,2,2,0.05628233030438423,n=2v2 sample-level; descriptive only,
Neuron,CCI_vs_Sham,TFE3,0.18643344938755035,0.12588916718959808,0.06054428219795227,2,2,0.227632537484169,n=2v2 sample-level; descriptive only,
Neuron,CCI_vs_Sham,CDHR5,0.0,2.7102287276647985e-05,-2.7102287276647985e-05,2,2,0.4999999701976776,n=2v2 sample-level; descriptive only,
Neuron,CCI_vs_Sham,GALNS,0.02715456858277321,0.00975316297262907,0.017401404678821564,2,2,0.11585326492786407,n=2v2 sample-level; descriptive only,
Neuron,CCI_vs_Sham,CHL1,0.844447135925293,0.26516881585121155,0.5792783498764038,2,2,0.10092412680387497,n=2v2 sample-level; descriptive only,
Neuron,CCI_vs_Sham,FLNC,0.2133997678756714,0.02927456796169281,0.18412519991397858,2,2,0.11900696158409119,n=2v2 sample-level; descriptive only,
Neuron,CCI_vs_Sham,RNF19B,0.4539109170436859,0.26937592029571533,0.18453499674797058,2,2,0.15379557013511658,n=2v2 sample-level; descriptive only,
Neuron,CCI_vs_Sham,SRRM4,0.28007447719573975,0.12380149960517883,0.1562729775905609,2,2,0.1555631309747696,n=2v2 sample-level; descriptive only,
Neuron,CCI_vs_Sham,ECEL1,0.5582188963890076,0.05018460750579834,0.5080342888832092,2,2,0.08077877759933472,n=2v2 sample-level; descriptive only,
Neuron,CCI_vs_Sham,FLRT3,0.7938917875289917,0.1670103222131729,0.62688148021698,2,2,0.08317909389734268,n=2v2 sample-level; descriptive only,
Neuron,CCI_vs_Sham,PTPN23,0.1923220157623291,0.13521581888198853,0.057106196880340576,2,2,0.21050168573856354,n=2v2 sample-level; descriptive only,
Neuron,CCI_vs_Sham,MAPK14,0.32688283920288086,0.26724833250045776,0.059634506702423096,2,2,0.38351383805274963,n=2v2 sample-level; descriptive only,
Neuron,CCI_vs_Sham,VASH2,0.0831930935382843,0.02222045138478279,0.06097264215350151,2,2,0.11423871666193008,n=2v2 sample-level; descriptive only,
Neuron,CCI_vs_Sham,TNIK,0.6615245342254639,0.23991569876670837,0.4216088354587555,2,2,0.14444537460803986,n=2v2 sample-level; descriptive only,
Neuron,CCI_vs_Sham,WDR81,0.09841927886009216,0.0711074247956276,0.02731185406446457,2,2,0.2712668478488922,n=2v2 sample-level; descriptive only,
Neuron,CCI_vs_Sham,CCDC160,0.02175051160156727,0.03559744358062744,-0.013846931979060173,2,2,0.13718797266483307,n=2v2 sample-level; descriptive only,
Neuron,CCI_vs_Sham,SLC2A1,0.311407208442688,0.11924393475055695,0.19216327369213104,2,2,0.14996567368507385,n=2v2 sample-level; descriptive only,
Neuron,CCI_vs_Sham,ANKRD13B,0.3548075556755066,0.24290624260902405,0.11190131306648254,2,2,0.23101913928985596,n=2v2 sample-level; descriptive only,
Neuron,CCI_vs_Sham,NPY,0.22392889857292175,0.01775519922375679,0.20617370307445526,2,2,0.08677402883768082,n=2v2 sample-level; descriptive only,
Neuron,CCI_vs_Sham,AXL,0.021699026226997375,0.006842534989118576,0.0148564912378788,2,2,0.11275530606508255,n=2v2 sample-level; descriptive only,
Neuron,CCI_vs_Sham,SERPINE1,0.011900740675628185,0.001048463862389326,0.010852277278900146,2,2,0.11104866862297058,n=2v2 sample-level; descriptive only,
Neuron,CCI_vs_Sham,WBP1L,0.11710949242115021,0.0887523740530014,0.028357118368148804,2,2,0.19592610001564026,n=2v2 sample-level; descriptive only,
Neuron,CCI_vs_Sham,ITPKC,0.09253561496734619,0.03395552188158035,0.05858009308576584,2,2,0.14168871939182281,n=2v2 sample-level; descriptive only,
Neuron,CCI_vs_Sham,ACVR1,0.17656883597373962,0.09136757254600525,0.08520126342773438,2,2,0.17987795174121857,n=2v2 sample-level; descriptive only,
Neuron,CCI_vs_Sham,LNP1,2.3163316654972732e-05,3.052544343518093e-05,-7.3621267802082e-06,2,2,0.8498268723487854,n=2v2 sample-level; descriptive only,
Neuron,CCI_vs_Sham,AGRN,0.06067438796162605,0.07549312710762024,-0.014818739145994186,2,2,0.1297604888677597,n=2v2 sample-level; descriptive only,
Neuron,CCI_vs_Sham,VIP,0.0004524289397522807,0.0003910704399459064,6.135849980637431e-05,2,2,0.8903111219406128,n=2v2 sample-level; descriptive only,
Neuron,CCI_vs_Sham,REG3B,0.0064191268756985664,0.0011771759018301964,0.00524195097386837,2,2,0.24261701107025146,n=2v2 sample-level; descriptive only,
Neuron,CCI_vs_Sham,TNS3,0.054838426411151886,0.04454198479652405,0.010296441614627838,2,2,0.32474830746650696,n=2v2 sample-level; descriptive only,
Neuron,CCI_vs_Sham,ANKRD1,0.0168326273560524,0.0003534399438649416,0.016479186713695526,2,2,0.08495692908763885,n=2v2 sample-level; descriptive only,
Neuron,CCI_vs_Sham,CTTN,0.6462635397911072,0.3655690550804138,0.28069448471069336,2,2,0.16435003280639648,n=2v2 sample-level; descriptive only,
Neuron,CCI_vs_Sham,RUBCN,0.17843064665794373,0.16855013370513916,0.009880512952804565,2,2,0.733115017414093,n=2v2 sample-level; descriptive only,
Neuron,CCI_vs_Sham,MEGF11,0.0012220913777127862,0.001075852196663618,0.0001462391810491681,2,2,0.4784573018550873,n=2v2 sample-level; descriptive only,
SatelliteGlia,CCI_vs_Sham,SPRR1A,0.29070040583610535,0.010493100620806217,0.2802073061466217,2,2,0.13503725826740265,n=2v2 sample-level; descriptive only,
SatelliteGlia,CCI_vs_Sham,ATF3,0.4732620120048523,0.4572560489177704,0.01600596308708191,2,2,0.9563412070274353,n=2v2 sample-level; descriptive only,
SatelliteGlia,CCI_vs_Sham,TFE3,0.13729077577590942,0.09017002582550049,0.047120749950408936,2,2,0.4468872547149658,n=2v2 sample-level; descriptive only,
SatelliteGlia,CCI_vs_Sham,CDHR5,0.0,0.002132875844836235,-0.002132875844836235,2,2,0.4999999701976776,n=2v2 sample-level; descriptive only,
SatelliteGlia,CCI_vs_Sham,GALNS,0.013422982767224312,0.00937179196625948,0.004051190800964832,2,2,0.5794280767440796,n=2v2 sample-level; descriptive only,
SatelliteGlia,CCI_vs_Sham,CHL1,0.9739940166473389,0.598931610584259,0.37506240606307983,2,2,0.11195822805166245,n=2v2 sample-level; descriptive only,
SatelliteGlia,CCI_vs_Sham,FLNC,0.007218389306217432,0.004885442089289427,0.0023329472169280052,2,2,0.721015989780426,n=2v2 sample-level; descriptive only,
SatelliteGlia,CCI_vs_Sham,RNF19B,0.06321807205677032,0.04517727717757225,0.018040794879198074,2,2,0.4158899486064911,n=2v2 sample-level; descriptive only,
SatelliteGlia,CCI_vs_Sham,SRRM4,0.012395123019814491,0.0,0.012395123019814491,2,2,0.2602905333042145,n=2v2 sample-level; descriptive only,
SatelliteGlia,CCI_vs_Sham,ECEL1,0.02100050449371338,0.0,0.02100050449371338,2,2,0.05452178418636322,n=2v2 sample-level; descriptive only,
SatelliteGlia,CCI_vs_Sham,FLRT3,0.1501767635345459,0.09394887834787369,0.05622788518667221,2,2,0.23423805832862854,n=2v2 sample-level; descriptive only,
SatelliteGlia,CCI_vs_Sham,PTPN23,0.06670849770307541,0.06641533970832825,0.00029315799474716187,2,2,0.9945370554924011,n=2v2 sample-level; descriptive only,
SatelliteGlia,CCI_vs_Sham,MAPK14,0.1128339022397995,0.06943264603614807,0.04340125620365143,2,2,0.3775997459888458,n=2v2 sample-level; descriptive only,
SatelliteGlia,CCI_vs_Sham,VASH2,0.0,0.0,0.0,2,2,,n=2v2 sample-level; descriptive only,
SatelliteGlia,CCI_vs_Sham,TNIK,0.27377232909202576,0.144429549574852,0.12934277951717377,2,2,0.02771388180553913,n=2v2 sample-level; descriptive only,
SatelliteGlia,CCI_vs_Sham,WDR81,0.05074696242809296,0.057327792048454285,-0.006580829620361328,2,2,0.7566545009613037,n=2v2 sample-level; descriptive only,
SatelliteGlia,CCI_vs_Sham,CCDC160,0.021209122613072395,0.04194878041744232,-0.020739657804369926,2,2,0.38307738304138184,n=2v2 sample-level; descriptive only,
SatelliteGlia,CCI_vs_Sham,SLC2A1,0.23390161991119385,0.3032051622867584,-0.06930354237556458,2,2,0.3930501341819763,n=2v2 sample-level; descriptive only,
SatelliteGlia,CCI_vs_Sham,ANKRD13B,0.07398457080125809,0.04626542329788208,0.027719147503376007,2,2,0.3063509166240692,n=2v2 sample-level; descriptive only,
SatelliteGlia,CCI_vs_Sham,NPY,0.05748002231121063,0.0018523248145356774,0.055627696216106415,2,2,0.1737358570098877,n=2v2 sample-level; descriptive only,
SatelliteGlia,CCI_vs_Sham,AXL,0.30944710969924927,0.26859623193740845,0.04085087776184082,2,2,0.641228973865509,n=2v2 sample-level; descriptive only,
SatelliteGlia,CCI_vs_Sham,SERPINE1,0.0037904931232333183,0.0,0.0037904931232333183,2,2,0.4999999701976776,n=2v2 sample-level; descriptive only,
SatelliteGlia,CCI_vs_Sham,WBP1L,0.12452179193496704,0.10996133089065552,0.014560461044311523,2,2,0.68291836977005,n=2v2 sample-level; descriptive only,
SatelliteGlia,CCI_vs_Sham,ITPKC,0.010629381984472275,0.03048299252986908,-0.019853610545396805,2,2,0.07417577505111694,n=2v2 sample-level; descriptive only,
SatelliteGlia,CCI_vs_Sham,ACVR1,0.09133478999137878,0.07920251041650772,0.012132279574871063,2,2,0.3725968897342682,n=2v2 sample-level; descriptive only,
SatelliteGlia,CCI_vs_Sham,LNP1,0.0,0.0,0.0,2,2,,n=2v2 sample-level; descriptive only,
SatelliteGlia,CCI_vs_Sham,AGRN,0.26610106229782104,0.15546530485153198,0.11063575744628906,2,2,0.03827937692403793,n=2v2 sample-level; descriptive only,
SatelliteGlia,CCI_vs_Sham,VIP,0.0,0.0,0.0,2,2,,n=2v2 sample-level; descriptive only,
SatelliteGlia,CCI_vs_Sham,REG3B,0.0031950322445482016,0.0,0.0031950322445482016,2,2,0.4999999701976776,n=2v2 sample-level; descriptive only,
SatelliteGlia,CCI_vs_Sham,TNS3,0.5849803686141968,0.5850083827972412,-2.8014183044433594e-05,2,2,0.9998147487640381,n=2v2 sample-level; descriptive only,
SatelliteGlia,CCI_vs_Sham,ANKRD1,0.0,0.0,0.0,2,2,,n=2v2 sample-level; descriptive only,
SatelliteGlia,CCI_vs_Sham,CTTN,0.27909934520721436,0.17802587151527405,0.10107347369194031,2,2,0.18721742928028107,n=2v2 sample-level; descriptive only,
SatelliteGlia,CCI_vs_Sham,RUBCN,0.08084392547607422,0.06886256486177444,0.011981360614299774,2,2,0.4506361484527588,n=2v2 sample-level; descriptive only,
SatelliteGlia,CCI_vs_Sham,MEGF11,0.05983343720436096,0.03494700789451599,0.02488642930984497,2,2,0.5599555373191833,n=2v2 sample-level; descriptive only,
Schwann,CCI_vs_Sham,SPRR1A,0.3561163544654846,0.008521981537342072,0.34759438037872314,2,2,0.002310478826984763,n=2v2 sample-level; descriptive only,
Schwann,CCI_vs_Sham,ATF3,1.111844778060913,1.0008848905563354,0.11095988750457764,2,2,0.10262242704629898,n=2v2 sample-level; descriptive only,
Schwann,CCI_vs_Sham,TFE3,0.17087088525295258,0.1448235958814621,0.02604728937149048,2,2,0.10525774210691452,n=2v2 sample-level; descriptive only,
Schwann,CCI_vs_Sham,CDHR5,0.0,0.0002469783357810229,-0.0002469783357810229,2,2,0.4999999701976776,n=2v2 sample-level; descriptive only,
Schwann,CCI_vs_Sham,GALNS,0.010126057080924511,0.005735587328672409,0.004390469752252102,2,2,0.18546585738658905,n=2v2 sample-level; descriptive only,
Schwann,CCI_vs_Sham,CHL1,0.521521806716919,0.39107969403266907,0.13044211268424988,2,2,0.16501988470554352,n=2v2 sample-level; descriptive only,
Schwann,CCI_vs_Sham,FLNC,0.022340789437294006,0.0017081815749406815,0.020632607862353325,2,2,0.27128493785858154,n=2v2 sample-level; descriptive only,
Schwann,CCI_vs_Sham,RNF19B,0.32526695728302,0.28598877787590027,0.03927817940711975,2,2,0.42912501096725464,n=2v2 sample-level; descriptive only,
Schwann,CCI_vs_Sham,SRRM4,0.15102291107177734,0.12513260543346405,0.025890305638313293,2,2,0.21703152358531952,n=2v2 sample-level; descriptive only,
Schwann,CCI_vs_Sham,ECEL1,0.08474321663379669,0.0037955620791763067,0.08094765245914459,2,2,0.19726446270942688,n=2v2 sample-level; descriptive only,
Schwann,CCI_vs_Sham,FLRT3,0.3507140278816223,0.18801918625831604,0.16269484162330627,2,2,0.11531812697649002,n=2v2 sample-level; descriptive only,
Schwann,CCI_vs_Sham,PTPN23,0.13837209343910217,0.128281369805336,0.010090723633766174,2,2,0.05210891738533974,n=2v2 sample-level; descriptive only,
Schwann,CCI_vs_Sham,MAPK14,0.3460429310798645,0.3022843599319458,0.0437585711479187,2,2,0.08421804755926132,n=2v2 sample-level; descriptive only,
Schwann,CCI_vs_Sham,VASH2,0.032800640910863876,0.037657447159290314,-0.004856806248426437,2,2,0.6312020421028137,n=2v2 sample-level; descriptive only,
Schwann,CCI_vs_Sham,TNIK,0.2318061739206314,0.14532095193862915,0.08648522198200226,2,2,0.3332940936088562,n=2v2 sample-level; descriptive only,
Schwann,CCI_vs_Sham,WDR81,0.07927454262971878,0.07112060487270355,0.008153937757015228,2,2,0.6324451565742493,n=2v2 sample-level; descriptive only,
Schwann,CCI_vs_Sham,CCDC160,0.04522498697042465,0.04685080051422119,-0.0016258135437965393,2,2,0.9133070707321167,n=2v2 sample-level; descriptive only,
Schwann,CCI_vs_Sham,SLC2A1,0.1744341254234314,0.15185342729091644,0.022580698132514954,2,2,0.579078733921051,n=2v2 sample-level; descriptive only,
Schwann,CCI_vs_Sham,ANKRD13B,0.19049641489982605,0.1696833372116089,0.020813077688217163,2,2,0.448660671710968,n=2v2 sample-level; descriptive only,
Schwann,CCI_vs_Sham,NPY,0.030559618026018143,0.0025093143340200186,0.02805030345916748,2,2,0.20035189390182495,n=2v2 sample-level; descriptive only,
Schwann,CCI_vs_Sham,AXL,0.0698007196187973,0.04235761985182762,0.02744309976696968,2,2,0.11986204981803894,n=2v2 sample-level; descriptive only,
Schwann,CCI_vs_Sham,SERPINE1,0.004781057592481375,0.00017407456471119076,0.004606983158737421,2,2,0.27813106775283813,n=2v2 sample-level; descriptive only,
Schwann,CCI_vs_Sham,WBP1L,0.09454229474067688,0.08417253196239471,0.010369762778282166,2,2,0.44505584239959717,n=2v2 sample-level; descriptive only,
Schwann,CCI_vs_Sham,ITPKC,0.04324693977832794,0.03460228070616722,0.00864465907216072,2,2,0.3863527476787567,n=2v2 sample-level; descriptive only,
Schwann,CCI_vs_Sham,ACVR1,0.12018731236457825,0.1071760281920433,0.013011284172534943,2,2,0.25193023681640625,n=2v2 sample-level; descriptive only,
Schwann,CCI_vs_Sham,LNP1,0.0,0.0,0.0,2,2,,n=2v2 sample-level; descriptive only,
Schwann,CCI_vs_Sham,AGRN,0.14848726987838745,0.15289843082427979,-0.004411160945892334,2,2,0.7672728896141052,n=2v2 sample-level; descriptive only,
Schwann,CCI_vs_Sham,VIP,0.0,0.0,0.0,2,2,,n=2v2 sample-level; descriptive only,
Schwann,CCI_vs_Sham,REG3B,0.0,0.0,0.0,2,2,,n=2v2 sample-level; descriptive only,
Schwann,CCI_vs_Sham,TNS3,0.2002074420452118,0.16818049550056458,0.03202694654464722,2,2,0.208273246884346,n=2v2 sample-level; descriptive only,
Schwann,CCI_vs_Sham,ANKRD1,0.0010490105487406254,0.0,0.0010490105487406254,2,2,0.4999999701976776,n=2v2 sample-level; descriptive only,
Schwann,CCI_vs_Sham,CTTN,0.4062863886356354,0.3740021884441376,0.0322842001914978,2,2,0.640698254108429,n=2v2 sample-level; descriptive only,
Schwann,CCI_vs_Sham,RUBCN,0.1678924560546875,0.15648528933525085,0.011407166719436646,2,2,0.5861431956291199,n=2v2 sample-level; descriptive only,
Schwann,CCI_vs_Sham,MEGF11,0.005044654011726379,0.00769364507868886,-0.0026489910669624805,2,2,0.45393800735473633,n=2v2 sample-level; descriptive only,
