celltype,symbol,n_cells,median_n_genes,is_contaminant,mean_lognorm,pct_expressing,pct_expressing_allcells,ambient_index,ambient_suspect
Endothelial,SPRR1A,31,1269.0,False,0.0,0.0,0.35049630603272447,0.8202210068702698,False
Endothelial,ATF3,31,1269.0,False,0.8562740087509155,0.41935483870967744,0.6550786384444545,0.5489929914474487,False
Endothelial,TFE3,31,1269.0,False,0.07867851108312607,0.06451612903225806,0.45147985314780403,0.24700143933296204,False
Endothelial,CDHR5,31,1269.0,False,0.0,0.0,0.00013597425554095092,0.0,False
Endothelial,GALNS,31,1269.0,False,0.0,0.0,0.06916557131849703,0.31384408473968506,False
Endothelial,CHL1,31,1269.0,False,0.11264200508594513,0.06451612903225806,0.5727235643384853,0.4579238295555115,False
Endothelial,FLNC,31,1269.0,False,0.17409470677375793,0.0967741935483871,0.1473054435026968,0.37347331643104553,False
Endothelial,RNF19B,31,1269.0,False,0.036039333790540695,0.03225806451612903,0.645243167293659,0.31699809432029724,False
Endothelial,SRRM4,31,1269.0,False,0.03261895105242729,0.03225806451612903,0.44771789874450435,0.26938992738723755,False
Endothelial,ECEL1,31,1269.0,False,0.0,0.0,0.23292389974164893,0.4603279232978821,False
Endothelial,FLRT3,31,1269.0,False,0.0,0.0,0.4551964827992567,0.3719777762889862,False
Endothelial,PTPN23,31,1269.0,False,0.07401400059461594,0.06451612903225806,0.45306621946244846,0.3615766763687134,False
Endothelial,MAPK14,31,1269.0,False,0.1170559972524643,0.06451612903225806,0.6299234011693786,0.291609525680542,False
Endothelial,VASH2,31,1269.0,False,0.0,0.0,0.16752028282645154,0.16123102605342865,False
Endothelial,TNIK,31,1269.0,False,0.12383928149938583,0.0967741935483871,0.5657888773058968,0.31254109740257263,False
Endothelial,WDR81,31,1269.0,False,0.07921472936868668,0.06451612903225806,0.27947241988850113,0.17669899761676788,False
Endothelial,CCDC160,31,1269.0,False,0.06847140938043594,0.03225806451612903,0.12641073290123736,0.31437236070632935,False
Endothelial,SLC2A1,31,1269.0,False,0.3895377516746521,0.22580645161290322,0.4469927027149526,0.35200121998786926,False
Endothelial,ANKRD13B,31,1269.0,False,0.040925901383161545,0.03225806451612903,0.5740379821420478,0.28024840354919434,False
Endothelial,NPY,31,1269.0,False,0.1225452572107315,0.06451612903225806,0.10932330145492454,0.8675921559333801,False
Endothelial,AXL,31,1269.0,False,0.04870513081550598,0.03225806451612903,0.0634546525857771,0.1415647715330124,False
Endothelial,SERPINE1,31,1269.0,False,0.05832893028855324,0.03225806451612903,0.018265874994334404,0.0,False
Endothelial,WBP1L,31,1269.0,False,0.16728413105010986,0.12903225806451613,0.3422925259484204,0.324909508228302,False
Endothelial,ITPKC,31,1269.0,False,0.08183667063713074,0.06451612903225806,0.19380863889770203,0.288307785987854,False
Endothelial,ACVR1,31,1269.0,False,0.08623530715703964,0.06451612903225806,0.3714816661378779,0.30160656571388245,False
Endothelial,LNP1,31,1269.0,False,0.0,0.0,0.00018129900738793456,0.0,False
Endothelial,AGRN,31,1269.0,False,0.24392689764499664,0.16129032258064516,0.24679327380682592,0.240622416138649,False
Endothelial,VIP,31,1269.0,False,0.0,0.0,0.0009064950369396728,0.0,False
Endothelial,REG3B,31,1269.0,False,0.0,0.0,0.0074785840547523,1.1077539920806885,False
Endothelial,TNS3,31,1269.0,False,0.09746643900871277,0.06451612903225806,0.19408058740878395,0.31325721740722656,False
Endothelial,ANKRD1,31,1269.0,False,0.0,0.0,0.01953496804604995,0.0,False
Endothelial,CTTN,31,1269.0,False,0.35589689016342163,0.25806451612903225,0.7173095227303631,0.3559931814670563,False
Endothelial,RUBCN,31,1269.0,False,0.020875710994005203,0.03225806451612903,0.4913203100213026,0.28080323338508606,False
Endothelial,MEGF11,31,1269.0,False,0.0,0.0,0.0062094910030367585,0.0,False
Erythrocyte,SPRR1A,2058,6401.5,True,0.1323906034231186,0.271622934888241,0.35049630603272447,0.8202210068702698,False
Erythrocyte,ATF3,2058,6401.5,True,0.9566589593887329,0.8158406219630709,0.6550786384444545,0.5489929914474487,False
Erythrocyte,TFE3,2058,6401.5,True,0.16067220270633698,0.5092322643343051,0.45147985314780403,0.24700143933296204,False
Erythrocyte,CDHR5,2058,6401.5,True,0.0,0.0,0.00013597425554095092,0.0,False
Erythrocyte,GALNS,2058,6401.5,True,0.008204614743590355,0.0413022351797862,0.06916557131849703,0.31384408473968506,False
Erythrocyte,CHL1,2058,6401.5,True,0.4053330421447754,0.6569484936831875,0.5727235643384853,0.4579238295555115,False
Erythrocyte,FLNC,2058,6401.5,True,0.005387472920119762,0.01652089407191448,0.1473054435026968,0.37347331643104553,False
Erythrocyte,RNF19B,2058,6401.5,True,0.34863045811653137,0.7691933916423712,0.645243167293659,0.31699809432029724,False
Erythrocyte,SRRM4,2058,6401.5,True,0.1747637838125229,0.5286686103012633,0.44771789874450435,0.26938992738723755,False
Erythrocyte,ECEL1,2058,6401.5,True,0.02164076641201973,0.07045675413022352,0.23292389974164893,0.4603279232978821,False
Erythrocyte,FLRT3,2058,6401.5,True,0.20405149459838867,0.44752186588921283,0.4551964827992567,0.3719777762889862,False
Erythrocyte,PTPN23,2058,6401.5,True,0.15273906290531158,0.49514091350826045,0.45306621946244846,0.3615766763687134,False
Erythrocyte,MAPK14,2058,6401.5,True,0.3158286511898041,0.7419825072886297,0.6299234011693786,0.291609525680542,False
Erythrocyte,VASH2,2058,6401.5,True,0.052113085985183716,0.2108843537414966,0.16752028282645154,0.16123102605342865,False
Erythrocyte,TNIK,2058,6401.5,True,0.1927330046892166,0.5364431486880467,0.5657888773058968,0.31254109740257263,False
Erythrocyte,WDR81,2058,6401.5,True,0.06016170233488083,0.2249757045675413,0.27947241988850113,0.17669899761676788,False
Erythrocyte,CCDC160,2058,6401.5,True,0.04805651679635048,0.19387755102040816,0.12641073290123736,0.31437236070632935,False
Erythrocyte,SLC2A1,2058,6401.5,True,0.1329554170370102,0.43002915451895046,0.4469927027149526,0.35200121998786926,False
Erythrocyte,ANKRD13B,2058,6401.5,True,0.20134803652763367,0.5626822157434402,0.5740379821420478,0.28024840354919434,False
Erythrocyte,NPY,2058,6401.5,True,0.00820572953671217,0.029640427599611274,0.10932330145492454,0.8675921559333801,False
Erythrocyte,AXL,2058,6401.5,True,0.0038232519291341305,0.017978620019436346,0.0634546525857771,0.1415647715330124,False
Erythrocyte,SERPINE1,2058,6401.5,True,0.0010092878947034478,0.005344995140913508,0.018265874994334404,0.0,False
Erythrocyte,WBP1L,2058,6401.5,True,0.09445663541555405,0.35179786200194363,0.3422925259484204,0.324909508228302,False
Erythrocyte,ITPKC,2058,6401.5,True,0.03938467055559158,0.16472303206997085,0.19380863889770203,0.288307785987854,False
Erythrocyte,ACVR1,2058,6401.5,True,0.12730266153812408,0.413508260447036,0.3714816661378779,0.30160656571388245,False
Erythrocyte,LNP1,2058,6401.5,True,0.0,0.0,0.00018129900738793456,0.0,False
Erythrocyte,AGRN,2058,6401.5,True,0.10469881445169449,0.3435374149659864,0.24679327380682592,0.240622416138649,False
Erythrocyte,VIP,2058,6401.5,True,0.0,0.0,0.0009064950369396728,0.0,False
Erythrocyte,REG3B,2058,6401.5,True,0.000820073124486953,0.001943634596695821,0.0074785840547523,1.1077539920806885,False
Erythrocyte,TNS3,2058,6401.5,True,0.020878849551081657,0.09426627793974733,0.19408058740878395,0.31325721740722656,False
Erythrocyte,ANKRD1,2058,6401.5,True,0.00021536739950533956,0.00048590864917395527,0.01953496804604995,0.0,False
Erythrocyte,CTTN,2058,6401.5,True,0.4367629587650299,0.8216715257531584,0.7173095227303631,0.3559931814670563,False
Erythrocyte,RUBCN,2058,6401.5,True,0.18599028885364532,0.5592808551992225,0.4913203100213026,0.28080323338508606,False
Erythrocyte,MEGF11,2058,6401.5,True,0.00039679609471932054,0.0024295432458697765,0.0062094910030367585,0.0,False
Immune,SPRR1A,73,1377.0,False,0.4575653076171875,0.273972602739726,0.35049630603272447,0.8202210068702698,False
Immune,ATF3,73,1377.0,False,0.6728589534759521,0.3287671232876712,0.6550786384444545,0.5489929914474487,False
Immune,TFE3,73,1377.0,False,0.2707321047782898,0.2602739726027397,0.45147985314780403,0.24700143933296204,False
Immune,CDHR5,73,1377.0,False,0.0,0.0,0.00013597425554095092,0.0,False
Immune,GALNS,73,1377.0,False,0.02344929799437523,0.0410958904109589,0.06916557131849703,0.31384408473968506,False
Immune,CHL1,73,1377.0,False,0.22565868496894836,0.2328767123287671,0.5727235643384853,0.4579238295555115,False
Immune,FLNC,73,1377.0,False,0.04909026250243187,0.0684931506849315,0.1473054435026968,0.37347331643104553,False
Immune,RNF19B,73,1377.0,False,0.21043479442596436,0.2328767123287671,0.645243167293659,0.31699809432029724,False
Immune,SRRM4,73,1377.0,False,0.02215433493256569,0.0684931506849315,0.44771789874450435,0.26938992738723755,False
Immune,ECEL1,73,1377.0,False,0.11532995104789734,0.0958904109589041,0.23292389974164893,0.4603279232978821,False
Immune,FLRT3,73,1377.0,False,0.23887085914611816,0.1917808219178082,0.4551964827992567,0.3719777762889862,False
Immune,PTPN23,73,1377.0,False,0.06847146153450012,0.136986301369863,0.45306621946244846,0.3615766763687134,False
Immune,MAPK14,73,1377.0,False,0.2763567268848419,0.273972602739726,0.6299234011693786,0.291609525680542,False
Immune,VASH2,73,1377.0,False,0.020948249846696854,0.0684931506849315,0.16752028282645154,0.16123102605342865,False
Immune,TNIK,73,1377.0,False,0.18338975310325623,0.1643835616438356,0.5657888773058968,0.31254109740257263,False
Immune,WDR81,73,1377.0,False,0.10793527960777283,0.1643835616438356,0.27947241988850113,0.17669899761676788,False
Immune,CCDC160,73,1377.0,False,0.014619183726608753,0.0273972602739726,0.12641073290123736,0.31437236070632935,False
Immune,SLC2A1,73,1377.0,False,0.12299683690071106,0.1917808219178082,0.4469927027149526,0.35200121998786926,False
Immune,ANKRD13B,73,1377.0,False,0.06045572832226753,0.1095890410958904,0.5740379821420478,0.28024840354919434,False
Immune,NPY,73,1377.0,False,0.06519196927547455,0.0821917808219178,0.10932330145492454,0.8675921559333801,False
Immune,AXL,73,1377.0,False,0.49515679478645325,0.410958904109589,0.0634546525857771,0.1415647715330124,False
Immune,SERPINE1,73,1377.0,False,0.047092750668525696,0.0410958904109589,0.018265874994334404,0.0,False
Immune,WBP1L,73,1377.0,False,0.08591402322053909,0.0958904109589041,0.3422925259484204,0.324909508228302,False
Immune,ITPKC,73,1377.0,False,0.03594571724534035,0.0958904109589041,0.19380863889770203,0.288307785987854,False
Immune,ACVR1,73,1377.0,False,0.07196877151727676,0.136986301369863,0.3714816661378779,0.30160656571388245,False
Immune,LNP1,73,1377.0,False,0.0,0.0,0.00018129900738793456,0.0,False
Immune,AGRN,73,1377.0,False,0.037157028913497925,0.0821917808219178,0.24679327380682592,0.240622416138649,False
Immune,VIP,73,1377.0,False,0.0,0.0,0.0009064950369396728,0.0,False
Immune,REG3B,73,1377.0,False,0.0033111057709902525,0.0136986301369863,0.0074785840547523,1.1077539920806885,False
Immune,TNS3,73,1377.0,False,0.2250257283449173,0.2602739726027397,0.19408058740878395,0.31325721740722656,False
Immune,ANKRD1,73,1377.0,False,0.0,0.0,0.01953496804604995,0.0,False
Immune,CTTN,73,1377.0,False,0.23561851680278778,0.2328767123287671,0.7173095227303631,0.3559931814670563,False
Immune,RUBCN,73,1377.0,False,0.13145548105239868,0.1643835616438356,0.4913203100213026,0.28080323338508606,False
Immune,MEGF11,73,1377.0,False,0.0,0.0,0.0062094910030367585,0.0,False
Neuron,SPRR1A,17562,6389.5,False,0.9260379672050476,0.39175492540712903,0.35049630603272447,0.8202210068702698,False
Neuron,ATF3,17562,6389.5,False,1.028627634048462,0.6436055119006947,0.6550786384444545,0.5489929914474487,False
Neuron,TFE3,17562,6389.5,False,0.15200135111808777,0.4683976768021865,0.45147985314780403,0.24700143933296204,False
Neuron,CDHR5,17562,6389.5,False,1.7342870705761015e-05,5.6941122878943175e-05,0.00013597425554095092,0.0,False
Neuron,GALNS,17562,6389.5,False,0.017590157687664032,0.07954674866188362,0.06916557131849703,0.31384408473968506,False
Neuron,CHL1,17562,6389.5,False,0.5311102271080017,0.5610408837262271,0.5727235643384853,0.4579238295555115,False
Neuron,FLNC,17562,6389.5,False,0.11309311538934708,0.1814713586151919,0.1473054435026968,0.37347331643104553,False
Neuron,RNF19B,17562,6389.5,False,0.3508762717247009,0.6645598451201458,0.645243167293659,0.31699809432029724,False
Neuron,SRRM4,17562,6389.5,False,0.1934051513671875,0.4693656758911286,0.44771789874450435,0.26938992738723755,False
Neuron,ECEL1,17562,6389.5,False,0.2850085496902466,0.2804919713016741,0.23292389974164893,0.4603279232978821,False
Neuron,FLRT3,17562,6389.5,False,0.4565720558166504,0.4767680218653912,0.4551964827992567,0.3719777762889862,False
Neuron,PTPN23,17562,6389.5,False,0.15982942283153534,0.4774513153399385,0.45306621946244846,0.3615766763687134,False
Neuron,MAPK14,17562,6389.5,False,0.29006949067115784,0.6462248035531261,0.6299234011693786,0.291609525680542,False
Neuron,VASH2,17562,6389.5,False,0.05007586628198624,0.17520783509850815,0.16752028282645154,0.16123102605342865,False
Neuron,TNIK,17562,6389.5,False,0.4284614622592926,0.6080742512242342,0.5657888773058968,0.31254109740257263,False
Neuron,WDR81,17562,6389.5,False,0.08259055763483047,0.30406559617355655,0.27947241988850113,0.17669899761676788,False
Neuron,CCDC160,17562,6389.5,False,0.028337866067886353,0.12196788520669627,0.12641073290123736,0.31437236070632935,False
Neuron,SLC2A1,17562,6389.5,False,0.20512205362319946,0.46515203279808676,0.4469927027149526,0.35200121998786926,False
Neuron,ANKRD13B,17562,6389.5,False,0.29051926732063293,0.6156474205671336,0.5740379821420478,0.28024840354919434,False
Neuron,NPY,17562,6389.5,False,0.11272221058607101,0.1305659947614167,0.10932330145492454,0.8675921559333801,False
Neuron,AXL,17562,6389.5,False,0.013642405159771442,0.05369547887484341,0.0634546525857771,0.1415647715330124,False
Neuron,SERPINE1,17562,6389.5,False,0.00599060021340847,0.02186539118551418,0.018265874994334404,0.0,False
Neuron,WBP1L,17562,6389.5,False,0.10072672367095947,0.36288577610750483,0.3422925259484204,0.324909508228302,False
Neuron,ITPKC,17562,6389.5,False,0.060200612992048264,0.21330144630452114,0.19380863889770203,0.288307785987854,False
Neuron,ACVR1,17562,6389.5,False,0.12940625846385956,0.38828151691151347,0.3714816661378779,0.30160656571388245,False
Neuron,LNP1,17562,6389.5,False,2.2779069695388898e-05,0.0002277644915157727,0.00018129900738793456,0.0,False
Neuron,AGRN,17562,6389.5,False,0.06807290762662888,0.22770755039289375,0.24679327380682592,0.240622416138649,False
Neuron,VIP,17562,6389.5,False,0.00035761416074819863,0.0011388224575788635,0.0009064950369396728,0.0,False
Neuron,REG3B,17562,6389.5,False,0.0034376601688563824,0.009053638537751964,0.0074785840547523,1.1077539920806885,False
Neuron,TNS3,17562,6389.5,False,0.04891423508524895,0.1776563033823027,0.19408058740878395,0.31325721740722656,False
Neuron,ANKRD1,17562,6389.5,False,0.007948646321892738,0.02442774171506662,0.01953496804604995,0.0,False
Neuron,CTTN,17562,6389.5,False,0.4913505017757416,0.7349390729985196,0.7173095227303631,0.3559931814670563,False
Neuron,RUBCN,17562,6389.5,False,0.17014330625534058,0.5121284591732149,0.4913203100213026,0.28080323338508606,False
Neuron,MEGF11,17562,6389.5,False,0.0011544327717274427,0.003928937478647079,0.0062094910030367585,0.0,False
SatelliteGlia,SPRR1A,847,1795.0,False,0.12845875322818756,0.09681227863046045,0.35049630603272447,0.8202210068702698,False
SatelliteGlia,ATF3,847,1795.0,False,0.4870073199272156,0.2857142857142857,0.6550786384444545,0.5489929914474487,False
SatelliteGlia,TFE3,847,1795.0,False,0.10735287517309189,0.09563164108618655,0.45147985314780403,0.24700143933296204,False
SatelliteGlia,CDHR5,847,1795.0,False,0.0014403837267309427,0.0011806375442739079,0.00013597425554095092,0.0,False
SatelliteGlia,GALNS,847,1795.0,False,0.010682285763323307,0.009445100354191263,0.06916557131849703,0.31384408473968506,False
SatelliteGlia,CHL1,847,1795.0,False,0.7434422373771667,0.4970484061393152,0.5727235643384853,0.4579238295555115,False
SatelliteGlia,FLNC,847,1795.0,False,0.006162588484585285,0.004722550177095631,0.1473054435026968,0.37347331643104553,False
SatelliteGlia,RNF19B,847,1795.0,False,0.05157964304089546,0.048406139315230225,0.645243167293659,0.31699809432029724,False
SatelliteGlia,SRRM4,847,1795.0,False,0.004839055705815554,0.0035419126328217238,0.44771789874450435,0.26938992738723755,False
SatelliteGlia,ECEL1,847,1795.0,False,0.008543161675333977,0.0070838252656434475,0.23292389974164893,0.4603279232978821,False
SatelliteGlia,FLRT3,847,1795.0,False,0.11741025745868683,0.09563164108618655,0.4551964827992567,0.3719777762889862,False
SatelliteGlia,PTPN23,847,1795.0,False,0.06753368675708771,0.06139315230224321,0.45306621946244846,0.3615766763687134,False
SatelliteGlia,MAPK14,847,1795.0,False,0.0839499682188034,0.0743801652892562,0.6299234011693786,0.291609525680542,False
SatelliteGlia,VASH2,847,1795.0,False,0.0,0.0,0.16752028282645154,0.16123102605342865,False
SatelliteGlia,TNIK,847,1795.0,False,0.19570055603981018,0.15938606847697756,0.5657888773058968,0.31254109740257263,False
SatelliteGlia,WDR81,847,1795.0,False,0.05392490327358246,0.0448642266824085,0.27947241988850113,0.17669899761676788,False
SatelliteGlia,CCDC160,847,1795.0,False,0.032571110874414444,0.031877213695395513,0.12641073290123736,0.31437236070632935,False
SatelliteGlia,SLC2A1,847,1795.0,False,0.2699081301689148,0.21841794569067297,0.4469927027149526,0.35200121998786926,False
SatelliteGlia,ANKRD13B,847,1795.0,False,0.0569000244140625,0.049586776859504134,0.5740379821420478,0.28024840354919434,False
SatelliteGlia,NPY,847,1795.0,False,0.02411377988755703,0.020070838252656435,0.10932330145492454,0.8675921559333801,False
SatelliteGlia,AXL,847,1795.0,False,0.2800728976726532,0.23494687131050768,0.0634546525857771,0.1415647715330124,False
SatelliteGlia,SERPINE1,847,1795.0,False,0.0017363770166411996,0.0011806375442739079,0.018265874994334404,0.0,False
SatelliteGlia,WBP1L,847,1795.0,False,0.11319933831691742,0.10153482880755609,0.3422925259484204,0.324909508228302,False
SatelliteGlia,ITPKC,847,1795.0,False,0.02256879024207592,0.020070838252656435,0.19380863889770203,0.288307785987854,False
SatelliteGlia,ACVR1,847,1795.0,False,0.08347824215888977,0.0755608028335301,0.3714816661378779,0.30160656571388245,False
SatelliteGlia,LNP1,847,1795.0,False,0.0,0.0,0.00018129900738793456,0.0,False
SatelliteGlia,AGRN,847,1795.0,False,0.1996832937002182,0.15702479338842976,0.24679327380682592,0.240622416138649,False
SatelliteGlia,VIP,847,1795.0,False,0.0,0.0,0.0009064950369396728,0.0,False
SatelliteGlia,REG3B,847,1795.0,False,0.001161829917691648,0.0011806375442739079,0.0074785840547523,1.1077539920806885,False
SatelliteGlia,TNS3,847,1795.0,False,0.5796202421188354,0.4380165289256198,0.19408058740878395,0.31325721740722656,False
SatelliteGlia,ANKRD1,847,1795.0,False,0.0,0.0,0.01953496804604995,0.0,False
SatelliteGlia,CTTN,847,1795.0,False,0.2169736623764038,0.18181818181818182,0.7173095227303631,0.3559931814670563,False
SatelliteGlia,RUBCN,847,1795.0,False,0.07410357147455215,0.06375442739079103,0.4913203100213026,0.28080323338508606,False
SatelliteGlia,MEGF11,847,1795.0,False,0.04386924207210541,0.04014167650531287,0.0062094910030367585,0.0,False
Schwann,SPRR1A,1492,5923.0,False,0.08535639941692352,0.128686327077748,0.35049630603272447,0.8202210068702698,False
Schwann,ATF3,1492,5923.0,False,1.0296885967254639,0.7989276139410187,0.6550786384444545,0.5489929914474487,False
Schwann,TFE3,1492,5923.0,False,0.14978983998298645,0.3920911528150134,0.45147985314780403,0.24700143933296204,False
Schwann,CDHR5,1492,5923.0,False,0.00025492400163784623,0.0006702412868632708,0.00013597425554095092,0.0,False
Schwann,GALNS,1492,5923.0,False,0.006303674075752497,0.022117962466487937,0.06916557131849703,0.31384408473968506,False
Schwann,CHL1,1492,5923.0,False,0.41613879799842834,0.6642091152815014,0.5727235643384853,0.4579238295555115,False
Schwann,FLNC,1492,5923.0,False,0.005751261953264475,0.011394101876675604,0.1473054435026968,0.37347331643104553,False
Schwann,RNF19B,1492,5923.0,False,0.29645687341690063,0.618632707774799,0.645243167293659,0.31699809432029724,False
Schwann,SRRM4,1492,5923.0,False,0.1331772804260254,0.3605898123324397,0.44771789874450435,0.26938992738723755,False
Schwann,ECEL1,1492,5923.0,False,0.020518185570836067,0.03686327077747989,0.23292389974164893,0.4603279232978821,False
Schwann,FLRT3,1492,5923.0,False,0.22629454731941223,0.4383378016085791,0.4551964827992567,0.3719777762889862,False
Schwann,PTPN23,1492,5923.0,False,0.13090401887893677,0.353887399463807,0.45306621946244846,0.3615766763687134,False
Schwann,MAPK14,1492,5923.0,False,0.30960899591445923,0.6280160857908847,0.6299234011693786,0.291609525680542,False
Schwann,VASH2,1492,5923.0,False,0.03719189390540123,0.12064343163538874,0.16752028282645154,0.16123102605342865,False
Schwann,TNIK,1492,5923.0,False,0.16188044846057892,0.36863270777479895,0.5657888773058968,0.31254109740257263,False
Schwann,WDR81,1492,5923.0,False,0.07186320424079895,0.2084450402144772,0.27947241988850113,0.17669899761676788,False
Schwann,CCDC160,1492,5923.0,False,0.045571938157081604,0.14611260053619302,0.12641073290123736,0.31437236070632935,False
Schwann,SLC2A1,1492,5923.0,False,0.15572959184646606,0.403485254691689,0.4469927027149526,0.35200121998786926,False
Schwann,ANKRD13B,1492,5923.0,False,0.1750561147928238,0.4316353887399464,0.5740379821420478,0.28024840354919434,False
Schwann,NPY,1492,5923.0,False,0.009443506598472595,0.022117962466487937,0.10932330145492454,0.8675921559333801,False
Schwann,AXL,1492,5923.0,False,0.04746445268392563,0.12734584450402145,0.0634546525857771,0.1415647715330124,False
Schwann,SERPINE1,1492,5923.0,False,0.0012138205347582698,0.0020107238605898124,0.018265874994334404,0.0,False
Schwann,WBP1L,1492,5923.0,False,0.08478972315788269,0.23994638069705093,0.3422925259484204,0.324909508228302,False
Schwann,ITPKC,1492,5923.0,False,0.03712337091565132,0.11058981233243968,0.19380863889770203,0.288307785987854,False
Schwann,ACVR1,1492,5923.0,False,0.10946134477853775,0.30160857908847183,0.3714816661378779,0.30160656571388245,False
Schwann,LNP1,1492,5923.0,False,0.0,0.0,0.00018129900738793456,0.0,False
Schwann,AGRN,1492,5923.0,False,0.1526881754398346,0.3987935656836461,0.24679327380682592,0.240622416138649,False
Schwann,VIP,1492,5923.0,False,0.0,0.0,0.0009064950369396728,0.0,False
Schwann,REG3B,1492,5923.0,False,0.0,0.0,0.0074785840547523,1.1077539920806885,False
Schwann,TNS3,1492,5923.0,False,0.17306187748908997,0.38605898123324395,0.19408058740878395,0.31325721740722656,False
Schwann,ANKRD1,1492,5923.0,False,0.0002685804502107203,0.0006702412868632708,0.01953496804604995,0.0,False
Schwann,CTTN,1492,5923.0,False,0.3780148923397064,0.703083109919571,0.7173095227303631,0.3559931814670563,False
Schwann,RUBCN,1492,5923.0,False,0.162460058927536,0.42091152815013405,0.4913203100213026,0.28080323338508606,False
Schwann,MEGF11,1492,5923.0,False,0.006560548208653927,0.01943699731903485,0.0062094910030367585,0.0,False
