celltype,sample,SPRR1A,ATF3,TFE3,GALNS,CHL1,RNF19B,SRRM4,ECEL1,FLRT3,PTPN23,MAPK14,VASH2,TNIK,WDR81,SLC2A1,ANKRD13B,NPY,AXL,SERPINE1,WBP1L,ITPKC,ACVR1,AGRN,TNS3,CTTN,RUBCN,MEGF11,condition,n_cells
Astrocyte,GSM7866244_SA,0.0,0.0,0.74092996,0.0,0.0,0.31477034,0.0,0.0,0.0,0.15659472,0.43426824,0.0,0.0,0.23529932,0.19481316,0.0,0.0,0.45856148,0.056041446,0.09439678,0.05427156,0.18076137,0.08416453,0.7331488,0.0,0.100255914,0.0,Sham,18
Astrocyte,GSM7866245_3A,0.0,0.17766567,0.46068618,0.047992248,0.0,0.3159813,0.0,0.0,0.0,0.108189516,0.41072348,0.0,0.0,0.21213686,0.18349864,0.0,0.0,0.37478605,0.0,0.27723703,0.019475037,0.4730967,0.0,0.5390341,0.0,0.06774835,0.029920774,SNI,24
Astrocyte,GSM7866246_7A,0.0,0.19441615,0.902007,0.0,0.0,0.4530867,0.0,0.0,0.0,0.06127098,0.43487775,0.0,0.0,0.17053598,0.24248306,0.017808117,0.0,0.6144056,0.058407597,0.28117526,0.01788167,0.3024488,0.09884373,0.57910544,0.0,0.053025264,0.0,SNI,36
Astrocyte,GSM7866247_14A,0.0,0.070983954,0.7200404,0.031103134,0.0,0.28373158,0.0,0.0,0.0,0.14888278,0.3271232,0.0,0.0,0.08922443,0.17832269,0.0,0.0,0.6580473,0.018498363,0.13407032,0.036485255,0.38124266,0.08819147,0.50593764,0.0,0.07721261,0.0,SNI,44
Endothelial,GSM7866245_3A,0.0,0.04823088,0.6301993,0.19462705,0.0029120685,0.19777893,0.0,0.0,0.010002555,0.082002394,0.39328125,0.007093619,0.0,0.14112462,0.18351497,0.013679156,0.0,0.18357298,0.07935209,0.16014314,0.02741004,0.2963778,0.06916998,0.45926508,0.0,0.14232124,0.02413104,SNI,156
Ependymal,GSM7866244_SA,0.0,0.16111593,0.6232671,0.1399091,0.0,0.5661359,0.0,0.0,0.0,0.051160067,0.6843856,0.032484423,0.0,0.10294747,0.15551217,0.0,0.0,0.1302396,0.05850855,0.2493905,0.0,0.08198645,0.038417242,0.1640353,0.0,0.08070951,0.0,Sham,28
Ependymal,GSM7866245_3A,0.0,0.056566183,0.6124308,0.17381684,0.0,0.27446866,0.0,0.0,0.0,0.058610555,0.46232527,0.0056440663,0.0024945424,0.18963253,0.14749385,0.0,0.0,0.15693368,0.025701653,0.12415369,0.008629653,0.22493832,0.017363878,0.5281581,0.0046106284,0.13858399,0.026353793,SNI,124
Ependymal,GSM7866246_7A,0.0,0.3632197,0.2565452,0.16277559,0.0,0.38387647,0.0,0.0,0.0,0.0,0.75249314,0.0,0.0,0.088785484,0.33914196,0.0,0.0,0.091631964,0.0,0.2401298,0.0,0.058247007,0.019227926,0.31475675,0.0,0.024560861,0.024560861,SNI,13
Ependymal,GSM7866247_14A,0.0,0.476175,0.5065981,0.044623695,0.0,0.35508156,0.0,0.0,0.0,0.10088012,0.48632187,0.0,0.0,0.13999261,0.19006845,0.0,0.0,0.12156278,0.0,0.08260819,0.0,0.23582673,0.0,0.39780325,0.0,0.0,0.04654066,SNI,16
Fibroblast_Meninges,GSM7866244_SA,0.0,0.99495417,0.80692065,0.17225395,0.0,0.4607868,0.0,0.0,0.0,0.11857414,0.5350718,0.0,0.0,0.17202497,0.3793657,0.0,0.0,0.19489112,0.09598295,0.21836938,0.060069878,0.07983655,0.020864274,0.79724175,0.0,0.10864253,0.0,Sham,45
Fibroblast_Meninges,GSM7866245_3A,0.0,0.7114242,0.3886559,0.0,0.0,1.0352247,0.0,0.0,0.0,0.04600286,0.47898942,0.0,0.0,0.056517493,0.40015513,0.0,0.0,0.112715945,0.0,0.3180611,0.07366293,0.14071731,0.0,0.4712053,0.0,0.11135314,0.0,SNI,20
Fibroblast_Meninges,GSM7866246_7A,0.0,0.38452452,0.47586367,0.07037635,0.0,0.7846549,0.0,0.0,0.0,0.19334702,0.68524903,0.0,0.0,0.12989518,0.18201295,0.0,0.0,0.16329436,0.04564327,0.20734191,0.0,0.034120392,0.010254173,0.4375758,0.0,0.06479185,0.0,SNI,41
Fibroblast_Meninges,GSM7866247_14A,0.0,0.93030673,0.5817819,0.031407196,0.0,0.30901116,0.0,0.0,0.0,0.18862414,0.38487518,0.0,0.0,0.18368392,0.3792552,0.011153967,0.0,0.2912928,0.12324812,0.26145467,0.08308967,0.12516728,0.031932216,0.76832265,0.0,0.049041048,0.013672884,SNI,48
Microglia,GSM7866244_SA,0.0,0.079314046,0.8114693,0.036302965,0.0002677097,0.35545462,0.0003451793,0.00020614284,0.0,0.090181455,0.5745805,0.0020118451,0.0036008742,0.22339576,0.15064788,0.01951879,0.0001794382,0.04332548,0.02933278,0.21747133,0.057973932,0.26012135,0.019188901,0.6147718,0.0003559573,0.102526784,0.007931139,Sham,4787
Microglia,GSM7866245_3A,0.0,0.05039688,0.68614733,0.10668997,0.0005335818,0.21532013,0.0,0.0013418117,0.0,0.083939366,0.42684785,0.00113563,0.0033588992,0.19327074,0.1251432,0.011370411,0.0,0.14084043,0.032545697,0.18131024,0.03934339,0.23044859,0.03244938,0.573607,0.0018917598,0.08798894,0.02397044,SNI,1223
Microglia,GSM7866246_7A,0.0,0.044908397,0.7563937,0.06594614,0.0008122052,0.1940448,0.0,0.0,0.0,0.07283792,0.41711685,0.0028056733,0.0041658315,0.15322378,0.15614183,0.0044451524,0.0,0.12100886,0.034182064,0.24404356,0.03667819,0.21318151,0.018819118,0.6755188,0.0,0.08282962,0.019014645,SNI,836
Microglia,GSM7866247_14A,0.0,0.06739329,0.7827596,0.054847285,0.0,0.2829504,0.0013875708,0.00067347276,0.0,0.07087858,0.42589208,0.002577107,0.0033044147,0.19537081,0.13311878,0.007923102,0.00092086085,0.08748082,0.018675609,0.20592886,0.044578996,0.2203577,0.025389418,0.61081874,0.0,0.08887071,0.0130303325,SNI,1655
Neuron,GSM7866244_SA,0.0,0.0445289,0.56951666,0.037359104,0.0,0.20785311,0.0033179782,0.0,0.0,0.06506393,0.36209616,0.0011688214,0.0021384552,0.14946105,0.05475146,0.0014218253,0.0,0.0448621,0.028827686,0.1481321,0.03745848,0.16118668,0.017812833,0.33560264,0.0043100393,0.09531521,0.009333754,Sham,633
Neuron,GSM7866245_3A,0.0,0.049437016,0.7102469,0.11904724,0.0,0.23964258,0.0008219539,0.0017821484,0.0015144811,0.074918844,0.4747806,0.0054906234,0.010353274,0.2419847,0.119987674,0.012338928,0.0,0.1202869,0.031670537,0.2197481,0.037178274,0.233365,0.028657641,0.5562307,0.000581757,0.099049814,0.034081332,SNI,1140
Neuron,GSM7866246_7A,0.0,0.057390735,0.68182737,0.05709383,0.0,0.2679053,0.0004341573,0.0,0.001310013,0.08185697,0.42457578,0.0008991782,0.0059087384,0.25875902,0.11575321,0.004862126,0.0005155132,0.15893178,0.03516814,0.2360139,0.060894787,0.17408937,0.02381879,0.6525654,0.0030786514,0.09827258,0.013122087,SNI,1235
Neuron,GSM7866247_14A,0.0015389608,0.08772521,0.7734636,0.05279994,0.0009741792,0.28637138,0.0,0.0,0.00082129956,0.0850062,0.4448344,0.0,0.004145792,0.21454233,0.106744945,0.0062365625,0.0006436506,0.19820756,0.04003071,0.21283324,0.037544142,0.18113366,0.025399737,0.6050712,0.0010058632,0.08902239,0.008521643,SNI,1095
OPC,GSM7866245_3A,0.0,0.04317638,0.5901521,0.19081716,0.0,0.17763206,0.0,0.0,0.0,0.08125375,0.4791121,0.0,0.015681144,0.17582364,0.18061608,0.0068479874,0.0,0.122510254,0.016338829,0.21839143,0.023273671,0.28870708,0.02370541,0.44370306,0.0,0.12938069,0.03315791,SNI,228
Oligodendrocyte,GSM7866244_SA,0.0,0.037406076,0.78823024,0.028037472,0.0,0.18110412,0.0,0.0,0.0042000273,0.057798117,0.48918313,0.0,0.0036031022,0.19707274,0.042108983,0.028617917,0.0,0.09701924,0.013472527,0.1571804,0.06587355,0.14986803,0.039902486,0.5755788,0.0,0.09854686,0.0046022586,Sham,369
Oligodendrocyte,GSM7866245_3A,0.0,0.037510984,0.7671306,0.11375095,0.0,0.32773262,0.0,0.0,0.0,0.033138383,0.44644168,0.0,0.005162418,0.2989547,0.12784688,0.022838736,0.0,0.1912975,0.022539686,0.24002129,0.064073555,0.29519993,0.08269779,0.6440074,0.0,0.10584223,0.011784387,SNI,129
Oligodendrocyte,GSM7866246_7A,0.0,0.034811456,0.8517823,0.055081703,0.0,0.20975584,0.0,0.0,0.0,0.101103604,0.5715004,0.0027630925,0.0032953662,0.25384384,0.087212384,0.012262552,0.0,0.19804284,0.023428265,0.21660791,0.04238322,0.13893794,0.047636416,0.7928094,0.0,0.11659728,0.011661356,SNI,314
Oligodendrocyte,GSM7866247_14A,0.0,0.08821555,0.8896108,0.052451886,0.0,0.31809995,0.0,0.0,0.0,0.07697924,0.4626239,0.002762281,0.020249596,0.19365467,0.11075651,0.0,0.0,0.36857247,0.0026861276,0.15559381,0.046407524,0.20843032,0.0604263,0.5827095,0.0,0.066173874,0.024848213,SNI,233
Pericyte,GSM7866244_SA,0.0,0.5956115,0.41299468,0.0,0.0,0.26858893,0.0,0.0,0.0,0.16293637,1.0458481,0.0,0.119747,0.0,0.4246575,0.0,0.0,0.0,0.0,0.48043686,0.030672655,0.031003315,0.031003315,0.14155473,0.0,0.0,0.0,Sham,23
Pericyte,GSM7866245_3A,0.0,0.09515342,0.23944756,0.11768508,0.0,0.59194434,0.0,0.0,0.0,0.0,0.60970676,0.0,0.052823137,0.1179923,0.0,0.0,0.0,0.0,0.0,0.4635547,0.0,0.0,0.19387479,0.0,0.0,0.0,0.0,SNI,16
Pericyte,GSM7866246_7A,0.0,0.12383687,0.35906613,0.031517066,0.0,0.4946997,0.0,0.0,0.0,0.068961665,0.31702515,0.0,0.49062398,0.04953183,0.043172542,0.028856747,0.0,0.0,0.0,0.5912042,0.0,0.0,0.051215038,0.0,0.0,0.028856747,0.0,SNI,23
Pericyte,GSM7866247_14A,0.0,0.25332808,0.17477126,0.0,0.0,0.2729134,0.0,0.0,0.0,0.066711724,0.81393695,0.0,0.18071254,0.059971888,0.49892807,0.0,0.0,0.0,0.0,0.435952,0.0,0.0,0.0,0.057579897,0.0,0.0,0.0,SNI,21
