finetype,n_cells,symbol,mean_lognorm,pct_expressing
Endothelial,31,SPRR1A,0.0,0.0
Endothelial,31,ATF3,0.8562740087509155,0.41935483870967744
Endothelial,31,TFE3,0.07867851108312607,0.06451612903225806
Endothelial,31,CDHR5,0.0,0.0
Endothelial,31,GALNS,0.0,0.0
Endothelial,31,CHL1,0.11264200508594513,0.06451612903225806
Endothelial,31,FLNC,0.17409470677375793,0.0967741935483871
Endothelial,31,RNF19B,0.036039333790540695,0.03225806451612903
Endothelial,31,SRRM4,0.03261895105242729,0.03225806451612903
Endothelial,31,ECEL1,0.0,0.0
Endothelial,31,FLRT3,0.0,0.0
Endothelial,31,PTPN23,0.07401400059461594,0.06451612903225806
Endothelial,31,MAPK14,0.1170559972524643,0.06451612903225806
Endothelial,31,VASH2,0.0,0.0
Endothelial,31,TNIK,0.12383928149938583,0.0967741935483871
Endothelial,31,WDR81,0.07921472936868668,0.06451612903225806
Endothelial,31,CCDC160,0.06847140938043594,0.03225806451612903
Endothelial,31,SLC2A1,0.3895377516746521,0.22580645161290322
Endothelial,31,ANKRD13B,0.040925901383161545,0.03225806451612903
Endothelial,31,NPY,0.1225452572107315,0.06451612903225806
Endothelial,31,AXL,0.04870513081550598,0.03225806451612903
Endothelial,31,SERPINE1,0.05832893028855324,0.03225806451612903
Endothelial,31,WBP1L,0.16728413105010986,0.12903225806451613
Endothelial,31,ITPKC,0.08183667063713074,0.06451612903225806
Endothelial,31,ACVR1,0.08623530715703964,0.06451612903225806
Endothelial,31,LNP1,0.0,0.0
Endothelial,31,AGRN,0.24392689764499664,0.16129032258064516
Endothelial,31,VIP,0.0,0.0
Endothelial,31,REG3B,0.0,0.0
Endothelial,31,TNS3,0.09746643900871277,0.06451612903225806
Endothelial,31,ANKRD1,0.0,0.0
Endothelial,31,CTTN,0.35589689016342163,0.25806451612903225
Endothelial,31,RUBCN,0.020875710994005203,0.03225806451612903
Endothelial,31,MEGF11,0.0,0.0
Erythrocyte,2058,SPRR1A,0.1323906034231186,0.271622934888241
Erythrocyte,2058,ATF3,0.9566589593887329,0.8158406219630709
Erythrocyte,2058,TFE3,0.16067220270633698,0.5092322643343051
Erythrocyte,2058,CDHR5,0.0,0.0
Erythrocyte,2058,GALNS,0.008204614743590355,0.0413022351797862
Erythrocyte,2058,CHL1,0.4053330421447754,0.6569484936831875
Erythrocyte,2058,FLNC,0.005387472920119762,0.01652089407191448
Erythrocyte,2058,RNF19B,0.34863045811653137,0.7691933916423712
Erythrocyte,2058,SRRM4,0.1747637838125229,0.5286686103012633
Erythrocyte,2058,ECEL1,0.02164076641201973,0.07045675413022352
Erythrocyte,2058,FLRT3,0.20405149459838867,0.44752186588921283
Erythrocyte,2058,PTPN23,0.15273906290531158,0.49514091350826045
Erythrocyte,2058,MAPK14,0.3158286511898041,0.7419825072886297
Erythrocyte,2058,VASH2,0.052113085985183716,0.2108843537414966
Erythrocyte,2058,TNIK,0.1927330046892166,0.5364431486880467
Erythrocyte,2058,WDR81,0.06016170233488083,0.2249757045675413
Erythrocyte,2058,CCDC160,0.04805651679635048,0.19387755102040816
Erythrocyte,2058,SLC2A1,0.1329554170370102,0.43002915451895046
Erythrocyte,2058,ANKRD13B,0.20134803652763367,0.5626822157434402
Erythrocyte,2058,NPY,0.00820572953671217,0.029640427599611274
Erythrocyte,2058,AXL,0.0038232519291341305,0.017978620019436346
Erythrocyte,2058,SERPINE1,0.0010092878947034478,0.005344995140913508
Erythrocyte,2058,WBP1L,0.09445663541555405,0.35179786200194363
Erythrocyte,2058,ITPKC,0.03938467055559158,0.16472303206997085
Erythrocyte,2058,ACVR1,0.12730266153812408,0.413508260447036
Erythrocyte,2058,LNP1,0.0,0.0
Erythrocyte,2058,AGRN,0.10469881445169449,0.3435374149659864
Erythrocyte,2058,VIP,0.0,0.0
Erythrocyte,2058,REG3B,0.000820073124486953,0.001943634596695821
Erythrocyte,2058,TNS3,0.020878849551081657,0.09426627793974733
Erythrocyte,2058,ANKRD1,0.00021536739950533956,0.00048590864917395527
Erythrocyte,2058,CTTN,0.4367629587650299,0.8216715257531584
Erythrocyte,2058,RUBCN,0.18599028885364532,0.5592808551992225
Erythrocyte,2058,MEGF11,0.00039679609471932054,0.0024295432458697765
Immune,73,SPRR1A,0.4575653076171875,0.273972602739726
Immune,73,ATF3,0.6728589534759521,0.3287671232876712
Immune,73,TFE3,0.2707321047782898,0.2602739726027397
Immune,73,CDHR5,0.0,0.0
Immune,73,GALNS,0.02344929799437523,0.0410958904109589
Immune,73,CHL1,0.22565868496894836,0.2328767123287671
Immune,73,FLNC,0.04909026250243187,0.0684931506849315
Immune,73,RNF19B,0.21043479442596436,0.2328767123287671
Immune,73,SRRM4,0.02215433493256569,0.0684931506849315
Immune,73,ECEL1,0.11532995104789734,0.0958904109589041
Immune,73,FLRT3,0.23887085914611816,0.1917808219178082
Immune,73,PTPN23,0.06847146153450012,0.136986301369863
Immune,73,MAPK14,0.2763567268848419,0.273972602739726
Immune,73,VASH2,0.020948249846696854,0.0684931506849315
Immune,73,TNIK,0.18338975310325623,0.1643835616438356
Immune,73,WDR81,0.10793527960777283,0.1643835616438356
Immune,73,CCDC160,0.014619183726608753,0.0273972602739726
Immune,73,SLC2A1,0.12299683690071106,0.1917808219178082
Immune,73,ANKRD13B,0.06045572832226753,0.1095890410958904
Immune,73,NPY,0.06519196927547455,0.0821917808219178
Immune,73,AXL,0.49515679478645325,0.410958904109589
Immune,73,SERPINE1,0.047092750668525696,0.0410958904109589
Immune,73,WBP1L,0.08591402322053909,0.0958904109589041
Immune,73,ITPKC,0.03594571724534035,0.0958904109589041
Immune,73,ACVR1,0.07196877151727676,0.136986301369863
Immune,73,LNP1,0.0,0.0
Immune,73,AGRN,0.037157028913497925,0.0821917808219178
Immune,73,VIP,0.0,0.0
Immune,73,REG3B,0.0033111057709902525,0.0136986301369863
Immune,73,TNS3,0.2250257283449173,0.2602739726027397
Immune,73,ANKRD1,0.0,0.0
Immune,73,CTTN,0.23561851680278778,0.2328767123287671
Immune,73,RUBCN,0.13145548105239868,0.1643835616438356
Immune,73,MEGF11,0.0,0.0
Injured_RegenNeuron,4470,SPRR1A,3.091247797012329,0.9812080536912752
Injured_RegenNeuron,4470,ATF3,2.4700136184692383,0.9941834451901566
Injured_RegenNeuron,4470,TFE3,0.2357800155878067,0.7002237136465325
Injured_RegenNeuron,4470,CDHR5,0.0,0.0
Injured_RegenNeuron,4470,GALNS,0.041881170123815536,0.18970917225950784
Injured_RegenNeuron,4470,CHL1,1.3205252885818481,0.9375838926174497
Injured_RegenNeuron,4470,FLNC,0.384743332862854,0.5272930648769575
Injured_RegenNeuron,4470,RNF19B,0.6257694363594055,0.8939597315436242
Injured_RegenNeuron,4470,SRRM4,0.4166896343231201,0.8351230425055929
Injured_RegenNeuron,4470,ECEL1,0.9890447854995728,0.8789709172259508
Injured_RegenNeuron,4470,FLRT3,1.3541290760040283,0.9715883668903803
Injured_RegenNeuron,4470,PTPN23,0.25337910652160645,0.7076062639821029
Injured_RegenNeuron,4470,MAPK14,0.41553497314453125,0.8498881431767338
Injured_RegenNeuron,4470,VASH2,0.1393507719039917,0.48165548098434
Injured_RegenNeuron,4470,TNIK,1.046892762184143,0.9507829977628636
Injured_RegenNeuron,4470,WDR81,0.13732293248176575,0.4968680089485459
Injured_RegenNeuron,4470,CCDC160,0.016403956338763237,0.08881431767337808
Injured_RegenNeuron,4470,SLC2A1,0.48614418506622314,0.8642058165548099
Injured_RegenNeuron,4470,ANKRD13B,0.48483699560165405,0.8758389261744967
Injured_RegenNeuron,4470,NPY,0.379785418510437,0.436241610738255
Injured_RegenNeuron,4470,AXL,0.03451809287071228,0.14272930648769575
Injured_RegenNeuron,4470,SERPINE1,0.020374000072479248,0.07472035794183446
Injured_RegenNeuron,4470,WBP1L,0.14547331631183624,0.5328859060402684
Injured_RegenNeuron,4470,ITPKC,0.15180382132530212,0.5161073825503356
Injured_RegenNeuron,4470,ACVR1,0.24815687537193298,0.6532438478747203
Injured_RegenNeuron,4470,LNP1,2.0186786059639417e-05,0.00022371364653243848
Injured_RegenNeuron,4470,AGRN,0.058496832847595215,0.24742729306487696
Injured_RegenNeuron,4470,VIP,2.671350921445992e-05,0.00022371364653243848
Injured_RegenNeuron,4470,REG3B,0.008743838407099247,0.016554809843400447
Injured_RegenNeuron,4470,TNS3,0.07405668497085571,0.2941834451901566
Injured_RegenNeuron,4470,ANKRD1,0.0298164002597332,0.09015659955257271
Injured_RegenNeuron,4470,CTTN,0.9179348945617676,0.9599552572706935
Injured_RegenNeuron,4470,RUBCN,0.19861610233783722,0.658165548098434
Injured_RegenNeuron,4470,MEGF11,0.0011837518541142344,0.004697986577181208
Myelinated_Proprio,3668,SPRR1A,0.4487622380256653,0.2044711014176663
Myelinated_Proprio,3668,ATF3,0.5090914964675903,0.32633587786259544
Myelinated_Proprio,3668,TFE3,0.07993590086698532,0.18238822246455835
Myelinated_Proprio,3668,CDHR5,0.0,0.0
Myelinated_Proprio,3668,GALNS,0.010806038044393063,0.04034896401308615
Myelinated_Proprio,3668,CHL1,0.2047921121120453,0.1627589967284624
Myelinated_Proprio,3668,FLNC,0.02293705940246582,0.02535441657579062
Myelinated_Proprio,3668,RNF19B,0.18376457691192627,0.28053435114503816
Myelinated_Proprio,3668,SRRM4,0.10303422063589096,0.2039258451472192
Myelinated_Proprio,3668,ECEL1,0.07802412658929825,0.04498364231188658
Myelinated_Proprio,3668,FLRT3,0.14855477213859558,0.14776444929116686
Myelinated_Proprio,3668,PTPN23,0.09583830833435059,0.20419847328244276
Myelinated_Proprio,3668,MAPK14,0.13448727130889893,0.24372955288985823
Myelinated_Proprio,3668,VASH2,0.014544512145221233,0.04471101417666303
Myelinated_Proprio,3668,TNIK,0.2238423228263855,0.31025081788440567
Myelinated_Proprio,3668,WDR81,0.03294410556554794,0.09323882224645584
Myelinated_Proprio,3668,CCDC160,0.020214399322867393,0.06352235550708833
Myelinated_Proprio,3668,SLC2A1,0.0877470150589943,0.16112322791712105
Myelinated_Proprio,3668,ANKRD13B,0.11929306387901306,0.2208287895310796
Myelinated_Proprio,3668,NPY,0.06044568866491318,0.03026172300981461
Myelinated_Proprio,3668,AXL,0.0043398854322731495,0.010905125408942203
Myelinated_Proprio,3668,SERPINE1,0.0007116002961993217,0.003271537622682661
Myelinated_Proprio,3668,WBP1L,0.05957604944705963,0.1515812431842966
Myelinated_Proprio,3668,ITPKC,0.022962180897593498,0.05916030534351145
Myelinated_Proprio,3668,ACVR1,0.056265685707330704,0.12813522355507087
Myelinated_Proprio,3668,LNP1,5.249361856840551e-05,0.0005452562704471102
Myelinated_Proprio,3668,AGRN,0.06354831904172897,0.15458015267175573
Myelinated_Proprio,3668,VIP,0.0016404783818870783,0.004907306434023991
Myelinated_Proprio,3668,REG3B,0.0021356604993343353,0.0021810250817884407
Myelinated_Proprio,3668,TNS3,0.03193538263440132,0.06924754634678298
Myelinated_Proprio,3668,ANKRD1,0.000481390452478081,0.0021810250817884407
Myelinated_Proprio,3668,CTTN,0.2446887493133545,0.31952017448200654
Myelinated_Proprio,3668,RUBCN,0.11185520887374878,0.2268266085059978
Myelinated_Proprio,3668,MEGF11,0.0011375462636351585,0.003271537622682661
NonPeptidergic_Noci,4812,SPRR1A,0.09280890226364136,0.19326683291770574
NonPeptidergic_Noci,4812,ATF3,0.3131430745124817,0.5164172901080631
NonPeptidergic_Noci,4812,TFE3,0.1348581463098526,0.4985453034081463
NonPeptidergic_Noci,4812,CDHR5,6.329498864943162e-05,0.00020781379883624273
NonPeptidergic_Noci,4812,GALNS,0.00862841121852398,0.0457190357439734
NonPeptidergic_Noci,4812,CHL1,0.12527118623256683,0.3345802161263508
NonPeptidergic_Noci,4812,FLNC,0.03424574062228203,0.1411055694098088
NonPeptidergic_Noci,4812,RNF19B,0.26796406507492065,0.7094763092269327
NonPeptidergic_Noci,4812,SRRM4,0.09155501425266266,0.3559850374064838
NonPeptidergic_Noci,4812,ECEL1,0.0167947206646204,0.05320033250207814
NonPeptidergic_Noci,4812,FLRT3,0.11951302736997604,0.3397755610972569
NonPeptidergic_Noci,4812,PTPN23,0.1350664496421814,0.4981296758104738
NonPeptidergic_Noci,4812,MAPK14,0.2637168765068054,0.7013715710723192
NonPeptidergic_Noci,4812,VASH2,0.007041917648166418,0.02660016625103907
NonPeptidergic_Noci,4812,TNIK,0.2707330882549286,0.6756026600166251
NonPeptidergic_Noci,4812,WDR81,0.08038987964391708,0.3414380714879468
NonPeptidergic_Noci,4812,CCDC160,0.03089515119791031,0.15211970074812967
NonPeptidergic_Noci,4812,SLC2A1,0.11816198378801346,0.42726517040731504
NonPeptidergic_Noci,4812,ANKRD13B,0.31955161690711975,0.7375311720698254
NonPeptidergic_Noci,4812,NPY,0.006799011956900358,0.023275145469659187
NonPeptidergic_Noci,4812,AXL,0.007140304893255234,0.028678304239401497
NonPeptidergic_Noci,4812,SERPINE1,0.00045774810132570565,0.0024937655860349127
NonPeptidergic_Noci,4812,WBP1L,0.09513413906097412,0.392975893599335
NonPeptidergic_Noci,4812,ITPKC,0.0273734200745821,0.12780548628428928
NonPeptidergic_Noci,4812,ACVR1,0.09372550994157791,0.37281795511221943
NonPeptidergic_Noci,4812,LNP1,2.4369179300265387e-05,0.00020781379883624273
NonPeptidergic_Noci,4812,AGRN,0.03413009271025658,0.13445552784704903
NonPeptidergic_Noci,4812,VIP,0.0,0.0
NonPeptidergic_Noci,4812,REG3B,0.0025525607634335756,0.015378221113881962
NonPeptidergic_Noci,4812,TNS3,0.054182443767786026,0.2115544472152951
NonPeptidergic_Noci,4812,ANKRD1,0.0003682804817799479,0.0020781379883624274
NonPeptidergic_Noci,4812,CTTN,0.36039167642593384,0.7926018287614297
NonPeptidergic_Noci,4812,RUBCN,0.17183740437030792,0.57356608478803
NonPeptidergic_Noci,4812,MEGF11,0.0011514401994645596,0.003948462177888612
Peptidergic_Nociceptor,4612,SPRR1A,0.07644069939851761,0.17649609713790113
Peptidergic_Nociceptor,4612,ATF3,0.7913275361061096,0.6888551604509974
Peptidergic_Nociceptor,4612,TFE3,0.1460036188364029,0.43972246313963576
Peptidergic_Nociceptor,4612,CDHR5,0.0,0.0
Peptidergic_Nociceptor,4612,GALNS,0.008792947977781296,0.03924544666088465
Peptidergic_Nociceptor,4612,CHL1,0.4489651322364807,0.7491326973113617
Peptidergic_Nociceptor,4612,FLNC,0.0037760313134640455,0.012575888985255855
Peptidergic_Nociceptor,4612,RNF19B,0.3038610517978668,0.7007805724197745
Peptidergic_Nociceptor,4612,SRRM4,0.1551358550786972,0.444275802254987
Peptidergic_Nociceptor,4612,ECEL1,0.047112178057432175,0.12489158716392021
Peptidergic_Nociceptor,4612,FLRT3,0.18329720199108124,0.4017779705117086
Peptidergic_Nociceptor,4612,PTPN23,0.14589011669158936,0.45013009540329574
Peptidergic_Nociceptor,4612,MAPK14,0.31969940662384033,0.7114050303555941
Peptidergic_Nociceptor,4612,VASH2,0.036708470433950424,0.1370338248048569
Peptidergic_Nociceptor,4612,TNIK,0.1563764065504074,0.44232437120555074
Peptidergic_Nociceptor,4612,WDR81,0.07132409512996674,0.24588031222896792
Peptidergic_Nociceptor,4612,CCDC160,0.04369688406586647,0.1691240242844753
Peptidergic_Nociceptor,4612,SLC2A1,0.1168338879942894,0.35971379011274934
Peptidergic_Nociceptor,4612,ANKRD13B,0.20807212591171265,0.5503035559410234
Peptidergic_Nociceptor,4612,NPY,0.005974616389721632,0.026019080659150044
Peptidergic_Nociceptor,4612,AXL,0.00759197399020195,0.02753686036426713
Peptidergic_Nociceptor,4612,SERPINE1,0.0020213169045746326,0.005637467476149176
Peptidergic_Nociceptor,4612,WBP1L,0.09592076390981674,0.3347788378143972
Peptidergic_Nociceptor,4612,ITPKC,0.03528488054871559,0.1316131830008673
Peptidergic_Nociceptor,4612,ACVR1,0.10970989614725113,0.3545099739809193
Peptidergic_Nociceptor,4612,LNP1,0.0,0.0
Peptidergic_Nociceptor,4612,AGRN,0.11636737734079361,0.36405030355594103
Peptidergic_Nociceptor,4612,VIP,3.11655348923523e-05,0.0002168256721595837
Peptidergic_Nociceptor,4612,REG3B,0.00025383822503499687,0.0006504770164787511
Peptidergic_Nociceptor,4612,TNS3,0.03255279362201691,0.11556808326105811
Peptidergic_Nociceptor,4612,ANKRD1,0.0006021056324243546,0.0017346053772766695
Peptidergic_Nociceptor,4612,CTTN,0.4107123017311096,0.7870771899392888
Peptidergic_Nociceptor,4612,RUBCN,0.18713705241680145,0.5333911535125759
Peptidergic_Nociceptor,4612,MEGF11,0.0011425693519413471,0.003686036426712923
SatelliteGlia,847,SPRR1A,0.12845875322818756,0.09681227863046045
SatelliteGlia,847,ATF3,0.4870073199272156,0.2857142857142857
SatelliteGlia,847,TFE3,0.10735287517309189,0.09563164108618655
SatelliteGlia,847,CDHR5,0.0014403837267309427,0.0011806375442739079
SatelliteGlia,847,GALNS,0.010682285763323307,0.009445100354191263
SatelliteGlia,847,CHL1,0.7434422373771667,0.4970484061393152
SatelliteGlia,847,FLNC,0.006162588484585285,0.004722550177095631
SatelliteGlia,847,RNF19B,0.05157964304089546,0.048406139315230225
SatelliteGlia,847,SRRM4,0.004839055705815554,0.0035419126328217238
SatelliteGlia,847,ECEL1,0.008543161675333977,0.0070838252656434475
SatelliteGlia,847,FLRT3,0.11741025745868683,0.09563164108618655
SatelliteGlia,847,PTPN23,0.06753368675708771,0.06139315230224321
SatelliteGlia,847,MAPK14,0.0839499682188034,0.0743801652892562
SatelliteGlia,847,VASH2,0.0,0.0
SatelliteGlia,847,TNIK,0.19570055603981018,0.15938606847697756
SatelliteGlia,847,WDR81,0.05392490327358246,0.0448642266824085
SatelliteGlia,847,CCDC160,0.032571110874414444,0.031877213695395513
SatelliteGlia,847,SLC2A1,0.2699081301689148,0.21841794569067297
SatelliteGlia,847,ANKRD13B,0.0569000244140625,0.049586776859504134
SatelliteGlia,847,NPY,0.02411377988755703,0.020070838252656435
SatelliteGlia,847,AXL,0.2800728976726532,0.23494687131050768
SatelliteGlia,847,SERPINE1,0.0017363770166411996,0.0011806375442739079
SatelliteGlia,847,WBP1L,0.11319933831691742,0.10153482880755609
SatelliteGlia,847,ITPKC,0.02256879024207592,0.020070838252656435
SatelliteGlia,847,ACVR1,0.08347824215888977,0.0755608028335301
SatelliteGlia,847,LNP1,0.0,0.0
SatelliteGlia,847,AGRN,0.1996832937002182,0.15702479338842976
SatelliteGlia,847,VIP,0.0,0.0
SatelliteGlia,847,REG3B,0.001161829917691648,0.0011806375442739079
SatelliteGlia,847,TNS3,0.5796202421188354,0.4380165289256198
SatelliteGlia,847,ANKRD1,0.0,0.0
SatelliteGlia,847,CTTN,0.2169736623764038,0.18181818181818182
SatelliteGlia,847,RUBCN,0.07410357147455215,0.06375442739079103
SatelliteGlia,847,MEGF11,0.04386924207210541,0.04014167650531287
Schwann,1492,SPRR1A,0.08535639941692352,0.128686327077748
Schwann,1492,ATF3,1.0296885967254639,0.7989276139410187
Schwann,1492,TFE3,0.14978983998298645,0.3920911528150134
Schwann,1492,CDHR5,0.00025492400163784623,0.0006702412868632708
Schwann,1492,GALNS,0.006303674075752497,0.022117962466487937
Schwann,1492,CHL1,0.41613879799842834,0.6642091152815014
Schwann,1492,FLNC,0.005751261953264475,0.011394101876675604
Schwann,1492,RNF19B,0.29645687341690063,0.618632707774799
Schwann,1492,SRRM4,0.1331772804260254,0.3605898123324397
Schwann,1492,ECEL1,0.020518185570836067,0.03686327077747989
Schwann,1492,FLRT3,0.22629454731941223,0.4383378016085791
Schwann,1492,PTPN23,0.13090401887893677,0.353887399463807
Schwann,1492,MAPK14,0.30960899591445923,0.6280160857908847
Schwann,1492,VASH2,0.03719189390540123,0.12064343163538874
Schwann,1492,TNIK,0.16188044846057892,0.36863270777479895
Schwann,1492,WDR81,0.07186320424079895,0.2084450402144772
Schwann,1492,CCDC160,0.045571938157081604,0.14611260053619302
Schwann,1492,SLC2A1,0.15572959184646606,0.403485254691689
Schwann,1492,ANKRD13B,0.1750561147928238,0.4316353887399464
Schwann,1492,NPY,0.009443506598472595,0.022117962466487937
Schwann,1492,AXL,0.04746445268392563,0.12734584450402145
Schwann,1492,SERPINE1,0.0012138205347582698,0.0020107238605898124
Schwann,1492,WBP1L,0.08478972315788269,0.23994638069705093
Schwann,1492,ITPKC,0.03712337091565132,0.11058981233243968
Schwann,1492,ACVR1,0.10946134477853775,0.30160857908847183
Schwann,1492,LNP1,0.0,0.0
Schwann,1492,AGRN,0.1526881754398346,0.3987935656836461
Schwann,1492,VIP,0.0,0.0
Schwann,1492,REG3B,0.0,0.0
Schwann,1492,TNS3,0.17306187748908997,0.38605898123324395
Schwann,1492,ANKRD1,0.0002685804502107203,0.0006702412868632708
Schwann,1492,CTTN,0.3780148923397064,0.703083109919571
Schwann,1492,RUBCN,0.162460058927536,0.42091152815013405
Schwann,1492,MEGF11,0.006560548208653927,0.01943699731903485
