symbol,present,top_region,top_label_log2,top_detection,global_mean,detection_global,tier,sec_mean_top,sec_sd_top,log2_all_regions,snRNA_lineage,crossmodal
SPRR1A,True,VentralHorn,2.54,0.098,0.089,0.018,restricted,0.3437,0.5954,MeningealFibro:0.28;WhiteMatter:0.14;WhiteMatter:-1.48;DorsalHorn:-2.95;VentralHorn:2.54;Ependymal:-0.06;MeningealFibro:1.76,Neuronal,divergent
ATF3,True,MeningealFibro,2.243,0.077,0.0672,0.015,restricted,0.1467,0.1603,MeningealFibro:1.08;WhiteMatter:0.53;WhiteMatter:-2.02;DorsalHorn:0.01;VentralHorn:1.98;Ependymal:0.08;MeningealFibro:2.24,,n/a
TFE3,True,DorsalHorn,0.864,0.302,0.6754,0.151,enriched,1.1487,0.3176,MeningealFibro:-0.37;WhiteMatter:-0.16;WhiteMatter:-1.27;DorsalHorn:0.86;VentralHorn:0.76;Ependymal:0.84;MeningealFibro:0.14,Immune,divergent
CDHR5,True,WhiteMatter,3.109,0.006,0.0036,0.001,restricted,0.0302,0.0184,MeningealFibro:-11.80;WhiteMatter:3.11;WhiteMatter:-11.80;DorsalHorn:-11.80;VentralHorn:-11.80;Ependymal:-11.80;MeningealFibro:-11.80,,n/a
GALNS,True,DorsalHorn,1.374,0.105,0.1634,0.038,restricted,0.4427,0.1046,MeningealFibro:-2.49;WhiteMatter:0.04;WhiteMatter:-1.51;DorsalHorn:1.37;VentralHorn:0.52;Ependymal:0.84;MeningealFibro:0.81,Neuronal,consistent
CHL1,True,DorsalHorn,1.619,0.804,1.2291,0.263,restricted,3.7313,0.2613,MeningealFibro:-0.85;WhiteMatter:-0.57;WhiteMatter:-1.14;DorsalHorn:1.62;VentralHorn:0.08;Ependymal:0.82;MeningealFibro:0.07,Glial,divergent
FLNC,True,MeningealFibro,2.327,0.25,0.2359,0.047,restricted,1.1203,0.2198,MeningealFibro:-0.47;WhiteMatter:1.87;WhiteMatter:-1.08;DorsalHorn:0.61;VentralHorn:-1.52;Ependymal:-0.81;MeningealFibro:2.33,,n/a
RNF19B,True,DorsalHorn,1.022,0.435,0.886,0.197,restricted,1.6714,0.3448,MeningealFibro:-1.39;WhiteMatter:-0.86;WhiteMatter:-1.07;DorsalHorn:1.02;VentralHorn:0.78;Ependymal:0.88;MeningealFibro:0.14,Immune|Neuronal,n/a
SRRM4,True,DorsalHorn,1.856,0.182,0.199,0.048,restricted,0.6769,0.1323,MeningealFibro:-17.60;WhiteMatter:-1.14;WhiteMatter:-1.76;DorsalHorn:1.86;VentralHorn:1.09;Ependymal:0.92;MeningealFibro:-0.82,Neuronal,consistent
ECEL1,True,VentralHorn,1.559,0.422,0.6814,0.147,restricted,2.1855,0.5608,MeningealFibro:-1.91;WhiteMatter:-1.10;WhiteMatter:-1.14;DorsalHorn:1.38;VentralHorn:1.56;Ependymal:0.66;MeningealFibro:-0.59,Neuronal,divergent
FLRT3,True,DorsalHorn,2.018,0.277,0.2799,0.066,restricted,1.1392,0.1155,MeningealFibro:-1.74;WhiteMatter:-1.49;WhiteMatter:-1.88;DorsalHorn:2.02;VentralHorn:0.75;Ependymal:0.97;MeningealFibro:-0.54,Glial|Neuronal,n/a
PTPN23,True,DorsalHorn,1.209,0.495,0.9038,0.199,restricted,2.0388,0.1679,MeningealFibro:-1.06;WhiteMatter:0.04;WhiteMatter:-1.13;DorsalHorn:1.21;VentralHorn:0.66;Ependymal:0.68;MeningealFibro:0.51,Neuronal,consistent
MAPK14,True,DorsalHorn,1.254,0.667,1.2388,0.268,restricted,2.9374,0.1391,MeningealFibro:-0.57;WhiteMatter:-0.40;WhiteMatter:-1.03;DorsalHorn:1.25;VentralHorn:0.54;Ependymal:0.73;MeningealFibro:0.52,Glial|Immune,n/a
VASH2,True,DorsalHorn,1.875,0.189,0.2088,0.05,restricted,0.7354,0.1357,MeningealFibro:-17.67;WhiteMatter:-1.03;WhiteMatter:-1.80;DorsalHorn:1.88;VentralHorn:0.25;Ependymal:1.04;MeningealFibro:0.24,Neuronal,consistent
TNIK,True,DorsalHorn,1.231,0.572,1.0851,0.237,restricted,2.5186,0.1448,MeningealFibro:-2.52;WhiteMatter:-0.62;WhiteMatter:-1.07;DorsalHorn:1.23;VentralHorn:0.61;Ependymal:0.84;MeningealFibro:0.34,Glial|Neuronal,n/a
WDR81,True,VentralHorn,0.952,0.236,0.5021,0.112,enriched,0.9601,0.3113,MeningealFibro:-0.48;WhiteMatter:-0.19;WhiteMatter:-1.01;DorsalHorn:0.83;VentralHorn:0.95;Ependymal:0.66;MeningealFibro:0.69,Immune,divergent
CCDC160,True,Ependymal,1.063,0.075,0.1447,0.034,restricted,0.3029,0.076,MeningealFibro:-1.59;WhiteMatter:-1.01;WhiteMatter:-1.38;DorsalHorn:0.86;VentralHorn:0.79;Ependymal:1.06;MeningealFibro:-0.33,,n/a
SLC2A1,True,MeningealFibro,0.861,0.856,2.7607,0.526,enriched,4.9999,0.3664,MeningealFibro:-0.57;WhiteMatter:0.53;WhiteMatter:-0.70;DorsalHorn:0.32;VentralHorn:0.43;Ependymal:0.42;MeningealFibro:0.86,,n/a
ANKRD13B,True,DorsalHorn,1.164,0.435,0.8355,0.182,restricted,1.7804,0.417,MeningealFibro:-0.36;WhiteMatter:0.20;WhiteMatter:-1.09;DorsalHorn:1.16;VentralHorn:0.06;Ependymal:0.70;MeningealFibro:0.45,Neuronal,consistent
NPY,True,DorsalHorn,2.591,0.775,0.6368,0.132,restricted,3.9565,0.3288,MeningealFibro:-0.73;WhiteMatter:-1.24;WhiteMatter:-1.38;DorsalHorn:2.59;VentralHorn:-0.53;Ependymal:0.62;MeningealFibro:-0.44,,n/a
AXL,True,MeningealFibro,1.078,0.587,1.3314,0.283,restricted,3.0766,0.6924,MeningealFibro:-0.79;WhiteMatter:-0.02;WhiteMatter:-0.98;DorsalHorn:0.78;VentralHorn:0.55;Ependymal:0.69;MeningealFibro:1.08,Immune,divergent
SERPINE1,True,MeningealFibro,3.827,0.038,0.0149,0.003,restricted,0.1173,0.1173,MeningealFibro:-13.87;WhiteMatter:0.44;WhiteMatter:-3.13;DorsalHorn:2.64;VentralHorn:-13.87;Ependymal:-0.16;MeningealFibro:3.83,,n/a
CRISP3,True,MeningealFibro,0.0,0.0,0.0,0.0,broad/low,0.0,0.0,MeningealFibro:0.00;WhiteMatter:0.00;WhiteMatter:0.00;DorsalHorn:0.00;VentralHorn:0.00;Ependymal:0.00;MeningealFibro:0.00,,n/a
WBP1L,True,MeningealFibro,1.039,0.385,0.8809,0.189,restricted,1.6687,0.174,MeningealFibro:-0.66;WhiteMatter:0.54;WhiteMatter:-0.98;DorsalHorn:0.73;VentralHorn:0.77;Ependymal:0.44;MeningealFibro:1.04,Immune,divergent
ITPKC,True,DorsalHorn,1.523,0.123,0.1712,0.039,restricted,0.4863,0.1395,MeningealFibro:-0.61;WhiteMatter:-0.14;WhiteMatter:-1.30;DorsalHorn:1.52;VentralHorn:0.64;Ependymal:0.72;MeningealFibro:0.07,,n/a
ACVR1,True,DorsalHorn,1.067,0.27,0.5173,0.118,restricted,0.9971,0.3957,MeningealFibro:-1.51;WhiteMatter:-0.24;WhiteMatter:-1.09;DorsalHorn:1.07;VentralHorn:0.88;Ependymal:0.73;MeningealFibro:0.63,,n/a
LNP1,True,MeningealFibro,0.0,0.0,0.0,0.0,broad/low,0.0,0.0,MeningealFibro:0.00;WhiteMatter:0.00;WhiteMatter:0.00;DorsalHorn:0.00;VentralHorn:0.00;Ependymal:0.00;MeningealFibro:0.00,,n/a
AGRN,True,DorsalHorn,1.017,0.691,1.5394,0.324,restricted,3.148,0.2462,MeningealFibro:0.05;WhiteMatter:-0.25;WhiteMatter:-1.05;DorsalHorn:1.02;VentralHorn:0.69;Ependymal:0.68;MeningealFibro:0.64,,n/a
VIP,True,Ependymal,1.332,0.036,0.0589,0.014,restricted,0.1418,0.0584,MeningealFibro:-15.85;WhiteMatter:-1.92;WhiteMatter:-1.22;DorsalHorn:1.05;VentralHorn:-15.85;Ependymal:1.33;MeningealFibro:-0.77,,n/a
REG3B,True,MeningealFibro,2.468,0.01,0.0066,0.002,restricted,0.0125,0.0216,MeningealFibro:-12.68;WhiteMatter:-12.68;WhiteMatter:-0.80;DorsalHorn:-12.68;VentralHorn:1.89;Ependymal:0.67;MeningealFibro:2.47,,n/a
TNS3,True,MeningealFibro,0.778,0.596,1.6714,0.341,enriched,3.0173,0.2344,MeningealFibro:-0.08;WhiteMatter:0.59;WhiteMatter:-0.71;DorsalHorn:0.54;VentralHorn:0.41;Ependymal:0.33;MeningealFibro:0.78,Glial,divergent
ANKRD1,True,MeningealFibro,2.578,0.01,0.0056,0.001,restricted,0.0115,0.0199,MeningealFibro:-12.46;WhiteMatter:-12.46;WhiteMatter:-12.46;DorsalHorn:-12.46;VentralHorn:1.98;Ependymal:1.33;MeningealFibro:2.58,,n/a
CTTN,True,DorsalHorn,0.756,0.621,1.6382,0.345,enriched,2.7112,0.2462,MeningealFibro:-1.09;WhiteMatter:0.05;WhiteMatter:-0.97;DorsalHorn:0.76;VentralHorn:0.67;Ependymal:0.70;MeningealFibro:0.51,Neuronal,consistent
RUBCN,True,DorsalHorn,0.753,0.484,1.2132,0.259,enriched,1.9707,0.397,MeningealFibro:-1.10;WhiteMatter:0.29;WhiteMatter:-0.94;DorsalHorn:0.75;VentralHorn:0.57;Ependymal:0.63;MeningealFibro:0.41,Glial|Neuronal,n/a
MEGF11,True,VentralHorn,0.917,0.172,0.3766,0.085,enriched,0.6383,0.1993,MeningealFibro:-2.81;WhiteMatter:-0.37;WhiteMatter:-1.17;DorsalHorn:0.76;VentralHorn:0.92;Ependymal:0.87;MeningealFibro:0.52,Glial,divergent
